Cache sync 1 at Sun Apr 26 07:45:25 UTC 2026
Cache sync 2 at Sun Apr 26 07:45:25 UTC 2026
Cache sync 3 at Sun Apr 26 07:45:25 UTC 2026
Cache sync 4 at Sun Apr 26 07:45:25 UTC 2026
Cache sync 5 at Sun Apr 26 07:45:25 UTC 2026
Cache sync 6 at Sun Apr 26 07:45:25 UTC 2026
Cache sync 7 at Sun Apr 26 07:45:25 UTC 2026
Cache sync 8 at Sun Apr 26 07:45:25 UTC 2026
Cache sync 9 at Sun Apr 26 07:45:25 UTC 2026
Cache sync 10 at Sun Apr 26 07:45:25 UTC 2026
Cache sync 11 at Sun Apr 26 07:45:25 UTC 2026
Cache sync 12 at Sun Apr 26 07:45:25 UTC 2026
Cache sync 13 at Sun Apr 26 07:45:25 UTC 2026
Cache sync 14 at Sun Apr 26 07:45:25 UTC 2026
Cache sync 15 at Sun Apr 26 07:45:25 UTC 2026
Cache sync 16 at Sun Apr 26 07:45:25 UTC 2026
Cache sync 17 at Sun Apr 26 07:45:25 UTC 2026
Cache sync 18 at Sun Apr 26 07:45:25 UTC 2026
Cache sync 19 at Sun Apr 26 07:45:25 UTC 2026
Cache sync 20 at Sun Apr 26 07:45:25 UTC 2026
Cache sync 21 at Sun Apr 26 07:45:25 UTC 2026
Cache sync 22 at Sun Apr 26 07:45:25 UTC 2026
Cache sync 23 at Sun Apr 26 07:45:25 UTC 2026
Cache sync 24 at Sun Apr 26 07:45:25 UTC 2026
Cache sync 25 at Sun Apr 26 07:45:25 UTC 2026
Cache sync 1 at Sun Apr 26 13:14:53 UTC 2026
Cache sync 2 at Sun Apr 26 13:14:53 UTC 2026
Cache sync 3 at Sun Apr 26 13:14:53 UTC 2026
Cache sync 4 at Sun Apr 26 13:14:53 UTC 2026
Cache sync 5 at Sun Apr 26 13:14:53 UTC 2026
Cache sync 6 at Sun Apr 26 13:14:53 UTC 2026
Cache sync 7 at Sun Apr 26 13:14:53 UTC 2026
Cache sync 8 at Sun Apr 26 13:14:53 UTC 2026
Cache sync 9 at Sun Apr 26 13:14:53 UTC 2026
Cache sync 10 at Sun Apr 26 13:14:53 UTC 2026
Cache sync 11 at Sun Apr 26 13:14:53 UTC 2026
Cache sync 12 at Sun Apr 26 13:14:53 UTC 2026
Cache sync 13 at Sun Apr 26 13:14:53 UTC 2026
Cache sync 14 at Sun Apr 26 13:14:53 UTC 2026
Cache sync 15 at Sun Apr 26 13:14:53 UTC 2026
Cache sync 16 at Sun Apr 26 13:14:53 UTC 2026
Cache sync 17 at Sun Apr 26 13:14:53 UTC 2026
Cache sync 18 at Sun Apr 26 13:14:53 UTC 2026
Cache sync 19 at Sun Apr 26 13:14:54 UTC 2026
Cache sync 20 at Sun Apr 26 13:14:54 UTC 2026
Cache sync 21 at Sun Apr 26 13:14:54 UTC 2026
Cache sync 22 at Sun Apr 26 13:14:54 UTC 2026
Cache sync 23 at Sun Apr 26 13:14:54 UTC 2026
Cache sync 24 at Sun Apr 26 13:14:54 UTC 2026
Cache sync 25 at Sun Apr 26 13:14:54 UTC 2026
Cache sync 26 at Sun Apr 26 13:14:54 UTC 2026
Cache sync 27 at Sun Apr 26 13:14:54 UTC 2026
Cache sync 28 at Sun Apr 26 13:14:54 UTC 2026
Cache sync 29 at Sun Apr 26 13:14:54 UTC 2026
Cache sync 30 at Sun Apr 26 13:14:54 UTC 2026
Cache sync 31 at Sun Apr 26 13:14:54 UTC 2026
Cache sync 32 at Sun Apr 26 13:14:54 UTC 2026
Cache sync 33 at Sun Apr 26 13:14:54 UTC 2026
Cache sync 34 at Sun Apr 26 13:14:54 UTC 2026
Cache sync 35 at Sun Apr 26 13:14:54 UTC 2026
Cache sync 36 at Sun Apr 26 13:14:54 UTC 2026
Cache sync 37 at Sun Apr 26 13:14:54 UTC 2026
Cache sync 38 at Sun Apr 26 13:14:54 UTC 2026
Cache sync 39 at Sun Apr 26 13:14:54 UTC 2026
Cache sync 40 at Sun Apr 26 13:14:54 UTC 2026
Cache sync 41 at Sun Apr 26 13:14:54 UTC 2026
Cache sync 42 at Sun Apr 26 13:14:54 UTC 2026
Cache sync 43 at Sun Apr 26 13:14:54 UTC 2026
Cache sync 44 at Sun Apr 26 13:14:54 UTC 2026
Cache sync 45 at Sun Apr 26 13:14:54 UTC 2026
Cache sync 46 at Sun Apr 26 13:14:54 UTC 2026
Cache sync 47 at Sun Apr 26 13:14:54 UTC 2026
Cache sync 48 at Sun Apr 26 13:14:54 UTC 2026
Cache sync 1 at Sun Apr 26 19:01:21 UTC 2026
Cache sync 2 at Sun Apr 26 19:01:21 UTC 2026
Cache sync 3 at Sun Apr 26 19:01:21 UTC 2026
Cache sync 4 at Sun Apr 26 19:01:21 UTC 2026
Cache sync 1 at Mon Apr 27 03:29:49 UTC 2026
Cache sync 2 at Mon Apr 27 03:29:49 UTC 2026
Cache sync 3 at Mon Apr 27 03:29:49 UTC 2026
Cache sync 4 at Mon Apr 27 03:29:49 UTC 2026
Cache sync 5 at Mon Apr 27 03:29:49 UTC 2026
Cache sync 6 at Mon Apr 27 03:29:49 UTC 2026
Cache sync 7 at Mon Apr 27 03:29:49 UTC 2026
Cache sync 8 at Mon Apr 27 03:29:49 UTC 2026
Cache sync 9 at Mon Apr 27 03:29:49 UTC 2026
Cache sync 10 at Mon Apr 27 03:29:49 UTC 2026
Cache sync 11 at Mon Apr 27 03:29:49 UTC 2026
Cache sync 12 at Mon Apr 27 03:29:49 UTC 2026
Cache sync 13 at Mon Apr 27 03:29:49 UTC 2026
Cache sync 14 at Mon Apr 27 03:29:49 UTC 2026
Cache sync 15 at Mon Apr 27 03:29:49 UTC 2026
Cache sync 16 at Mon Apr 27 03:29:49 UTC 2026
Cache sync 17 at Mon Apr 27 03:29:49 UTC 2026
Cache sync 18 at Mon Apr 27 03:29:49 UTC 2026
Cache sync 19 at Mon Apr 27 03:29:49 UTC 2026
Cache sync 20 at Mon Apr 27 03:29:49 UTC 2026
Cache sync 21 at Mon Apr 27 03:29:49 UTC 2026
Cache sync 22 at Mon Apr 27 03:29:49 UTC 2026
Cache sync 23 at Mon Apr 27 03:29:49 UTC 2026
Cache sync 24 at Mon Apr 27 03:29:49 UTC 2026
Cache sync 25 at Mon Apr 27 03:29:49 UTC 2026
Cache sync 26 at Mon Apr 27 03:29:49 UTC 2026
Cache sync 27 at Mon Apr 27 03:29:49 UTC 2026
Cache sync 28 at Mon Apr 27 03:29:49 UTC 2026
Cache sync 29 at Mon Apr 27 03:29:49 UTC 2026
Cache sync 30 at Mon Apr 27 03:29:49 UTC 2026
Cache sync 31 at Mon Apr 27 03:29:49 UTC 2026
Cache sync 32 at Mon Apr 27 03:29:49 UTC 2026
Cache sync 33 at Mon Apr 27 03:29:49 UTC 2026
Cache sync 34 at Mon Apr 27 03:29:49 UTC 2026
Cache sync 35 at Mon Apr 27 03:29:49 UTC 2026
Cache sync 36 at Mon Apr 27 03:29:49 UTC 2026
Cache sync 37 at Mon Apr 27 03:29:49 UTC 2026
Cache sync 38 at Mon Apr 27 03:29:49 UTC 2026
Cache sync 39 at Mon Apr 27 03:29:49 UTC 2026
Cache sync 40 at Mon Apr 27 03:29:49 UTC 2026
Cache sync 41 at Mon Apr 27 03:29:49 UTC 2026
Cache sync 42 at Mon Apr 27 03:29:49 UTC 2026
Cache sync 1 at Mon Apr 27 08:32:19 UTC 2026
Cache sync 2 at Mon Apr 27 08:32:19 UTC 2026
Cache sync 3 at Mon Apr 27 08:32:19 UTC 2026
Cache sync 4 at Mon Apr 27 08:32:19 UTC 2026
Cache sync 5 at Mon Apr 27 08:32:19 UTC 2026
Cache sync 6 at Mon Apr 27 08:32:19 UTC 2026
Cache sync 7 at Mon Apr 27 08:32:19 UTC 2026
Cache sync 8 at Mon Apr 27 08:32:19 UTC 2026
Cache sync 9 at Mon Apr 27 08:32:19 UTC 2026
Cache sync 10 at Mon Apr 27 08:32:19 UTC 2026
Cache sync 11 at Mon Apr 27 08:32:19 UTC 2026
Cache sync 12 at Mon Apr 27 08:32:19 UTC 2026
Cache sync 1 at Mon Apr 27 14:03:39 UTC 2026
Cache sync 2 at Mon Apr 27 14:03:39 UTC 2026
Cache sync 3 at Mon Apr 27 14:03:39 UTC 2026
Cache sync 4 at Mon Apr 27 14:03:39 UTC 2026
Cache sync 5 at Mon Apr 27 14:03:39 UTC 2026
Cache sync 6 at Mon Apr 27 14:03:39 UTC 2026
Cache sync 7 at Mon Apr 27 14:03:39 UTC 2026
Cache sync 8 at Mon Apr 27 14:03:39 UTC 2026
Cache sync 9 at Mon Apr 27 14:03:39 UTC 2026
Cache sync 10 at Mon Apr 27 14:03:39 UTC 2026
Cache sync 11 at Mon Apr 27 14:03:39 UTC 2026
Cache sync 12 at Mon Apr 27 14:03:39 UTC 2026
Cache sync 13 at Mon Apr 27 14:03:39 UTC 2026
Cache sync 14 at Mon Apr 27 14:03:39 UTC 2026
Cache sync 15 at Mon Apr 27 14:03:39 UTC 2026
Cache sync 16 at Mon Apr 27 14:03:39 UTC 2026
Cache sync 17 at Mon Apr 27 14:03:39 UTC 2026
Cache sync 18 at Mon Apr 27 14:03:39 UTC 2026
Cache sync 19 at Mon Apr 27 14:03:39 UTC 2026
Cache sync 20 at Mon Apr 27 14:03:39 UTC 2026
Cache sync 21 at Mon Apr 27 14:03:39 UTC 2026
Cache sync 22 at Mon Apr 27 14:03:39 UTC 2026
Cache sync 23 at Mon Apr 27 14:03:39 UTC 2026
Cache sync 24 at Mon Apr 27 14:03:39 UTC 2026
Cache sync 25 at Mon Apr 27 14:03:39 UTC 2026
Cache sync 26 at Mon Apr 27 14:03:39 UTC 2026
Cache sync 27 at Mon Apr 27 14:03:39 UTC 2026
Cache sync 28 at Mon Apr 27 14:03:39 UTC 2026
Cache sync 29 at Mon Apr 27 14:03:39 UTC 2026
Cache sync 30 at Mon Apr 27 14:03:39 UTC 2026
Cache sync 31 at Mon Apr 27 14:03:39 UTC 2026
Cache sync 32 at Mon Apr 27 14:03:39 UTC 2026
Cache sync 33 at Mon Apr 27 14:03:39 UTC 2026
Cache sync 34 at Mon Apr 27 14:03:39 UTC 2026
Cache sync 35 at Mon Apr 27 14:03:39 UTC 2026
Cache sync 36 at Mon Apr 27 14:03:39 UTC 2026
Cache sync 37 at Mon Apr 27 14:03:39 UTC 2026
Cache sync 38 at Mon Apr 27 14:03:39 UTC 2026
Cache sync 39 at Mon Apr 27 14:03:39 UTC 2026
Cache sync 40 at Mon Apr 27 14:03:39 UTC 2026
Cache sync 41 at Mon Apr 27 14:03:39 UTC 2026
Cache sync 42 at Mon Apr 27 14:03:39 UTC 2026
Cache sync 43 at Mon Apr 27 14:03:39 UTC 2026
Cache sync 44 at Mon Apr 27 14:03:39 UTC 2026
Cache sync 45 at Mon Apr 27 14:03:39 UTC 2026
Cache sync 46 at Mon Apr 27 14:03:39 UTC 2026
Cache sync 47 at Mon Apr 27 14:03:39 UTC 2026
Cache sync 48 at Mon Apr 27 14:03:39 UTC 2026
Cache sync 49 at Mon Apr 27 14:03:39 UTC 2026
Cache sync 50 at Mon Apr 27 14:03:39 UTC 2026
Cache sync 51 at Mon Apr 27 14:03:39 UTC 2026
Cache sync 52 at Mon Apr 27 14:03:39 UTC 2026
Cache sync 53 at Mon Apr 27 14:03:39 UTC 2026
Cache sync 54 at Mon Apr 27 14:03:39 UTC 2026
Cache sync 55 at Mon Apr 27 14:03:39 UTC 2026
Cache sync 56 at Mon Apr 27 14:03:39 UTC 2026
Cache sync 57 at Mon Apr 27 14:03:39 UTC 2026
Cache sync 58 at Mon Apr 27 14:03:39 UTC 2026
Cache sync 59 at Mon Apr 27 14:03:39 UTC 2026
Cache sync 60 at Mon Apr 27 14:03:39 UTC 2026
Cache sync 61 at Mon Apr 27 14:03:39 UTC 2026
Cache sync 62 at Mon Apr 27 14:03:39 UTC 2026
Cache sync 63 at Mon Apr 27 14:03:39 UTC 2026
Cache sync 64 at Mon Apr 27 14:03:39 UTC 2026
Cache sync 65 at Mon Apr 27 14:03:39 UTC 2026
Cache sync 66 at Mon Apr 27 14:03:39 UTC 2026
Cache sync 67 at Mon Apr 27 14:03:39 UTC 2026
Cache sync 68 at Mon Apr 27 14:03:39 UTC 2026
Cache sync 69 at Mon Apr 27 14:03:39 UTC 2026
Cache sync 70 at Mon Apr 27 14:03:39 UTC 2026
Cache sync 71 at Mon Apr 27 14:03:39 UTC 2026
Cache sync 72 at Mon Apr 27 14:03:39 UTC 2026
Cache sync 73 at Mon Apr 27 14:03:39 UTC 2026
Cache sync 74 at Mon Apr 27 14:03:39 UTC 2026
Cache sync 75 at Mon Apr 27 14:03:39 UTC 2026
Cache sync 76 at Mon Apr 27 14:03:39 UTC 2026
Cache sync 77 at Mon Apr 27 14:03:39 UTC 2026
Cache sync 78 at Mon Apr 27 14:03:39 UTC 2026
Cache sync 1 at Mon Apr 27 19:39:15 UTC 2026
Cache sync 2 at Mon Apr 27 19:39:15 UTC 2026
Cache sync 3 at Mon Apr 27 19:39:15 UTC 2026
Cache sync 4 at Mon Apr 27 19:39:15 UTC 2026
Cache sync 5 at Mon Apr 27 19:39:15 UTC 2026
Cache sync 6 at Mon Apr 27 19:39:15 UTC 2026
Cache sync 7 at Mon Apr 27 19:39:15 UTC 2026
Cache sync 8 at Mon Apr 27 19:39:15 UTC 2026
Cache sync 9 at Mon Apr 27 19:39:15 UTC 2026
Cache sync 10 at Mon Apr 27 19:39:15 UTC 2026
Cache sync 11 at Mon Apr 27 19:39:15 UTC 2026
Cache sync 12 at Mon Apr 27 19:39:15 UTC 2026
Cache sync 13 at Mon Apr 27 19:39:15 UTC 2026
Cache sync 14 at Mon Apr 27 19:39:15 UTC 2026
Cache sync 15 at Mon Apr 27 19:39:15 UTC 2026
Cache sync 16 at Mon Apr 27 19:39:15 UTC 2026
Cache sync 17 at Mon Apr 27 19:39:15 UTC 2026
Cache sync 18 at Mon Apr 27 19:39:15 UTC 2026
Cache sync 19 at Mon Apr 27 19:39:15 UTC 2026
Cache sync 1 at Tue Apr 28 03:35:02 UTC 2026
Cache sync 2 at Tue Apr 28 03:35:02 UTC 2026
Cache sync 3 at Tue Apr 28 03:35:02 UTC 2026
Cache sync 4 at Tue Apr 28 03:35:02 UTC 2026
Cache sync 5 at Tue Apr 28 03:35:02 UTC 2026
Cache sync 6 at Tue Apr 28 03:35:02 UTC 2026
Cache sync 7 at Tue Apr 28 03:35:02 UTC 2026
Cache sync 8 at Tue Apr 28 03:35:02 UTC 2026
Cache sync 9 at Tue Apr 28 03:35:02 UTC 2026
Cache sync 10 at Tue Apr 28 03:35:02 UTC 2026
Cache sync 1 at Tue Apr 28 08:31:04 UTC 2026
Cache sync 2 at Tue Apr 28 08:31:04 UTC 2026
Cache sync 3 at Tue Apr 28 08:31:04 UTC 2026
Cache sync 4 at Tue Apr 28 08:31:04 UTC 2026
Cache sync 5 at Tue Apr 28 08:31:04 UTC 2026
Cache sync 6 at Tue Apr 28 08:31:04 UTC 2026
Cache sync 7 at Tue Apr 28 08:31:05 UTC 2026
Cache sync 8 at Tue Apr 28 08:31:05 UTC 2026
Cache sync 9 at Tue Apr 28 08:31:05 UTC 2026
Cache sync 10 at Tue Apr 28 08:31:05 UTC 2026
Cache sync 11 at Tue Apr 28 08:31:05 UTC 2026
Cache sync 12 at Tue Apr 28 08:31:05 UTC 2026
Cache sync 13 at Tue Apr 28 08:31:05 UTC 2026
Cache sync 14 at Tue Apr 28 08:31:05 UTC 2026
Cache sync 15 at Tue Apr 28 08:31:05 UTC 2026
Cache sync 16 at Tue Apr 28 08:31:05 UTC 2026
Cache sync 17 at Tue Apr 28 08:31:05 UTC 2026
Cache sync 18 at Tue Apr 28 08:31:05 UTC 2026
Cache sync 19 at Tue Apr 28 08:31:05 UTC 2026
Cache sync 20 at Tue Apr 28 08:31:05 UTC 2026
Cache sync 21 at Tue Apr 28 08:31:05 UTC 2026
Cache sync 22 at Tue Apr 28 08:31:05 UTC 2026
Cache sync 23 at Tue Apr 28 08:31:05 UTC 2026
Cache sync 24 at Tue Apr 28 08:31:05 UTC 2026
Cache sync 25 at Tue Apr 28 08:31:05 UTC 2026
Cache sync 26 at Tue Apr 28 08:31:05 UTC 2026
Cache sync 27 at Tue Apr 28 08:31:05 UTC 2026
Cache sync 28 at Tue Apr 28 08:31:05 UTC 2026
Cache sync 29 at Tue Apr 28 08:31:05 UTC 2026
Cache sync 30 at Tue Apr 28 08:31:05 UTC 2026
Cache sync 31 at Tue Apr 28 08:31:05 UTC 2026
Cache sync 32 at Tue Apr 28 08:31:05 UTC 2026
Cache sync 33 at Tue Apr 28 08:31:05 UTC 2026
Cache sync 34 at Tue Apr 28 08:31:05 UTC 2026
Cache sync 35 at Tue Apr 28 08:31:05 UTC 2026
Cache sync 36 at Tue Apr 28 08:31:05 UTC 2026
Cache sync 37 at Tue Apr 28 08:31:05 UTC 2026
Cache sync 38 at Tue Apr 28 08:31:05 UTC 2026
Cache sync 39 at Tue Apr 28 08:31:05 UTC 2026
Cache sync 40 at Tue Apr 28 08:31:05 UTC 2026
Cache sync 41 at Tue Apr 28 08:31:05 UTC 2026
Cache sync 42 at Tue Apr 28 08:31:05 UTC 2026
Cache sync 43 at Tue Apr 28 08:31:05 UTC 2026
Cache sync 44 at Tue Apr 28 08:31:05 UTC 2026
Cache sync 45 at Tue Apr 28 08:31:05 UTC 2026
Cache sync 46 at Tue Apr 28 08:31:05 UTC 2026
Cache sync 47 at Tue Apr 28 08:31:05 UTC 2026
Cache sync 48 at Tue Apr 28 08:31:05 UTC 2026
Cache sync 49 at Tue Apr 28 08:31:05 UTC 2026
Cache sync 50 at Tue Apr 28 08:31:05 UTC 2026
Cache sync 51 at Tue Apr 28 08:31:05 UTC 2026
Cache sync 52 at Tue Apr 28 08:31:05 UTC 2026
Cache sync 53 at Tue Apr 28 08:31:05 UTC 2026
Cache sync 54 at Tue Apr 28 08:31:05 UTC 2026
Cache sync 55 at Tue Apr 28 08:31:05 UTC 2026
Cache sync 56 at Tue Apr 28 08:31:05 UTC 2026
Cache sync 57 at Tue Apr 28 08:31:05 UTC 2026
Cache sync 58 at Tue Apr 28 08:31:05 UTC 2026
Cache sync 59 at Tue Apr 28 08:31:05 UTC 2026
Cache sync 60 at Tue Apr 28 08:31:05 UTC 2026
Cache sync 61 at Tue Apr 28 08:31:05 UTC 2026
Cache sync 62 at Tue Apr 28 08:31:05 UTC 2026
Cache sync 63 at Tue Apr 28 08:31:05 UTC 2026
Cache sync 64 at Tue Apr 28 08:31:05 UTC 2026
Cache sync 65 at Tue Apr 28 08:31:05 UTC 2026
Cache sync 66 at Tue Apr 28 08:31:05 UTC 2026
Cache sync 67 at Tue Apr 28 08:31:05 UTC 2026
Cache sync 68 at Tue Apr 28 08:31:05 UTC 2026
Cache sync 69 at Tue Apr 28 08:31:05 UTC 2026
Cache sync 70 at Tue Apr 28 08:31:05 UTC 2026
Cache sync 71 at Tue Apr 28 08:31:05 UTC 2026
Cache sync 72 at Tue Apr 28 08:31:05 UTC 2026
Cache sync 73 at Tue Apr 28 08:31:05 UTC 2026
Cache sync 74 at Tue Apr 28 08:31:05 UTC 2026
Cache sync 1 at Tue Apr 28 14:21:57 UTC 2026
Cache sync 2 at Tue Apr 28 14:21:57 UTC 2026
Cache sync 3 at Tue Apr 28 14:21:57 UTC 2026
Cache sync 4 at Tue Apr 28 14:21:57 UTC 2026
Cache sync 5 at Tue Apr 28 14:21:57 UTC 2026
Cache sync 6 at Tue Apr 28 14:21:57 UTC 2026
Cache sync 7 at Tue Apr 28 14:21:57 UTC 2026
Cache sync 8 at Tue Apr 28 14:21:57 UTC 2026
Cache sync 9 at Tue Apr 28 14:21:57 UTC 2026
Cache sync 10 at Tue Apr 28 14:21:57 UTC 2026
Cache sync 11 at Tue Apr 28 14:21:57 UTC 2026
Cache sync 12 at Tue Apr 28 14:21:57 UTC 2026
Cache sync 13 at Tue Apr 28 14:21:57 UTC 2026
Cache sync 14 at Tue Apr 28 14:21:57 UTC 2026
Cache sync 1 at Wed Apr 29 03:33:31 UTC 2026
Cache sync 2 at Wed Apr 29 03:33:31 UTC 2026
Cache sync 3 at Wed Apr 29 03:33:31 UTC 2026
Cache sync 4 at Wed Apr 29 03:33:31 UTC 2026
Cache sync 5 at Wed Apr 29 03:33:31 UTC 2026
Cache sync 6 at Wed Apr 29 03:33:31 UTC 2026
Cache sync 7 at Wed Apr 29 03:33:31 UTC 2026
Cache sync 8 at Wed Apr 29 03:33:31 UTC 2026
Cache sync 9 at Wed Apr 29 03:33:31 UTC 2026
Cache sync 10 at Wed Apr 29 03:33:31 UTC 2026
Cache sync 11 at Wed Apr 29 03:33:31 UTC 2026
Cache sync 12 at Wed Apr 29 03:33:31 UTC 2026
Cache sync 13 at Wed Apr 29 03:33:31 UTC 2026
Cache sync 14 at Wed Apr 29 03:33:31 UTC 2026
Cache sync 15 at Wed Apr 29 03:33:31 UTC 2026
Cache sync 16 at Wed Apr 29 03:33:31 UTC 2026
Cache sync 17 at Wed Apr 29 03:33:31 UTC 2026
Cache sync 18 at Wed Apr 29 03:33:31 UTC 2026
Cache sync 19 at Wed Apr 29 03:33:31 UTC 2026
Cache sync 20 at Wed Apr 29 03:33:31 UTC 2026
Cache sync 21 at Wed Apr 29 03:33:31 UTC 2026
Cache sync 22 at Wed Apr 29 03:33:31 UTC 2026
Cache sync 23 at Wed Apr 29 03:33:31 UTC 2026
Cache sync 24 at Wed Apr 29 03:33:31 UTC 2026
Cache sync 25 at Wed Apr 29 03:33:31 UTC 2026
Cache sync 26 at Wed Apr 29 03:33:31 UTC 2026
Cache sync 27 at Wed Apr 29 03:33:31 UTC 2026
Cache sync 28 at Wed Apr 29 03:33:31 UTC 2026
Cache sync 29 at Wed Apr 29 03:33:31 UTC 2026
Cache sync 30 at Wed Apr 29 03:33:31 UTC 2026
Cache sync 31 at Wed Apr 29 03:33:31 UTC 2026
Cache sync 32 at Wed Apr 29 03:33:31 UTC 2026
Cache sync 33 at Wed Apr 29 03:33:31 UTC 2026
Cache sync 34 at Wed Apr 29 03:33:32 UTC 2026
Cache sync 35 at Wed Apr 29 03:33:32 UTC 2026
Cache sync 36 at Wed Apr 29 03:33:32 UTC 2026
Cache sync 37 at Wed Apr 29 03:33:32 UTC 2026
Cache sync 38 at Wed Apr 29 03:33:32 UTC 2026
Cache sync 39 at Wed Apr 29 03:33:32 UTC 2026
Cache sync 40 at Wed Apr 29 03:33:32 UTC 2026
Cache sync 41 at Wed Apr 29 03:33:32 UTC 2026
Cache sync 42 at Wed Apr 29 03:33:32 UTC 2026
Cache sync 43 at Wed Apr 29 03:33:32 UTC 2026
Cache sync 44 at Wed Apr 29 03:33:32 UTC 2026
Cache sync 45 at Wed Apr 29 03:33:32 UTC 2026
Cache sync 46 at Wed Apr 29 03:33:32 UTC 2026
Cache sync 47 at Wed Apr 29 03:33:32 UTC 2026
Cache sync 48 at Wed Apr 29 03:33:32 UTC 2026
Cache sync 49 at Wed Apr 29 03:33:32 UTC 2026
Cache sync 50 at Wed Apr 29 03:33:32 UTC 2026
Cache sync 51 at Wed Apr 29 03:33:32 UTC 2026
Cache sync 52 at Wed Apr 29 03:33:32 UTC 2026
Cache sync 53 at Wed Apr 29 03:33:32 UTC 2026
Cache sync 54 at Wed Apr 29 03:33:32 UTC 2026
Cache sync 55 at Wed Apr 29 03:33:32 UTC 2026
Cache sync 56 at Wed Apr 29 03:33:32 UTC 2026
Cache sync 57 at Wed Apr 29 03:33:32 UTC 2026
Cache sync 58 at Wed Apr 29 03:33:32 UTC 2026
Cache sync 59 at Wed Apr 29 03:33:32 UTC 2026
Cache sync 60 at Wed Apr 29 03:33:32 UTC 2026
Cache sync 61 at Wed Apr 29 03:33:32 UTC 2026
Cache sync 62 at Wed Apr 29 03:33:32 UTC 2026
Cache sync 63 at Wed Apr 29 03:33:32 UTC 2026
Cache sync 64 at Wed Apr 29 03:33:32 UTC 2026
Cache sync 65 at Wed Apr 29 03:33:32 UTC 2026
Cache sync 66 at Wed Apr 29 03:33:32 UTC 2026
Cache sync 67 at Wed Apr 29 03:33:32 UTC 2026
Cache sync 68 at Wed Apr 29 03:33:32 UTC 2026
Cache sync 69 at Wed Apr 29 03:33:32 UTC 2026
Cache sync 70 at Wed Apr 29 03:33:32 UTC 2026
Cache sync 71 at Wed Apr 29 03:33:32 UTC 2026
Cache sync 72 at Wed Apr 29 03:33:32 UTC 2026
Cache sync 73 at Wed Apr 29 03:33:32 UTC 2026
Cache sync 74 at Wed Apr 29 03:33:32 UTC 2026
Cache sync 75 at Wed Apr 29 03:33:32 UTC 2026
Cache sync 76 at Wed Apr 29 03:33:32 UTC 2026
Cache sync 77 at Wed Apr 29 03:33:32 UTC 2026
Cache sync 78 at Wed Apr 29 03:33:32 UTC 2026
Cache sync 79 at Wed Apr 29 03:33:32 UTC 2026
Cache sync 80 at Wed Apr 29 03:33:32 UTC 2026
Cache sync 81 at Wed Apr 29 03:33:32 UTC 2026
Cache sync 1 at Wed Apr 29 08:24:50 UTC 2026
Cache sync 2 at Wed Apr 29 08:24:50 UTC 2026
Cache sync 3 at Wed Apr 29 08:24:50 UTC 2026
Cache sync 4 at Wed Apr 29 08:24:50 UTC 2026
Cache sync 5 at Wed Apr 29 08:24:50 UTC 2026
Cache sync 6 at Wed Apr 29 08:24:50 UTC 2026
Cache sync 7 at Wed Apr 29 08:24:50 UTC 2026
Cache sync 8 at Wed Apr 29 08:24:50 UTC 2026
Cache sync 9 at Wed Apr 29 08:24:50 UTC 2026
Cache sync 10 at Wed Apr 29 08:24:50 UTC 2026
Cache sync 11 at Wed Apr 29 08:24:50 UTC 2026
Cache sync 12 at Wed Apr 29 08:24:50 UTC 2026
Cache sync 13 at Wed Apr 29 08:24:50 UTC 2026
Cache sync 14 at Wed Apr 29 08:24:50 UTC 2026
Cache sync 15 at Wed Apr 29 08:24:50 UTC 2026
Cache sync 16 at Wed Apr 29 08:24:50 UTC 2026
Cache sync 17 at Wed Apr 29 08:24:50 UTC 2026
Cache sync 18 at Wed Apr 29 08:24:50 UTC 2026
Cache sync 19 at Wed Apr 29 08:24:50 UTC 2026
Cache sync 20 at Wed Apr 29 08:24:50 UTC 2026
Cache sync 21 at Wed Apr 29 08:24:50 UTC 2026
Cache sync 22 at Wed Apr 29 08:24:50 UTC 2026
Cache sync 23 at Wed Apr 29 08:24:50 UTC 2026
Cache sync 24 at Wed Apr 29 08:24:50 UTC 2026
Cache sync 25 at Wed Apr 29 08:24:50 UTC 2026
Cache sync 26 at Wed Apr 29 08:24:50 UTC 2026
Cache sync 27 at Wed Apr 29 08:24:50 UTC 2026
Cache sync 28 at Wed Apr 29 08:24:50 UTC 2026
Cache sync 29 at Wed Apr 29 08:24:50 UTC 2026
Cache sync 30 at Wed Apr 29 08:24:50 UTC 2026
Cache sync 31 at Wed Apr 29 08:24:50 UTC 2026
Cache sync 32 at Wed Apr 29 08:24:50 UTC 2026
Cache sync 33 at Wed Apr 29 08:24:50 UTC 2026
Cache sync 34 at Wed Apr 29 08:24:50 UTC 2026
Cache sync 35 at Wed Apr 29 08:24:50 UTC 2026
Cache sync 1 at Wed Apr 29 14:07:55 UTC 2026
Cache sync 2 at Wed Apr 29 14:07:55 UTC 2026
Cache sync 3 at Wed Apr 29 14:07:55 UTC 2026
Cache sync 4 at Wed Apr 29 14:07:55 UTC 2026
Cache sync 5 at Wed Apr 29 14:07:55 UTC 2026
Cache sync 6 at Wed Apr 29 14:07:55 UTC 2026
Cache sync 7 at Wed Apr 29 14:07:55 UTC 2026
Cache sync 8 at Wed Apr 29 14:07:55 UTC 2026
Cache sync 9 at Wed Apr 29 14:07:55 UTC 2026
Cache sync 10 at Wed Apr 29 14:07:55 UTC 2026
Cache sync 11 at Wed Apr 29 14:07:55 UTC 2026
Cache sync 12 at Wed Apr 29 14:07:55 UTC 2026
Cache sync 13 at Wed Apr 29 14:07:55 UTC 2026
Cache sync 1 at Wed Apr 29 19:42:26 UTC 2026
Cache sync 1 at Thu Apr 30 03:34:29 UTC 2026
Cache sync 2 at Thu Apr 30 03:34:29 UTC 2026
Cache sync 3 at Thu Apr 30 03:34:29 UTC 2026
Cache sync 4 at Thu Apr 30 03:34:29 UTC 2026
Cache sync 5 at Thu Apr 30 03:34:29 UTC 2026
Cache sync 6 at Thu Apr 30 03:34:29 UTC 2026
Cache sync 7 at Thu Apr 30 03:34:29 UTC 2026
Cache sync 8 at Thu Apr 30 03:34:29 UTC 2026
Cache sync 9 at Thu Apr 30 03:34:29 UTC 2026
Cache sync 10 at Thu Apr 30 03:34:29 UTC 2026
Cache sync 11 at Thu Apr 30 03:34:29 UTC 2026
Cache sync 12 at Thu Apr 30 03:34:29 UTC 2026
Cache sync 13 at Thu Apr 30 03:34:29 UTC 2026
Cache sync 14 at Thu Apr 30 03:34:29 UTC 2026
Cache sync 15 at Thu Apr 30 03:34:29 UTC 2026
Cache sync 16 at Thu Apr 30 03:34:29 UTC 2026
Cache sync 17 at Thu Apr 30 03:34:29 UTC 2026
Cache sync 18 at Thu Apr 30 03:34:29 UTC 2026
Cache sync 19 at Thu Apr 30 03:34:29 UTC 2026
Cache sync 20 at Thu Apr 30 03:34:29 UTC 2026
Cache sync 21 at Thu Apr 30 03:34:29 UTC 2026
Cache sync 22 at Thu Apr 30 03:34:29 UTC 2026
Cache sync 23 at Thu Apr 30 03:34:29 UTC 2026
Cache sync 24 at Thu Apr 30 03:34:29 UTC 2026
Cache sync 25 at Thu Apr 30 03:34:29 UTC 2026
Cache sync 26 at Thu Apr 30 03:34:29 UTC 2026
Cache sync 27 at Thu Apr 30 03:34:29 UTC 2026
Cache sync 28 at Thu Apr 30 03:34:29 UTC 2026
Cache sync 29 at Thu Apr 30 03:34:29 UTC 2026
Cache sync 30 at Thu Apr 30 03:34:29 UTC 2026
Cache sync 31 at Thu Apr 30 03:34:29 UTC 2026
Cache sync 32 at Thu Apr 30 03:34:29 UTC 2026
Cache sync 33 at Thu Apr 30 03:34:30 UTC 2026
Cache sync 34 at Thu Apr 30 03:34:30 UTC 2026
Cache sync 35 at Thu Apr 30 03:34:30 UTC 2026
Cache sync 36 at Thu Apr 30 03:34:30 UTC 2026
Cache sync 37 at Thu Apr 30 03:34:30 UTC 2026
Cache sync 38 at Thu Apr 30 03:34:30 UTC 2026
Cache sync 39 at Thu Apr 30 03:34:30 UTC 2026
Cache sync 40 at Thu Apr 30 03:34:30 UTC 2026
Cache sync 41 at Thu Apr 30 03:34:30 UTC 2026
Cache sync 42 at Thu Apr 30 03:34:30 UTC 2026
Cache sync 43 at Thu Apr 30 03:34:30 UTC 2026
Cache sync 44 at Thu Apr 30 03:34:30 UTC 2026
Cache sync 45 at Thu Apr 30 03:34:30 UTC 2026
Cache sync 46 at Thu Apr 30 03:34:30 UTC 2026
Cache sync 47 at Thu Apr 30 03:34:30 UTC 2026
Cache sync 48 at Thu Apr 30 03:34:30 UTC 2026
Cache sync 49 at Thu Apr 30 03:34:30 UTC 2026
Cache sync 50 at Thu Apr 30 03:34:30 UTC 2026
Cache sync 51 at Thu Apr 30 03:34:30 UTC 2026
Cache sync 52 at Thu Apr 30 03:34:30 UTC 2026
Cache sync 53 at Thu Apr 30 03:34:30 UTC 2026
Cache sync 54 at Thu Apr 30 03:34:30 UTC 2026
Cache sync 55 at Thu Apr 30 03:34:30 UTC 2026
Cache sync 56 at Thu Apr 30 03:34:30 UTC 2026
Cache sync 57 at Thu Apr 30 03:34:30 UTC 2026
Cache sync 58 at Thu Apr 30 03:34:30 UTC 2026
Cache sync 59 at Thu Apr 30 03:34:30 UTC 2026
Cache sync 60 at Thu Apr 30 03:34:30 UTC 2026
Cache sync 61 at Thu Apr 30 03:34:30 UTC 2026
Cache sync 62 at Thu Apr 30 03:34:30 UTC 2026
Cache sync 63 at Thu Apr 30 03:34:30 UTC 2026
Cache sync 1 at Thu Apr 30 08:27:44 UTC 2026
Cache sync 2 at Thu Apr 30 08:27:44 UTC 2026
Cache sync 3 at Thu Apr 30 08:27:44 UTC 2026
Cache sync 4 at Thu Apr 30 08:27:44 UTC 2026
Cache sync 5 at Thu Apr 30 08:27:44 UTC 2026
Cache sync 6 at Thu Apr 30 08:27:44 UTC 2026
Cache sync 7 at Thu Apr 30 08:27:44 UTC 2026
Cache sync 8 at Thu Apr 30 08:27:44 UTC 2026
Cache sync 9 at Thu Apr 30 08:27:44 UTC 2026
Cache sync 10 at Thu Apr 30 08:27:44 UTC 2026
Cache sync 11 at Thu Apr 30 08:27:44 UTC 2026
Cache sync 12 at Thu Apr 30 08:27:44 UTC 2026
Cache sync 13 at Thu Apr 30 08:27:44 UTC 2026
Cache sync 14 at Thu Apr 30 08:27:44 UTC 2026
Cache sync 15 at Thu Apr 30 08:27:44 UTC 2026
Cache sync 16 at Thu Apr 30 08:27:44 UTC 2026
Cache sync 17 at Thu Apr 30 08:27:44 UTC 2026
Cache sync 18 at Thu Apr 30 08:27:44 UTC 2026
Cache sync 19 at Thu Apr 30 08:27:44 UTC 2026
Cache sync 20 at Thu Apr 30 08:27:44 UTC 2026
Cache sync 21 at Thu Apr 30 08:27:44 UTC 2026
Cache sync 22 at Thu Apr 30 08:27:44 UTC 2026
Cache sync 23 at Thu Apr 30 08:27:44 UTC 2026
Cache sync 24 at Thu Apr 30 08:27:44 UTC 2026
Cache sync 25 at Thu Apr 30 08:27:44 UTC 2026
Cache sync 26 at Thu Apr 30 08:27:44 UTC 2026
Cache sync 27 at Thu Apr 30 08:27:44 UTC 2026
Cache sync 1 at Thu Apr 30 14:06:16 UTC 2026
Cache sync 2 at Thu Apr 30 14:06:16 UTC 2026
Cache sync 3 at Thu Apr 30 14:06:16 UTC 2026
Cache sync 4 at Thu Apr 30 14:06:16 UTC 2026
Cache sync 5 at Thu Apr 30 14:06:16 UTC 2026
Cache sync 6 at Thu Apr 30 14:06:16 UTC 2026
Cache sync 7 at Thu Apr 30 14:06:16 UTC 2026
Cache sync 8 at Thu Apr 30 14:06:16 UTC 2026
Cache sync 9 at Thu Apr 30 14:06:16 UTC 2026
Cache sync 10 at Thu Apr 30 14:06:16 UTC 2026
Cache sync 11 at Thu Apr 30 14:06:16 UTC 2026
Cache sync 12 at Thu Apr 30 14:06:16 UTC 2026
Cache sync 13 at Thu Apr 30 14:06:16 UTC 2026
Cache sync 14 at Thu Apr 30 14:06:17 UTC 2026
Cache sync 15 at Thu Apr 30 14:06:17 UTC 2026
Cache sync 16 at Thu Apr 30 14:06:17 UTC 2026
Cache sync 17 at Thu Apr 30 14:06:17 UTC 2026
Cache sync 18 at Thu Apr 30 14:06:17 UTC 2026
Cache sync 19 at Thu Apr 30 14:06:17 UTC 2026
Cache sync 20 at Thu Apr 30 14:06:17 UTC 2026
Cache sync 21 at Thu Apr 30 14:06:17 UTC 2026
Cache sync 22 at Thu Apr 30 14:06:17 UTC 2026
Cache sync 23 at Thu Apr 30 14:06:17 UTC 2026
Cache sync 24 at Thu Apr 30 14:06:17 UTC 2026
Cache sync 25 at Thu Apr 30 14:06:17 UTC 2026
Cache sync 26 at Thu Apr 30 14:06:17 UTC 2026
Cache sync 27 at Thu Apr 30 14:06:17 UTC 2026
Cache sync 28 at Thu Apr 30 14:06:17 UTC 2026
Cache sync 29 at Thu Apr 30 14:06:17 UTC 2026
Cache sync 30 at Thu Apr 30 14:06:17 UTC 2026
Cache sync 31 at Thu Apr 30 14:06:17 UTC 2026
Cache sync 32 at Thu Apr 30 14:06:17 UTC 2026
Cache sync 33 at Thu Apr 30 14:06:17 UTC 2026
Cache sync 34 at Thu Apr 30 14:06:17 UTC 2026
Cache sync 35 at Thu Apr 30 14:06:17 UTC 2026
Cache sync 36 at Thu Apr 30 14:06:17 UTC 2026
Cache sync 37 at Thu Apr 30 14:06:17 UTC 2026
Cache sync 38 at Thu Apr 30 14:06:17 UTC 2026
Cache sync 39 at Thu Apr 30 14:06:17 UTC 2026
Cache sync 40 at Thu Apr 30 14:06:17 UTC 2026
Cache sync 41 at Thu Apr 30 14:06:17 UTC 2026
Cache sync 42 at Thu Apr 30 14:06:17 UTC 2026
Cache sync 43 at Thu Apr 30 14:06:17 UTC 2026
Cache sync 44 at Thu Apr 30 14:06:17 UTC 2026
Cache sync 45 at Thu Apr 30 14:06:17 UTC 2026
Cache sync 46 at Thu Apr 30 14:06:17 UTC 2026
Cache sync 47 at Thu Apr 30 14:06:17 UTC 2026
Cache sync 48 at Thu Apr 30 14:06:17 UTC 2026
Cache sync 49 at Thu Apr 30 14:06:17 UTC 2026
Cache sync 50 at Thu Apr 30 14:06:17 UTC 2026
Cache sync 51 at Thu Apr 30 14:06:17 UTC 2026
Cache sync 52 at Thu Apr 30 14:06:17 UTC 2026
Cache sync 53 at Thu Apr 30 14:06:17 UTC 2026
Cache sync 54 at Thu Apr 30 14:06:17 UTC 2026
Cache sync 55 at Thu Apr 30 14:06:17 UTC 2026
Cache sync 56 at Thu Apr 30 14:06:17 UTC 2026
Cache sync 57 at Thu Apr 30 14:06:17 UTC 2026
Cache sync 58 at Thu Apr 30 14:06:17 UTC 2026
Cache sync 59 at Thu Apr 30 14:06:17 UTC 2026
Cache sync 60 at Thu Apr 30 14:06:17 UTC 2026
Cache sync 1 at Fri May  1 03:45:17 UTC 2026
Cache sync 2 at Fri May  1 03:45:17 UTC 2026
Cache sync 3 at Fri May  1 03:45:17 UTC 2026
Cache sync 4 at Fri May  1 03:45:17 UTC 2026
Cache sync 5 at Fri May  1 03:45:17 UTC 2026
Cache sync 6 at Fri May  1 03:45:17 UTC 2026
Cache sync 7 at Fri May  1 03:45:17 UTC 2026
Cache sync 8 at Fri May  1 03:45:17 UTC 2026
Cache sync 9 at Fri May  1 03:45:17 UTC 2026
Cache sync 10 at Fri May  1 03:45:17 UTC 2026
Cache sync 11 at Fri May  1 03:45:17 UTC 2026
Cache sync 12 at Fri May  1 03:45:17 UTC 2026
Cache sync 13 at Fri May  1 03:45:17 UTC 2026
Cache sync 14 at Fri May  1 03:45:17 UTC 2026
Cache sync 15 at Fri May  1 03:45:17 UTC 2026
Cache sync 16 at Fri May  1 03:45:17 UTC 2026
Cache sync 17 at Fri May  1 03:45:17 UTC 2026
Cache sync 18 at Fri May  1 03:45:17 UTC 2026
Cache sync 19 at Fri May  1 03:45:17 UTC 2026
Cache sync 20 at Fri May  1 03:45:17 UTC 2026
Cache sync 21 at Fri May  1 03:45:17 UTC 2026
Cache sync 22 at Fri May  1 03:45:17 UTC 2026
Cache sync 23 at Fri May  1 03:45:17 UTC 2026
Cache sync 24 at Fri May  1 03:45:17 UTC 2026
Cache sync 25 at Fri May  1 03:45:17 UTC 2026
Cache sync 26 at Fri May  1 03:45:17 UTC 2026
Cache sync 27 at Fri May  1 03:45:17 UTC 2026
Cache sync 28 at Fri May  1 03:45:17 UTC 2026
Cache sync 29 at Fri May  1 03:45:17 UTC 2026
Cache sync 30 at Fri May  1 03:45:17 UTC 2026
Cache sync 31 at Fri May  1 03:45:17 UTC 2026
Cache sync 32 at Fri May  1 03:45:17 UTC 2026
Cache sync 33 at Fri May  1 03:45:17 UTC 2026
Cache sync 34 at Fri May  1 03:45:17 UTC 2026
Cache sync 35 at Fri May  1 03:45:17 UTC 2026
Cache sync 36 at Fri May  1 03:45:17 UTC 2026
Cache sync 37 at Fri May  1 03:45:17 UTC 2026
Cache sync 38 at Fri May  1 03:45:17 UTC 2026
Cache sync 39 at Fri May  1 03:45:17 UTC 2026
Cache sync 40 at Fri May  1 03:45:17 UTC 2026
Cache sync 41 at Fri May  1 03:45:17 UTC 2026
Cache sync 42 at Fri May  1 03:45:17 UTC 2026
Cache sync 43 at Fri May  1 03:45:17 UTC 2026
Cache sync 44 at Fri May  1 03:45:17 UTC 2026
Cache sync 45 at Fri May  1 03:45:17 UTC 2026
Cache sync 46 at Fri May  1 03:45:17 UTC 2026
Cache sync 47 at Fri May  1 03:45:17 UTC 2026
Cache sync 48 at Fri May  1 03:45:17 UTC 2026
Cache sync 49 at Fri May  1 03:45:17 UTC 2026
Cache sync 50 at Fri May  1 03:45:17 UTC 2026
Cache sync 51 at Fri May  1 03:45:17 UTC 2026
Cache sync 52 at Fri May  1 03:45:17 UTC 2026
Cache sync 53 at Fri May  1 03:45:17 UTC 2026
Cache sync 54 at Fri May  1 03:45:17 UTC 2026
Cache sync 55 at Fri May  1 03:45:17 UTC 2026
Cache sync 56 at Fri May  1 03:45:17 UTC 2026
Cache sync 57 at Fri May  1 03:45:17 UTC 2026
Cache sync 1 at Fri May  1 08:18:05 UTC 2026
Cache sync 2 at Fri May  1 08:18:05 UTC 2026
Cache sync 3 at Fri May  1 08:18:05 UTC 2026
Cache sync 4 at Fri May  1 08:18:05 UTC 2026
Cache sync 5 at Fri May  1 08:18:05 UTC 2026
Cache sync 6 at Fri May  1 08:18:05 UTC 2026
Cache sync 7 at Fri May  1 08:18:05 UTC 2026
Cache sync 8 at Fri May  1 08:18:05 UTC 2026
Cache sync 9 at Fri May  1 08:18:05 UTC 2026
Cache sync 10 at Fri May  1 08:18:05 UTC 2026
Cache sync 11 at Fri May  1 08:18:05 UTC 2026
Cache sync 12 at Fri May  1 08:18:05 UTC 2026
Cache sync 13 at Fri May  1 08:18:05 UTC 2026
Cache sync 14 at Fri May  1 08:18:05 UTC 2026
Cache sync 15 at Fri May  1 08:18:05 UTC 2026
Cache sync 16 at Fri May  1 08:18:05 UTC 2026
Cache sync 17 at Fri May  1 08:18:05 UTC 2026
Cache sync 18 at Fri May  1 08:18:05 UTC 2026
Cache sync 19 at Fri May  1 08:18:05 UTC 2026
Cache sync 20 at Fri May  1 08:18:05 UTC 2026
Cache sync 21 at Fri May  1 08:18:05 UTC 2026
Cache sync 22 at Fri May  1 08:18:05 UTC 2026
Cache sync 23 at Fri May  1 08:18:05 UTC 2026
Cache sync 24 at Fri May  1 08:18:05 UTC 2026
Cache sync 25 at Fri May  1 08:18:05 UTC 2026
Cache sync 26 at Fri May  1 08:18:05 UTC 2026
Cache sync 27 at Fri May  1 08:18:05 UTC 2026
Cache sync 28 at Fri May  1 08:18:05 UTC 2026
Cache sync 29 at Fri May  1 08:18:05 UTC 2026
Cache sync 30 at Fri May  1 08:18:05 UTC 2026
Cache sync 1 at Fri May  1 13:26:25 UTC 2026
Cache sync 2 at Fri May  1 13:26:25 UTC 2026
Cache sync 3 at Fri May  1 13:26:25 UTC 2026
Cache sync 4 at Fri May  1 13:26:25 UTC 2026
Cache sync 5 at Fri May  1 13:26:25 UTC 2026
Cache sync 6 at Fri May  1 13:26:25 UTC 2026
Cache sync 7 at Fri May  1 13:26:25 UTC 2026
Cache sync 8 at Fri May  1 13:26:25 UTC 2026
Cache sync 9 at Fri May  1 13:26:25 UTC 2026
Cache sync 10 at Fri May  1 13:26:25 UTC 2026
Cache sync 11 at Fri May  1 13:26:25 UTC 2026
Cache sync 12 at Fri May  1 13:26:25 UTC 2026
Cache sync 13 at Fri May  1 13:26:25 UTC 2026
Cache sync 1 at Fri May  1 19:17:32 UTC 2026
Cache sync 2 at Fri May  1 19:17:32 UTC 2026
Cache sync 3 at Fri May  1 19:17:32 UTC 2026
Cache sync 4 at Fri May  1 19:17:32 UTC 2026
Cache sync 5 at Fri May  1 19:17:32 UTC 2026
Cache sync 6 at Fri May  1 19:17:32 UTC 2026
Cache sync 7 at Fri May  1 19:17:32 UTC 2026
Cache sync 8 at Fri May  1 19:17:32 UTC 2026
Cache sync 9 at Fri May  1 19:17:32 UTC 2026
Cache sync 10 at Fri May  1 19:17:32 UTC 2026
Cache sync 11 at Fri May  1 19:17:32 UTC 2026
Cache sync 12 at Fri May  1 19:17:32 UTC 2026
Cache sync 13 at Fri May  1 19:17:32 UTC 2026
Cache sync 14 at Fri May  1 19:17:32 UTC 2026
Cache sync 15 at Fri May  1 19:17:32 UTC 2026
Cache sync 16 at Fri May  1 19:17:32 UTC 2026
Cache sync 17 at Fri May  1 19:17:32 UTC 2026
Cache sync 18 at Fri May  1 19:17:32 UTC 2026
Cache sync 19 at Fri May  1 19:17:32 UTC 2026
Cache sync 20 at Fri May  1 19:17:32 UTC 2026
Cache sync 21 at Fri May  1 19:17:32 UTC 2026
Cache sync 22 at Fri May  1 19:17:32 UTC 2026
Cache sync 23 at Fri May  1 19:17:32 UTC 2026
Cache sync 24 at Fri May  1 19:17:32 UTC 2026
Cache sync 25 at Fri May  1 19:17:32 UTC 2026
Cache sync 26 at Fri May  1 19:17:32 UTC 2026
Cache sync 1 at Sat May  2 03:20:06 UTC 2026
Cache sync 2 at Sat May  2 03:20:06 UTC 2026
Cache sync 3 at Sat May  2 03:20:06 UTC 2026
Cache sync 4 at Sat May  2 03:20:06 UTC 2026
Cache sync 5 at Sat May  2 03:20:06 UTC 2026
Cache sync 6 at Sat May  2 03:20:06 UTC 2026
Cache sync 7 at Sat May  2 03:20:06 UTC 2026
Cache sync 8 at Sat May  2 03:20:06 UTC 2026
Cache sync 9 at Sat May  2 03:20:06 UTC 2026
Cache sync 10 at Sat May  2 03:20:06 UTC 2026
Cache sync 11 at Sat May  2 03:20:06 UTC 2026
Cache sync 12 at Sat May  2 03:20:06 UTC 2026
Cache sync 13 at Sat May  2 03:20:06 UTC 2026
Cache sync 14 at Sat May  2 03:20:06 UTC 2026
Cache sync 15 at Sat May  2 03:20:06 UTC 2026
Cache sync 16 at Sat May  2 03:20:06 UTC 2026
Cache sync 17 at Sat May  2 03:20:06 UTC 2026
Cache sync 18 at Sat May  2 03:20:06 UTC 2026
Cache sync 19 at Sat May  2 03:20:06 UTC 2026
Cache sync 20 at Sat May  2 03:20:06 UTC 2026
Cache sync 21 at Sat May  2 03:20:06 UTC 2026
Cache sync 22 at Sat May  2 03:20:06 UTC 2026
Cache sync 23 at Sat May  2 03:20:06 UTC 2026
Cache sync 24 at Sat May  2 03:20:06 UTC 2026
Cache sync 25 at Sat May  2 03:20:06 UTC 2026
Cache sync 1 at Sat May  2 07:50:02 UTC 2026
Cache sync 2 at Sat May  2 07:50:02 UTC 2026
Cache sync 3 at Sat May  2 07:50:02 UTC 2026
Cache sync 4 at Sat May  2 07:50:02 UTC 2026
Cache sync 5 at Sat May  2 07:50:02 UTC 2026
Cache sync 6 at Sat May  2 07:50:02 UTC 2026
Cache sync 7 at Sat May  2 07:50:02 UTC 2026
Cache sync 8 at Sat May  2 07:50:02 UTC 2026
Cache sync 9 at Sat May  2 07:50:02 UTC 2026
Cache sync 10 at Sat May  2 07:50:02 UTC 2026
Cache sync 11 at Sat May  2 07:50:02 UTC 2026
Cache sync 12 at Sat May  2 07:50:02 UTC 2026
Cache sync 13 at Sat May  2 07:50:02 UTC 2026
Cache sync 14 at Sat May  2 07:50:02 UTC 2026
Cache sync 15 at Sat May  2 07:50:02 UTC 2026
Cache sync 16 at Sat May  2 07:50:02 UTC 2026
Cache sync 17 at Sat May  2 07:50:02 UTC 2026
Cache sync 18 at Sat May  2 07:50:02 UTC 2026
Cache sync 19 at Sat May  2 07:50:02 UTC 2026
Cache sync 20 at Sat May  2 07:50:02 UTC 2026
Cache sync 21 at Sat May  2 07:50:02 UTC 2026
Cache sync 22 at Sat May  2 07:50:02 UTC 2026
Cache sync 23 at Sat May  2 07:50:02 UTC 2026
Cache sync 24 at Sat May  2 07:50:03 UTC 2026
Cache sync 25 at Sat May  2 07:50:03 UTC 2026
Cache sync 26 at Sat May  2 07:50:03 UTC 2026
Cache sync 27 at Sat May  2 07:50:03 UTC 2026
Cache sync 28 at Sat May  2 07:50:03 UTC 2026
Cache sync 29 at Sat May  2 07:50:03 UTC 2026
Cache sync 30 at Sat May  2 07:50:03 UTC 2026
Cache sync 31 at Sat May  2 07:50:03 UTC 2026
Cache sync 32 at Sat May  2 07:50:03 UTC 2026
Cache sync 33 at Sat May  2 07:50:03 UTC 2026
Cache sync 34 at Sat May  2 07:50:03 UTC 2026
Cache sync 35 at Sat May  2 07:50:03 UTC 2026
Cache sync 36 at Sat May  2 07:50:03 UTC 2026
Cache sync 37 at Sat May  2 07:50:03 UTC 2026
Cache sync 38 at Sat May  2 07:50:03 UTC 2026
Cache sync 39 at Sat May  2 07:50:03 UTC 2026
Cache sync 1 at Sat May  2 13:20:39 UTC 2026
Cache sync 2 at Sat May  2 13:20:39 UTC 2026
Cache sync 3 at Sat May  2 13:20:39 UTC 2026
Cache sync 4 at Sat May  2 13:20:39 UTC 2026
Cache sync 5 at Sat May  2 13:20:39 UTC 2026
Cache sync 6 at Sat May  2 13:20:39 UTC 2026
Cache sync 7 at Sat May  2 13:20:39 UTC 2026
Cache sync 8 at Sat May  2 13:20:39 UTC 2026
Cache sync 9 at Sat May  2 13:20:39 UTC 2026
Cache sync 10 at Sat May  2 13:20:39 UTC 2026
Cache sync 11 at Sat May  2 13:20:39 UTC 2026
Cache sync 12 at Sat May  2 13:20:39 UTC 2026
Cache sync 13 at Sat May  2 13:20:39 UTC 2026
Cache sync 14 at Sat May  2 13:20:39 UTC 2026
Cache sync 15 at Sat May  2 13:20:39 UTC 2026
Cache sync 16 at Sat May  2 13:20:39 UTC 2026
Cache sync 17 at Sat May  2 13:20:39 UTC 2026
Cache sync 18 at Sat May  2 13:20:39 UTC 2026
Cache sync 19 at Sat May  2 13:20:39 UTC 2026
Cache sync 20 at Sat May  2 13:20:39 UTC 2026
Cache sync 21 at Sat May  2 13:20:39 UTC 2026
Cache sync 22 at Sat May  2 13:20:39 UTC 2026
Cache sync 23 at Sat May  2 13:20:39 UTC 2026
Cache sync 24 at Sat May  2 13:20:39 UTC 2026
Cache sync 25 at Sat May  2 13:20:39 UTC 2026
Cache sync 26 at Sat May  2 13:20:39 UTC 2026
Cache sync 27 at Sat May  2 13:20:39 UTC 2026
Cache sync 28 at Sat May  2 13:20:39 UTC 2026
Cache sync 29 at Sat May  2 13:20:39 UTC 2026
Cache sync 30 at Sat May  2 13:20:39 UTC 2026
Cache sync 31 at Sat May  2 13:20:39 UTC 2026
Cache sync 32 at Sat May  2 13:20:39 UTC 2026
Cache sync 33 at Sat May  2 13:20:39 UTC 2026
Cache sync 34 at Sat May  2 13:20:39 UTC 2026
Cache sync 1 at Sat May  2 19:05:58 UTC 2026
Cache sync 2 at Sat May  2 19:05:58 UTC 2026
Cache sync 1 at Sun May  3 03:37:28 UTC 2026
Cache sync 2 at Sun May  3 03:37:28 UTC 2026
Cache sync 3 at Sun May  3 03:37:28 UTC 2026
Cache sync 4 at Sun May  3 03:37:28 UTC 2026
Cache sync 5 at Sun May  3 03:37:28 UTC 2026
Cache sync 1 at Sun May  3 08:05:46 UTC 2026
Cache sync 1 at Sun May  3 13:19:38 UTC 2026
Cache sync 2 at Sun May  3 13:19:38 UTC 2026
Cache sync 3 at Sun May  3 13:19:38 UTC 2026
Cache sync 4 at Sun May  3 13:19:38 UTC 2026
Cache sync 5 at Sun May  3 13:19:38 UTC 2026
Cache sync 6 at Sun May  3 13:19:38 UTC 2026
Cache sync 7 at Sun May  3 13:19:38 UTC 2026
Cache sync 8 at Sun May  3 13:19:38 UTC 2026
Cache sync 9 at Sun May  3 13:19:38 UTC 2026
Cache sync 10 at Sun May  3 13:19:38 UTC 2026
Cache sync 11 at Sun May  3 13:19:38 UTC 2026
Cache sync 12 at Sun May  3 13:19:38 UTC 2026
Cache sync 13 at Sun May  3 13:19:38 UTC 2026
Cache sync 14 at Sun May  3 13:19:38 UTC 2026
Cache sync 15 at Sun May  3 13:19:38 UTC 2026
Cache sync 16 at Sun May  3 13:19:38 UTC 2026
Cache sync 17 at Sun May  3 13:19:38 UTC 2026
Cache sync 18 at Sun May  3 13:19:38 UTC 2026
Cache sync 19 at Sun May  3 13:19:38 UTC 2026
Cache sync 20 at Sun May  3 13:19:38 UTC 2026
Cache sync 21 at Sun May  3 13:19:38 UTC 2026
Cache sync 22 at Sun May  3 13:19:38 UTC 2026
Cache sync 23 at Sun May  3 13:19:38 UTC 2026
Cache sync 24 at Sun May  3 13:19:38 UTC 2026
Cache sync 25 at Sun May  3 13:19:38 UTC 2026
Cache sync 26 at Sun May  3 13:19:38 UTC 2026
Cache sync 27 at Sun May  3 13:19:38 UTC 2026
Cache sync 28 at Sun May  3 13:19:38 UTC 2026
Cache sync 29 at Sun May  3 13:19:38 UTC 2026
Cache sync 30 at Sun May  3 13:19:38 UTC 2026
Cache sync 31 at Sun May  3 13:19:38 UTC 2026
Cache sync 32 at Sun May  3 13:19:38 UTC 2026
Cache sync 33 at Sun May  3 13:19:38 UTC 2026
Cache sync 34 at Sun May  3 13:19:38 UTC 2026
Cache sync 35 at Sun May  3 13:19:38 UTC 2026
Cache sync 36 at Sun May  3 13:19:38 UTC 2026
Cache sync 37 at Sun May  3 13:19:38 UTC 2026
Cache sync 38 at Sun May  3 13:19:38 UTC 2026
Cache sync 1 at Sun May  3 19:05:27 UTC 2026
Cache sync 2 at Sun May  3 19:05:27 UTC 2026
Cache sync 3 at Sun May  3 19:05:27 UTC 2026
Cache sync 4 at Sun May  3 19:05:27 UTC 2026
Cache sync 5 at Sun May  3 19:05:27 UTC 2026
Cache sync 6 at Sun May  3 19:05:27 UTC 2026
Cache sync 7 at Sun May  3 19:05:27 UTC 2026
Cache sync 8 at Sun May  3 19:05:27 UTC 2026
Cache sync 9 at Sun May  3 19:05:27 UTC 2026
Cache sync 10 at Sun May  3 19:05:27 UTC 2026
Cache sync 11 at Sun May  3 19:05:27 UTC 2026
Cache sync 12 at Sun May  3 19:05:27 UTC 2026
Cache sync 13 at Sun May  3 19:05:27 UTC 2026
Cache sync 14 at Sun May  3 19:05:27 UTC 2026
Cache sync 15 at Sun May  3 19:05:27 UTC 2026
Cache sync 16 at Sun May  3 19:05:27 UTC 2026
Cache sync 17 at Sun May  3 19:05:27 UTC 2026
Cache sync 18 at Sun May  3 19:05:27 UTC 2026
Cache sync 19 at Sun May  3 19:05:27 UTC 2026
Cache sync 20 at Sun May  3 19:05:27 UTC 2026
Cache sync 21 at Sun May  3 19:05:27 UTC 2026
Cache sync 22 at Sun May  3 19:05:27 UTC 2026
Cache sync 23 at Sun May  3 19:05:27 UTC 2026
Cache sync 24 at Sun May  3 19:05:27 UTC 2026
Cache sync 25 at Sun May  3 19:05:27 UTC 2026
Cache sync 26 at Sun May  3 19:05:27 UTC 2026
Cache sync 27 at Sun May  3 19:05:27 UTC 2026
Cache sync 28 at Sun May  3 19:05:27 UTC 2026
Cache sync 29 at Sun May  3 19:05:27 UTC 2026
Cache sync 30 at Sun May  3 19:05:27 UTC 2026
Cache sync 31 at Sun May  3 19:05:27 UTC 2026
Cache sync 32 at Sun May  3 19:05:27 UTC 2026
Cache sync 33 at Sun May  3 19:05:27 UTC 2026
Cache sync 34 at Sun May  3 19:05:27 UTC 2026
Cache sync 35 at Sun May  3 19:05:27 UTC 2026
Cache sync 36 at Sun May  3 19:05:27 UTC 2026
Cache sync 37 at Sun May  3 19:05:27 UTC 2026
Cache sync 38 at Sun May  3 19:05:27 UTC 2026
Cache sync 39 at Sun May  3 19:05:27 UTC 2026
Cache sync 40 at Sun May  3 19:05:27 UTC 2026
Cache sync 1 at Mon May  4 03:36:02 UTC 2026
Cache sync 2 at Mon May  4 03:36:02 UTC 2026
Cache sync 3 at Mon May  4 03:36:02 UTC 2026
Cache sync 4 at Mon May  4 03:36:02 UTC 2026
Cache sync 5 at Mon May  4 03:36:02 UTC 2026
Cache sync 6 at Mon May  4 03:36:02 UTC 2026
Cache sync 7 at Mon May  4 03:36:02 UTC 2026
Cache sync 8 at Mon May  4 03:36:02 UTC 2026
Cache sync 9 at Mon May  4 03:36:02 UTC 2026
Cache sync 10 at Mon May  4 03:36:02 UTC 2026
Cache sync 11 at Mon May  4 03:36:02 UTC 2026
Cache sync 12 at Mon May  4 03:36:02 UTC 2026
Cache sync 13 at Mon May  4 03:36:02 UTC 2026
Cache sync 14 at Mon May  4 03:36:02 UTC 2026
Cache sync 15 at Mon May  4 03:36:02 UTC 2026
Cache sync 16 at Mon May  4 03:36:02 UTC 2026
Cache sync 17 at Mon May  4 03:36:02 UTC 2026
Cache sync 18 at Mon May  4 03:36:02 UTC 2026
Cache sync 19 at Mon May  4 03:36:02 UTC 2026
Cache sync 20 at Mon May  4 03:36:02 UTC 2026
Cache sync 21 at Mon May  4 03:36:02 UTC 2026
Cache sync 22 at Mon May  4 03:36:02 UTC 2026
Cache sync 23 at Mon May  4 03:36:02 UTC 2026
Cache sync 24 at Mon May  4 03:36:02 UTC 2026
Cache sync 25 at Mon May  4 03:36:02 UTC 2026
Cache sync 26 at Mon May  4 03:36:02 UTC 2026
Cache sync 27 at Mon May  4 03:36:02 UTC 2026
Cache sync 28 at Mon May  4 03:36:02 UTC 2026
Cache sync 29 at Mon May  4 03:36:02 UTC 2026
Cache sync 30 at Mon May  4 03:36:02 UTC 2026
Cache sync 31 at Mon May  4 03:36:02 UTC 2026
Cache sync 32 at Mon May  4 03:36:02 UTC 2026
Cache sync 33 at Mon May  4 03:36:02 UTC 2026
Cache sync 34 at Mon May  4 03:36:02 UTC 2026
Cache sync 35 at Mon May  4 03:36:02 UTC 2026
Cache sync 36 at Mon May  4 03:36:02 UTC 2026
Cache sync 37 at Mon May  4 03:36:02 UTC 2026
Cache sync 38 at Mon May  4 03:36:02 UTC 2026
Cache sync 39 at Mon May  4 03:36:02 UTC 2026
Cache sync 40 at Mon May  4 03:36:02 UTC 2026
Cache sync 41 at Mon May  4 03:36:02 UTC 2026
Cache sync 42 at Mon May  4 03:36:02 UTC 2026
Cache sync 43 at Mon May  4 03:36:02 UTC 2026
Cache sync 44 at Mon May  4 03:36:02 UTC 2026
Cache sync 45 at Mon May  4 03:36:02 UTC 2026
Cache sync 46 at Mon May  4 03:36:02 UTC 2026
Cache sync 47 at Mon May  4 03:36:02 UTC 2026
Cache sync 1 at Mon May  4 08:35:00 UTC 2026
Cache sync 2 at Mon May  4 08:35:00 UTC 2026
Cache sync 3 at Mon May  4 08:35:00 UTC 2026
Cache sync 4 at Mon May  4 08:35:00 UTC 2026
Cache sync 5 at Mon May  4 08:35:00 UTC 2026
Cache sync 6 at Mon May  4 08:35:00 UTC 2026
Cache sync 7 at Mon May  4 08:35:00 UTC 2026
Cache sync 1 at Mon May  4 19:45:43 UTC 2026
Cache sync 2 at Mon May  4 19:45:43 UTC 2026
Cache sync 3 at Mon May  4 19:45:43 UTC 2026
Cache sync 1 at Tue May  5 08:16:51 UTC 2026
Cache sync 2 at Tue May  5 08:16:51 UTC 2026
Cache sync 3 at Tue May  5 08:16:51 UTC 2026
Cache sync 4 at Tue May  5 08:16:51 UTC 2026
Cache sync 5 at Tue May  5 08:16:51 UTC 2026
Cache sync 6 at Tue May  5 08:16:51 UTC 2026
Cache sync 7 at Tue May  5 08:16:52 UTC 2026
Cache sync 8 at Tue May  5 08:16:52 UTC 2026
Cache sync 9 at Tue May  5 08:16:52 UTC 2026
Cache sync 10 at Tue May  5 08:16:52 UTC 2026
Cache sync 11 at Tue May  5 08:16:52 UTC 2026
Cache sync 12 at Tue May  5 08:16:52 UTC 2026
Cache sync 13 at Tue May  5 08:16:52 UTC 2026
Cache sync 14 at Tue May  5 08:16:52 UTC 2026
Cache sync 15 at Tue May  5 08:16:52 UTC 2026
Cache sync 16 at Tue May  5 08:16:52 UTC 2026
Cache sync 17 at Tue May  5 08:16:52 UTC 2026
Cache sync 18 at Tue May  5 08:16:52 UTC 2026
Cache sync 19 at Tue May  5 08:16:52 UTC 2026
Cache sync 20 at Tue May  5 08:16:52 UTC 2026
Cache sync 21 at Tue May  5 08:16:52 UTC 2026
Cache sync 1 at Tue May  5 19:26:50 UTC 2026
Cache sync 2 at Tue May  5 19:26:50 UTC 2026
Cache sync 3 at Tue May  5 19:26:50 UTC 2026
Cache sync 4 at Tue May  5 19:26:50 UTC 2026
Cache sync 5 at Tue May  5 19:26:50 UTC 2026
Cache sync 6 at Tue May  5 19:26:50 UTC 2026
Cache sync 7 at Tue May  5 19:26:50 UTC 2026
Cache sync 8 at Tue May  5 19:26:50 UTC 2026
Cache sync 9 at Tue May  5 19:26:50 UTC 2026
Cache sync 10 at Tue May  5 19:26:50 UTC 2026
Cache sync 11 at Tue May  5 19:26:50 UTC 2026
Cache sync 12 at Tue May  5 19:26:50 UTC 2026
Cache sync 13 at Tue May  5 19:26:50 UTC 2026
Cache sync 14 at Tue May  5 19:26:50 UTC 2026
Cache sync 15 at Tue May  5 19:26:50 UTC 2026
Cache sync 16 at Tue May  5 19:26:50 UTC 2026
Cache sync 17 at Tue May  5 19:26:50 UTC 2026
Cache sync 18 at Tue May  5 19:26:50 UTC 2026
Cache sync 19 at Tue May  5 19:26:50 UTC 2026
Cache sync 20 at Tue May  5 19:26:50 UTC 2026
Cache sync 21 at Tue May  5 19:26:50 UTC 2026
Cache sync 22 at Tue May  5 19:26:50 UTC 2026
Cache sync 23 at Tue May  5 19:26:50 UTC 2026
Cache sync 24 at Tue May  5 19:26:50 UTC 2026
Cache sync 25 at Tue May  5 19:26:50 UTC 2026
Cache sync 26 at Tue May  5 19:26:50 UTC 2026
Cache sync 27 at Tue May  5 19:26:50 UTC 2026
Cache sync 28 at Tue May  5 19:26:50 UTC 2026
Cache sync 29 at Tue May  5 19:26:50 UTC 2026
Cache sync 30 at Tue May  5 19:26:50 UTC 2026
Cache sync 31 at Tue May  5 19:26:50 UTC 2026
Cache sync 32 at Tue May  5 19:26:50 UTC 2026
Cache sync 33 at Tue May  5 19:26:50 UTC 2026
Cache sync 34 at Tue May  5 19:26:50 UTC 2026
Cache sync 35 at Tue May  5 19:26:51 UTC 2026
Cache sync 36 at Tue May  5 19:26:51 UTC 2026
Cache sync 37 at Tue May  5 19:26:51 UTC 2026
Cache sync 38 at Tue May  5 19:26:51 UTC 2026
Cache sync 39 at Tue May  5 19:26:51 UTC 2026
Cache sync 40 at Tue May  5 19:26:51 UTC 2026
Cache sync 41 at Tue May  5 19:26:51 UTC 2026
Cache sync 42 at Tue May  5 19:26:51 UTC 2026
Cache sync 43 at Tue May  5 19:26:51 UTC 2026
Cache sync 44 at Tue May  5 19:26:51 UTC 2026
Cache sync 45 at Tue May  5 19:26:51 UTC 2026
Cache sync 46 at Tue May  5 19:26:51 UTC 2026
Cache sync 47 at Tue May  5 19:26:51 UTC 2026
Cache sync 48 at Tue May  5 19:26:51 UTC 2026
Cache sync 49 at Tue May  5 19:26:51 UTC 2026
Cache sync 50 at Tue May  5 19:26:51 UTC 2026
Cache sync 51 at Tue May  5 19:26:51 UTC 2026
Cache sync 52 at Tue May  5 19:26:51 UTC 2026
Cache sync 1 at Wed May  6 03:32:54 UTC 2026
Cache sync 2 at Wed May  6 03:32:54 UTC 2026
Cache sync 3 at Wed May  6 03:32:54 UTC 2026
Cache sync 4 at Wed May  6 03:32:54 UTC 2026
Cache sync 5 at Wed May  6 03:32:54 UTC 2026
Cache sync 6 at Wed May  6 03:32:54 UTC 2026
Cache sync 7 at Wed May  6 03:32:54 UTC 2026
Cache sync 8 at Wed May  6 03:32:54 UTC 2026
Cache sync 9 at Wed May  6 03:32:54 UTC 2026
Cache sync 10 at Wed May  6 03:32:54 UTC 2026
Cache sync 11 at Wed May  6 03:32:54 UTC 2026
Cache sync 12 at Wed May  6 03:32:54 UTC 2026
Cache sync 13 at Wed May  6 03:32:54 UTC 2026
Cache sync 14 at Wed May  6 03:32:54 UTC 2026
Cache sync 15 at Wed May  6 03:32:54 UTC 2026
Cache sync 16 at Wed May  6 03:32:54 UTC 2026
Cache sync 17 at Wed May  6 03:32:54 UTC 2026
Cache sync 18 at Wed May  6 03:32:54 UTC 2026
Cache sync 19 at Wed May  6 03:32:54 UTC 2026
Cache sync 20 at Wed May  6 03:32:55 UTC 2026
Cache sync 21 at Wed May  6 03:32:55 UTC 2026
Cache sync 22 at Wed May  6 03:32:55 UTC 2026
Cache sync 23 at Wed May  6 03:32:55 UTC 2026
Cache sync 24 at Wed May  6 03:32:55 UTC 2026
Cache sync 25 at Wed May  6 03:32:55 UTC 2026
Cache sync 26 at Wed May  6 03:32:55 UTC 2026
Cache sync 27 at Wed May  6 03:32:55 UTC 2026
Cache sync 28 at Wed May  6 03:32:55 UTC 2026
Cache sync 29 at Wed May  6 03:32:55 UTC 2026
Cache sync 30 at Wed May  6 03:32:55 UTC 2026
Cache sync 31 at Wed May  6 03:32:55 UTC 2026
Cache sync 32 at Wed May  6 03:32:55 UTC 2026
Cache sync 33 at Wed May  6 03:32:55 UTC 2026
Cache sync 34 at Wed May  6 03:32:55 UTC 2026
Cache sync 35 at Wed May  6 03:32:55 UTC 2026
Cache sync 36 at Wed May  6 03:32:55 UTC 2026
Cache sync 37 at Wed May  6 03:32:55 UTC 2026
Cache sync 38 at Wed May  6 03:32:55 UTC 2026
Cache sync 39 at Wed May  6 03:32:55 UTC 2026
Cache sync 40 at Wed May  6 03:32:55 UTC 2026
Cache sync 41 at Wed May  6 03:32:55 UTC 2026
Cache sync 42 at Wed May  6 03:32:55 UTC 2026
Cache sync 43 at Wed May  6 03:32:55 UTC 2026
Cache sync 44 at Wed May  6 03:32:55 UTC 2026
Cache sync 45 at Wed May  6 03:32:55 UTC 2026
Cache sync 46 at Wed May  6 03:32:55 UTC 2026
Cache sync 47 at Wed May  6 03:32:55 UTC 2026
Cache sync 48 at Wed May  6 03:32:55 UTC 2026
Cache sync 49 at Wed May  6 03:32:55 UTC 2026
Cache sync 50 at Wed May  6 03:32:55 UTC 2026
Cache sync 51 at Wed May  6 03:32:55 UTC 2026
Cache sync 52 at Wed May  6 03:32:55 UTC 2026
Cache sync 53 at Wed May  6 03:32:55 UTC 2026
Cache sync 54 at Wed May  6 03:32:55 UTC 2026
Cache sync 55 at Wed May  6 03:32:55 UTC 2026
Cache sync 56 at Wed May  6 03:32:55 UTC 2026
Cache sync 57 at Wed May  6 03:32:55 UTC 2026
Cache sync 58 at Wed May  6 03:32:55 UTC 2026
Cache sync 59 at Wed May  6 03:32:55 UTC 2026
Cache sync 60 at Wed May  6 03:32:55 UTC 2026
Cache sync 61 at Wed May  6 03:32:55 UTC 2026
Cache sync 62 at Wed May  6 03:32:55 UTC 2026
Cache sync 63 at Wed May  6 03:32:55 UTC 2026
Cache sync 64 at Wed May  6 03:32:55 UTC 2026
Cache sync 65 at Wed May  6 03:32:55 UTC 2026
Cache sync 66 at Wed May  6 03:32:55 UTC 2026
Cache sync 67 at Wed May  6 03:32:55 UTC 2026
Cache sync 68 at Wed May  6 03:32:55 UTC 2026
Cache sync 69 at Wed May  6 03:32:55 UTC 2026
Cache sync 70 at Wed May  6 03:32:55 UTC 2026
Cache sync 71 at Wed May  6 03:32:55 UTC 2026
Cache sync 72 at Wed May  6 03:32:55 UTC 2026
Cache sync 73 at Wed May  6 03:32:55 UTC 2026
Cache sync 74 at Wed May  6 03:32:55 UTC 2026
Cache sync 75 at Wed May  6 03:32:55 UTC 2026
Cache sync 76 at Wed May  6 03:32:55 UTC 2026
Cache sync 77 at Wed May  6 03:32:55 UTC 2026
Cache sync 78 at Wed May  6 03:32:55 UTC 2026
Cache sync 1 at Wed May  6 14:24:11 UTC 2026
Cache sync 2 at Wed May  6 14:24:11 UTC 2026
Cache sync 3 at Wed May  6 14:24:11 UTC 2026
Cache sync 4 at Wed May  6 14:24:11 UTC 2026
Cache sync 5 at Wed May  6 14:24:11 UTC 2026
Cache sync 6 at Wed May  6 14:24:11 UTC 2026
Cache sync 7 at Wed May  6 14:24:11 UTC 2026
Cache sync 8 at Wed May  6 14:24:11 UTC 2026
Cache sync 9 at Wed May  6 14:24:11 UTC 2026
Cache sync 10 at Wed May  6 14:24:11 UTC 2026
Cache sync 11 at Wed May  6 14:24:11 UTC 2026
Cache sync 12 at Wed May  6 14:24:11 UTC 2026
Cache sync 13 at Wed May  6 14:24:11 UTC 2026
Cache sync 14 at Wed May  6 14:24:11 UTC 2026
Cache sync 15 at Wed May  6 14:24:11 UTC 2026
Cache sync 16 at Wed May  6 14:24:11 UTC 2026
Cache sync 17 at Wed May  6 14:24:11 UTC 2026
Cache sync 18 at Wed May  6 14:24:11 UTC 2026
Cache sync 19 at Wed May  6 14:24:11 UTC 2026
Cache sync 20 at Wed May  6 14:24:11 UTC 2026
Cache sync 21 at Wed May  6 14:24:11 UTC 2026
Cache sync 22 at Wed May  6 14:24:11 UTC 2026
Cache sync 23 at Wed May  6 14:24:11 UTC 2026
Cache sync 24 at Wed May  6 14:24:11 UTC 2026
Cache sync 25 at Wed May  6 14:24:11 UTC 2026
Cache sync 26 at Wed May  6 14:24:11 UTC 2026
Cache sync 27 at Wed May  6 14:24:11 UTC 2026
Cache sync 1 at Wed May  6 19:50:44 UTC 2026
Cache sync 2 at Wed May  6 19:50:44 UTC 2026
Cache sync 3 at Wed May  6 19:50:44 UTC 2026
Cache sync 4 at Wed May  6 19:50:44 UTC 2026
Cache sync 5 at Wed May  6 19:50:44 UTC 2026
Cache sync 6 at Wed May  6 19:50:44 UTC 2026
Cache sync 7 at Wed May  6 19:50:44 UTC 2026
Cache sync 8 at Wed May  6 19:50:44 UTC 2026
Cache sync 9 at Wed May  6 19:50:44 UTC 2026
Cache sync 10 at Wed May  6 19:50:44 UTC 2026
Cache sync 11 at Wed May  6 19:50:44 UTC 2026
Cache sync 12 at Wed May  6 19:50:44 UTC 2026
Cache sync 13 at Wed May  6 19:50:44 UTC 2026
Cache sync 14 at Wed May  6 19:50:44 UTC 2026
Cache sync 15 at Wed May  6 19:50:44 UTC 2026
Cache sync 16 at Wed May  6 19:50:44 UTC 2026
Cache sync 17 at Wed May  6 19:50:44 UTC 2026
Cache sync 18 at Wed May  6 19:50:44 UTC 2026
Cache sync 19 at Wed May  6 19:50:44 UTC 2026
Cache sync 20 at Wed May  6 19:50:44 UTC 2026
Cache sync 21 at Wed May  6 19:50:44 UTC 2026
Cache sync 22 at Wed May  6 19:50:44 UTC 2026
Cache sync 23 at Wed May  6 19:50:44 UTC 2026
Cache sync 24 at Wed May  6 19:50:44 UTC 2026
Cache sync 25 at Wed May  6 19:50:44 UTC 2026
Cache sync 26 at Wed May  6 19:50:44 UTC 2026
Cache sync 27 at Wed May  6 19:50:44 UTC 2026
Cache sync 28 at Wed May  6 19:50:44 UTC 2026
Cache sync 29 at Wed May  6 19:50:44 UTC 2026
Cache sync 30 at Wed May  6 19:50:44 UTC 2026
Cache sync 31 at Wed May  6 19:50:44 UTC 2026
Cache sync 32 at Wed May  6 19:50:44 UTC 2026
Cache sync 33 at Wed May  6 19:50:44 UTC 2026
Cache sync 34 at Wed May  6 19:50:44 UTC 2026
Cache sync 35 at Wed May  6 19:50:44 UTC 2026
Cache sync 36 at Wed May  6 19:50:44 UTC 2026
Cache sync 37 at Wed May  6 19:50:44 UTC 2026
Cache sync 38 at Wed May  6 19:50:44 UTC 2026
Cache sync 1 at Thu May  7 03:33:05 UTC 2026
Cache sync 2 at Thu May  7 03:33:05 UTC 2026
Cache sync 3 at Thu May  7 03:33:05 UTC 2026
Cache sync 4 at Thu May  7 03:33:05 UTC 2026
Cache sync 5 at Thu May  7 03:33:05 UTC 2026
Cache sync 6 at Thu May  7 03:33:05 UTC 2026
Cache sync 7 at Thu May  7 03:33:05 UTC 2026
Cache sync 8 at Thu May  7 03:33:05 UTC 2026
Cache sync 9 at Thu May  7 03:33:05 UTC 2026
Cache sync 10 at Thu May  7 03:33:05 UTC 2026
Cache sync 11 at Thu May  7 03:33:05 UTC 2026
Cache sync 12 at Thu May  7 03:33:05 UTC 2026
Cache sync 13 at Thu May  7 03:33:05 UTC 2026
Cache sync 14 at Thu May  7 03:33:05 UTC 2026
Cache sync 15 at Thu May  7 03:33:05 UTC 2026
Cache sync 16 at Thu May  7 03:33:05 UTC 2026
Cache sync 17 at Thu May  7 03:33:05 UTC 2026
Cache sync 18 at Thu May  7 03:33:05 UTC 2026
Cache sync 19 at Thu May  7 03:33:05 UTC 2026
Cache sync 20 at Thu May  7 03:33:05 UTC 2026
Cache sync 21 at Thu May  7 03:33:05 UTC 2026
Cache sync 22 at Thu May  7 03:33:05 UTC 2026
Cache sync 23 at Thu May  7 03:33:05 UTC 2026
Cache sync 24 at Thu May  7 03:33:05 UTC 2026
Cache sync 25 at Thu May  7 03:33:05 UTC 2026
Cache sync 26 at Thu May  7 03:33:06 UTC 2026
Cache sync 27 at Thu May  7 03:33:06 UTC 2026
Cache sync 28 at Thu May  7 03:33:06 UTC 2026
Cache sync 29 at Thu May  7 03:33:06 UTC 2026
Cache sync 30 at Thu May  7 03:33:06 UTC 2026
Cache sync 31 at Thu May  7 03:33:06 UTC 2026
Cache sync 32 at Thu May  7 03:33:06 UTC 2026
Cache sync 33 at Thu May  7 03:33:06 UTC 2026
Cache sync 34 at Thu May  7 03:33:06 UTC 2026
Cache sync 35 at Thu May  7 03:33:06 UTC 2026
Cache sync 36 at Thu May  7 03:33:06 UTC 2026
Cache sync 37 at Thu May  7 03:33:06 UTC 2026
Cache sync 1 at Thu May  7 08:39:24 UTC 2026
Cache sync 2 at Thu May  7 08:39:24 UTC 2026
Cache sync 3 at Thu May  7 08:39:24 UTC 2026
Cache sync 4 at Thu May  7 08:39:24 UTC 2026
Cache sync 5 at Thu May  7 08:39:24 UTC 2026
Cache sync 6 at Thu May  7 08:39:24 UTC 2026
Cache sync 7 at Thu May  7 08:39:24 UTC 2026
Cache sync 8 at Thu May  7 08:39:24 UTC 2026
Cache sync 9 at Thu May  7 08:39:24 UTC 2026
Cache sync 10 at Thu May  7 08:39:24 UTC 2026
Cache sync 11 at Thu May  7 08:39:24 UTC 2026
Cache sync 12 at Thu May  7 08:39:24 UTC 2026
Cache sync 13 at Thu May  7 08:39:24 UTC 2026
Cache sync 14 at Thu May  7 08:39:24 UTC 2026
Cache sync 15 at Thu May  7 08:39:24 UTC 2026
Cache sync 16 at Thu May  7 08:39:24 UTC 2026
Cache sync 17 at Thu May  7 08:39:24 UTC 2026
Cache sync 18 at Thu May  7 08:39:24 UTC 2026
Cache sync 19 at Thu May  7 08:39:24 UTC 2026
Cache sync 20 at Thu May  7 08:39:24 UTC 2026
Cache sync 21 at Thu May  7 08:39:24 UTC 2026
Cache sync 22 at Thu May  7 08:39:24 UTC 2026
Cache sync 23 at Thu May  7 08:39:24 UTC 2026
Cache sync 24 at Thu May  7 08:39:24 UTC 2026
Cache sync 25 at Thu May  7 08:39:24 UTC 2026
Cache sync 26 at Thu May  7 08:39:24 UTC 2026
Cache sync 27 at Thu May  7 08:39:24 UTC 2026
Cache sync 28 at Thu May  7 08:39:24 UTC 2026
Cache sync 29 at Thu May  7 08:39:24 UTC 2026
Cache sync 30 at Thu May  7 08:39:24 UTC 2026
Cache sync 31 at Thu May  7 08:39:24 UTC 2026
Cache sync 32 at Thu May  7 08:39:24 UTC 2026
Cache sync 33 at Thu May  7 08:39:25 UTC 2026
Cache sync 34 at Thu May  7 08:39:25 UTC 2026
Cache sync 35 at Thu May  7 08:39:25 UTC 2026
Cache sync 36 at Thu May  7 08:39:25 UTC 2026
Cache sync 37 at Thu May  7 08:39:25 UTC 2026
Cache sync 38 at Thu May  7 08:39:25 UTC 2026
Cache sync 39 at Thu May  7 08:39:25 UTC 2026
Cache sync 40 at Thu May  7 08:39:25 UTC 2026
Cache sync 41 at Thu May  7 08:39:25 UTC 2026
Cache sync 42 at Thu May  7 08:39:25 UTC 2026
Cache sync 43 at Thu May  7 08:39:25 UTC 2026
Cache sync 44 at Thu May  7 08:39:25 UTC 2026
Cache sync 45 at Thu May  7 08:39:25 UTC 2026
Cache sync 46 at Thu May  7 08:39:25 UTC 2026
Cache sync 47 at Thu May  7 08:39:25 UTC 2026
Cache sync 48 at Thu May  7 08:39:25 UTC 2026
Cache sync 49 at Thu May  7 08:39:25 UTC 2026
Cache sync 50 at Thu May  7 08:39:25 UTC 2026
Cache sync 51 at Thu May  7 08:39:25 UTC 2026
Cache sync 52 at Thu May  7 08:39:25 UTC 2026
Cache sync 53 at Thu May  7 08:39:25 UTC 2026
Cache sync 54 at Thu May  7 08:39:25 UTC 2026
Cache sync 55 at Thu May  7 08:39:25 UTC 2026
Cache sync 56 at Thu May  7 08:39:25 UTC 2026
Cache sync 57 at Thu May  7 08:39:25 UTC 2026
Cache sync 58 at Thu May  7 08:39:25 UTC 2026
Cache sync 59 at Thu May  7 08:39:25 UTC 2026
Cache sync 60 at Thu May  7 08:39:25 UTC 2026
Cache sync 61 at Thu May  7 08:39:25 UTC 2026
Cache sync 62 at Thu May  7 08:39:25 UTC 2026
Cache sync 63 at Thu May  7 08:39:25 UTC 2026
Cache sync 64 at Thu May  7 08:39:25 UTC 2026
Cache sync 65 at Thu May  7 08:39:25 UTC 2026
Cache sync 66 at Thu May  7 08:39:25 UTC 2026
Cache sync 67 at Thu May  7 08:39:25 UTC 2026
Cache sync 1 at Thu May  7 19:46:27 UTC 2026
Cache sync 2 at Thu May  7 19:46:27 UTC 2026
Cache sync 3 at Thu May  7 19:46:27 UTC 2026
Cache sync 4 at Thu May  7 19:46:27 UTC 2026
Cache sync 5 at Thu May  7 19:46:27 UTC 2026
Cache sync 6 at Thu May  7 19:46:27 UTC 2026
Cache sync 7 at Thu May  7 19:46:27 UTC 2026
Cache sync 8 at Thu May  7 19:46:27 UTC 2026
Cache sync 9 at Thu May  7 19:46:27 UTC 2026
Cache sync 10 at Thu May  7 19:46:27 UTC 2026
Cache sync 11 at Thu May  7 19:46:27 UTC 2026
Cache sync 12 at Thu May  7 19:46:27 UTC 2026
Cache sync 13 at Thu May  7 19:46:27 UTC 2026
Cache sync 14 at Thu May  7 19:46:27 UTC 2026
Cache sync 15 at Thu May  7 19:46:27 UTC 2026
Cache sync 16 at Thu May  7 19:46:27 UTC 2026
Cache sync 17 at Thu May  7 19:46:27 UTC 2026
Cache sync 18 at Thu May  7 19:46:27 UTC 2026
Cache sync 19 at Thu May  7 19:46:27 UTC 2026
Cache sync 20 at Thu May  7 19:46:27 UTC 2026
Cache sync 21 at Thu May  7 19:46:27 UTC 2026
Cache sync 22 at Thu May  7 19:46:27 UTC 2026
Cache sync 23 at Thu May  7 19:46:27 UTC 2026
Cache sync 24 at Thu May  7 19:46:27 UTC 2026
Cache sync 25 at Thu May  7 19:46:27 UTC 2026
Cache sync 26 at Thu May  7 19:46:27 UTC 2026
Cache sync 27 at Thu May  7 19:46:27 UTC 2026
Cache sync 28 at Thu May  7 19:46:27 UTC 2026
Cache sync 29 at Thu May  7 19:46:27 UTC 2026
Cache sync 30 at Thu May  7 19:46:27 UTC 2026
Cache sync 31 at Thu May  7 19:46:27 UTC 2026
Cache sync 32 at Thu May  7 19:46:27 UTC 2026
Cache sync 33 at Thu May  7 19:46:27 UTC 2026
Cache sync 34 at Thu May  7 19:46:27 UTC 2026
Cache sync 35 at Thu May  7 19:46:27 UTC 2026
Cache sync 36 at Thu May  7 19:46:27 UTC 2026
Cache sync 37 at Thu May  7 19:46:27 UTC 2026
Cache sync 38 at Thu May  7 19:46:27 UTC 2026
Cache sync 39 at Thu May  7 19:46:27 UTC 2026
Cache sync 40 at Thu May  7 19:46:27 UTC 2026
Cache sync 41 at Thu May  7 19:46:27 UTC 2026
Cache sync 42 at Thu May  7 19:46:27 UTC 2026
Cache sync 43 at Thu May  7 19:46:27 UTC 2026
Cache sync 44 at Thu May  7 19:46:27 UTC 2026
Cache sync 45 at Thu May  7 19:46:27 UTC 2026
Cache sync 46 at Thu May  7 19:46:27 UTC 2026
Cache sync 47 at Thu May  7 19:46:27 UTC 2026
Cache sync 48 at Thu May  7 19:46:27 UTC 2026
Cache sync 49 at Thu May  7 19:46:27 UTC 2026
Cache sync 50 at Thu May  7 19:46:27 UTC 2026
Cache sync 51 at Thu May  7 19:46:27 UTC 2026
Cache sync 52 at Thu May  7 19:46:27 UTC 2026
Cache sync 53 at Thu May  7 19:46:27 UTC 2026
Cache sync 54 at Thu May  7 19:46:27 UTC 2026
Cache sync 1 at Fri May  8 07:46:47 UTC 2026
Cache sync 2 at Fri May  8 07:46:47 UTC 2026
Cache sync 3 at Fri May  8 07:46:47 UTC 2026
Cache sync 4 at Fri May  8 07:46:47 UTC 2026
Cache sync 5 at Fri May  8 07:46:47 UTC 2026
Cache sync 6 at Fri May  8 07:46:47 UTC 2026
Cache sync 7 at Fri May  8 07:46:47 UTC 2026
Cache sync 8 at Fri May  8 07:46:47 UTC 2026
Cache sync 9 at Fri May  8 07:46:47 UTC 2026
Cache sync 10 at Fri May  8 07:46:47 UTC 2026
Cache sync 11 at Fri May  8 07:46:47 UTC 2026
Cache sync 12 at Fri May  8 07:46:47 UTC 2026
Cache sync 13 at Fri May  8 07:46:47 UTC 2026
Cache sync 14 at Fri May  8 07:46:47 UTC 2026
Cache sync 15 at Fri May  8 07:46:47 UTC 2026
Cache sync 16 at Fri May  8 07:46:47 UTC 2026
Cache sync 17 at Fri May  8 07:46:47 UTC 2026
Cache sync 18 at Fri May  8 07:46:47 UTC 2026
Cache sync 19 at Fri May  8 07:46:47 UTC 2026
Cache sync 20 at Fri May  8 07:46:47 UTC 2026
Cache sync 21 at Fri May  8 07:46:47 UTC 2026
Cache sync 22 at Fri May  8 07:46:47 UTC 2026
Cache sync 23 at Fri May  8 07:46:47 UTC 2026
Cache sync 24 at Fri May  8 07:46:47 UTC 2026
Cache sync 25 at Fri May  8 07:46:47 UTC 2026
Cache sync 26 at Fri May  8 07:46:47 UTC 2026
Cache sync 27 at Fri May  8 07:46:47 UTC 2026
Cache sync 28 at Fri May  8 07:46:47 UTC 2026
Cache sync 29 at Fri May  8 07:46:47 UTC 2026
Cache sync 30 at Fri May  8 07:46:47 UTC 2026
Cache sync 31 at Fri May  8 07:46:47 UTC 2026
Cache sync 32 at Fri May  8 07:46:47 UTC 2026
Cache sync 33 at Fri May  8 07:46:47 UTC 2026
Cache sync 34 at Fri May  8 07:46:47 UTC 2026
Cache sync 35 at Fri May  8 07:46:47 UTC 2026
Cache sync 36 at Fri May  8 07:46:47 UTC 2026
Cache sync 37 at Fri May  8 07:46:47 UTC 2026
Cache sync 38 at Fri May  8 07:46:47 UTC 2026
Cache sync 39 at Fri May  8 07:46:47 UTC 2026
Cache sync 40 at Fri May  8 07:46:47 UTC 2026
Cache sync 41 at Fri May  8 07:46:47 UTC 2026
Cache sync 42 at Fri May  8 07:46:47 UTC 2026
Cache sync 43 at Fri May  8 07:46:47 UTC 2026
Cache sync 44 at Fri May  8 07:46:47 UTC 2026
Cache sync 45 at Fri May  8 07:46:47 UTC 2026
Cache sync 46 at Fri May  8 07:46:47 UTC 2026
Cache sync 47 at Fri May  8 07:46:47 UTC 2026
Cache sync 48 at Fri May  8 07:46:47 UTC 2026
Cache sync 49 at Fri May  8 07:46:47 UTC 2026
Cache sync 1 at Fri May  8 19:24:34 UTC 2026
Cache sync 2 at Fri May  8 19:24:34 UTC 2026
Cache sync 3 at Fri May  8 19:24:34 UTC 2026
Cache sync 4 at Fri May  8 19:24:34 UTC 2026
Cache sync 5 at Fri May  8 19:24:34 UTC 2026
Cache sync 6 at Fri May  8 19:24:34 UTC 2026
Cache sync 1 at Sat May  9 03:27:50 UTC 2026
Cache sync 2 at Sat May  9 03:27:50 UTC 2026
Cache sync 3 at Sat May  9 03:27:50 UTC 2026
Cache sync 4 at Sat May  9 03:27:50 UTC 2026
Cache sync 5 at Sat May  9 03:27:50 UTC 2026
Cache sync 6 at Sat May  9 03:27:50 UTC 2026
Cache sync 7 at Sat May  9 03:27:50 UTC 2026
Cache sync 8 at Sat May  9 03:27:50 UTC 2026
Cache sync 9 at Sat May  9 03:27:50 UTC 2026
Cache sync 10 at Sat May  9 03:27:50 UTC 2026
Cache sync 11 at Sat May  9 03:27:50 UTC 2026
Cache sync 12 at Sat May  9 03:27:50 UTC 2026
Cache sync 13 at Sat May  9 03:27:50 UTC 2026
Cache sync 14 at Sat May  9 03:27:50 UTC 2026
Cache sync 15 at Sat May  9 03:27:50 UTC 2026
Cache sync 16 at Sat May  9 03:27:50 UTC 2026
Cache sync 17 at Sat May  9 03:27:50 UTC 2026
Cache sync 18 at Sat May  9 03:27:50 UTC 2026
Cache sync 19 at Sat May  9 03:27:50 UTC 2026
Cache sync 20 at Sat May  9 03:27:50 UTC 2026
Cache sync 21 at Sat May  9 03:27:50 UTC 2026
Cache sync 22 at Sat May  9 03:27:50 UTC 2026
Cache sync 23 at Sat May  9 03:27:50 UTC 2026
Cache sync 24 at Sat May  9 03:27:50 UTC 2026
Cache sync 25 at Sat May  9 03:27:50 UTC 2026
Cache sync 26 at Sat May  9 03:27:50 UTC 2026
Cache sync 27 at Sat May  9 03:27:50 UTC 2026
Cache sync 28 at Sat May  9 03:27:50 UTC 2026
Cache sync 29 at Sat May  9 03:27:50 UTC 2026
Cache sync 30 at Sat May  9 03:27:50 UTC 2026
Cache sync 31 at Sat May  9 03:27:50 UTC 2026
Cache sync 32 at Sat May  9 03:27:50 UTC 2026
Cache sync 33 at Sat May  9 03:27:50 UTC 2026
Cache sync 34 at Sat May  9 03:27:50 UTC 2026
Cache sync 35 at Sat May  9 03:27:50 UTC 2026
Cache sync 36 at Sat May  9 03:27:50 UTC 2026
Cache sync 37 at Sat May  9 03:27:50 UTC 2026
Cache sync 38 at Sat May  9 03:27:50 UTC 2026
Cache sync 39 at Sat May  9 03:27:50 UTC 2026
Cache sync 40 at Sat May  9 03:27:50 UTC 2026
Cache sync 41 at Sat May  9 03:27:50 UTC 2026
Cache sync 42 at Sat May  9 03:27:50 UTC 2026
Cache sync 43 at Sat May  9 03:27:50 UTC 2026
Cache sync 44 at Sat May  9 03:27:50 UTC 2026
Cache sync 45 at Sat May  9 03:27:50 UTC 2026
Cache sync 46 at Sat May  9 03:27:50 UTC 2026
Cache sync 47 at Sat May  9 03:27:50 UTC 2026
Cache sync 48 at Sat May  9 03:27:50 UTC 2026
Cache sync 49 at Sat May  9 03:27:50 UTC 2026
Cache sync 50 at Sat May  9 03:27:50 UTC 2026
Cache sync 51 at Sat May  9 03:27:50 UTC 2026
Cache sync 52 at Sat May  9 03:27:50 UTC 2026
Cache sync 53 at Sat May  9 03:27:51 UTC 2026
Cache sync 54 at Sat May  9 03:27:51 UTC 2026
Cache sync 55 at Sat May  9 03:27:51 UTC 2026
Cache sync 56 at Sat May  9 03:27:51 UTC 2026
Cache sync 57 at Sat May  9 03:27:51 UTC 2026
Cache sync 58 at Sat May  9 03:27:51 UTC 2026
Cache sync 59 at Sat May  9 03:27:51 UTC 2026
Cache sync 60 at Sat May  9 03:27:51 UTC 2026
Cache sync 61 at Sat May  9 03:27:51 UTC 2026
Cache sync 62 at Sat May  9 03:27:51 UTC 2026
Cache sync 63 at Sat May  9 03:27:51 UTC 2026
Cache sync 64 at Sat May  9 03:27:51 UTC 2026
Cache sync 65 at Sat May  9 03:27:51 UTC 2026
Cache sync 66 at Sat May  9 03:27:51 UTC 2026
Cache sync 67 at Sat May  9 03:27:51 UTC 2026
Cache sync 68 at Sat May  9 03:27:51 UTC 2026
Cache sync 69 at Sat May  9 03:27:51 UTC 2026
Cache sync 70 at Sat May  9 03:27:51 UTC 2026
Cache sync 1 at Sat May  9 08:00:58 UTC 2026
Cache sync 2 at Sat May  9 08:00:58 UTC 2026
Cache sync 3 at Sat May  9 08:00:58 UTC 2026
Cache sync 4 at Sat May  9 08:00:58 UTC 2026
Cache sync 5 at Sat May  9 08:00:59 UTC 2026
Cache sync 6 at Sat May  9 08:00:59 UTC 2026
Cache sync 7 at Sat May  9 08:00:59 UTC 2026
Cache sync 8 at Sat May  9 08:00:59 UTC 2026
Cache sync 9 at Sat May  9 08:00:59 UTC 2026
Cache sync 10 at Sat May  9 08:00:59 UTC 2026
Cache sync 11 at Sat May  9 08:00:59 UTC 2026
Cache sync 12 at Sat May  9 08:00:59 UTC 2026
Cache sync 13 at Sat May  9 08:00:59 UTC 2026
Cache sync 14 at Sat May  9 08:00:59 UTC 2026
Cache sync 15 at Sat May  9 08:00:59 UTC 2026
Cache sync 16 at Sat May  9 08:00:59 UTC 2026
Cache sync 17 at Sat May  9 08:00:59 UTC 2026
Cache sync 18 at Sat May  9 08:00:59 UTC 2026
Cache sync 19 at Sat May  9 08:00:59 UTC 2026
Cache sync 20 at Sat May  9 08:00:59 UTC 2026
Cache sync 21 at Sat May  9 08:00:59 UTC 2026
Cache sync 22 at Sat May  9 08:00:59 UTC 2026
Cache sync 23 at Sat May  9 08:00:59 UTC 2026
Cache sync 24 at Sat May  9 08:00:59 UTC 2026
Cache sync 25 at Sat May  9 08:00:59 UTC 2026
Cache sync 26 at Sat May  9 08:00:59 UTC 2026
Cache sync 27 at Sat May  9 08:00:59 UTC 2026
Cache sync 28 at Sat May  9 08:00:59 UTC 2026
Cache sync 29 at Sat May  9 08:00:59 UTC 2026
Cache sync 30 at Sat May  9 08:00:59 UTC 2026
Cache sync 31 at Sat May  9 08:00:59 UTC 2026
Cache sync 32 at Sat May  9 08:00:59 UTC 2026
Cache sync 33 at Sat May  9 08:00:59 UTC 2026
Cache sync 34 at Sat May  9 08:00:59 UTC 2026
Cache sync 35 at Sat May  9 08:00:59 UTC 2026
Cache sync 36 at Sat May  9 08:00:59 UTC 2026
Cache sync 37 at Sat May  9 08:00:59 UTC 2026
Cache sync 38 at Sat May  9 08:00:59 UTC 2026
Cache sync 39 at Sat May  9 08:00:59 UTC 2026
Cache sync 40 at Sat May  9 08:00:59 UTC 2026
Cache sync 41 at Sat May  9 08:00:59 UTC 2026
Cache sync 42 at Sat May  9 08:00:59 UTC 2026
Cache sync 43 at Sat May  9 08:00:59 UTC 2026
Cache sync 44 at Sat May  9 08:00:59 UTC 2026
Cache sync 45 at Sat May  9 08:00:59 UTC 2026
Cache sync 46 at Sat May  9 08:00:59 UTC 2026
Cache sync 47 at Sat May  9 08:00:59 UTC 2026
Cache sync 48 at Sat May  9 08:00:59 UTC 2026
Cache sync 49 at Sat May  9 08:00:59 UTC 2026
Cache sync 50 at Sat May  9 08:00:59 UTC 2026
Cache sync 51 at Sat May  9 08:00:59 UTC 2026
Cache sync 52 at Sat May  9 08:00:59 UTC 2026
Cache sync 53 at Sat May  9 08:00:59 UTC 2026
Cache sync 54 at Sat May  9 08:00:59 UTC 2026
Cache sync 55 at Sat May  9 08:00:59 UTC 2026
Cache sync 56 at Sat May  9 08:00:59 UTC 2026
Cache sync 57 at Sat May  9 08:00:59 UTC 2026
Cache sync 58 at Sat May  9 08:00:59 UTC 2026
Cache sync 59 at Sat May  9 08:00:59 UTC 2026
Cache sync 60 at Sat May  9 08:00:59 UTC 2026
Cache sync 61 at Sat May  9 08:00:59 UTC 2026
Cache sync 62 at Sat May  9 08:00:59 UTC 2026
Cache sync 63 at Sat May  9 08:00:59 UTC 2026
Cache sync 1 at Sat May  9 13:24:54 UTC 2026
Cache sync 2 at Sat May  9 13:24:54 UTC 2026
Cache sync 3 at Sat May  9 13:24:54 UTC 2026
Cache sync 4 at Sat May  9 13:24:54 UTC 2026
Cache sync 5 at Sat May  9 13:24:54 UTC 2026
Cache sync 6 at Sat May  9 13:24:54 UTC 2026
Cache sync 7 at Sat May  9 13:24:54 UTC 2026
Cache sync 8 at Sat May  9 13:24:54 UTC 2026
Cache sync 9 at Sat May  9 13:24:54 UTC 2026
Cache sync 10 at Sat May  9 13:24:54 UTC 2026
Cache sync 11 at Sat May  9 13:24:54 UTC 2026
Cache sync 12 at Sat May  9 13:24:54 UTC 2026
Cache sync 13 at Sat May  9 13:24:54 UTC 2026
Cache sync 14 at Sat May  9 13:24:54 UTC 2026
Cache sync 15 at Sat May  9 13:24:54 UTC 2026
Cache sync 16 at Sat May  9 13:24:54 UTC 2026
Cache sync 17 at Sat May  9 13:24:54 UTC 2026
Cache sync 18 at Sat May  9 13:24:54 UTC 2026
Cache sync 19 at Sat May  9 13:24:54 UTC 2026
Cache sync 20 at Sat May  9 13:24:54 UTC 2026
Cache sync 21 at Sat May  9 13:24:54 UTC 2026
Cache sync 22 at Sat May  9 13:24:54 UTC 2026
Cache sync 23 at Sat May  9 13:24:54 UTC 2026
Cache sync 24 at Sat May  9 13:24:54 UTC 2026
Cache sync 25 at Sat May  9 13:24:54 UTC 2026
Cache sync 26 at Sat May  9 13:24:54 UTC 2026
Cache sync 27 at Sat May  9 13:24:54 UTC 2026
Cache sync 28 at Sat May  9 13:24:54 UTC 2026
Cache sync 29 at Sat May  9 13:24:54 UTC 2026
Cache sync 30 at Sat May  9 13:24:54 UTC 2026
Cache sync 31 at Sat May  9 13:24:54 UTC 2026
Cache sync 32 at Sat May  9 13:24:54 UTC 2026
Cache sync 33 at Sat May  9 13:24:54 UTC 2026
Cache sync 34 at Sat May  9 13:24:54 UTC 2026
Cache sync 35 at Sat May  9 13:24:54 UTC 2026
Cache sync 36 at Sat May  9 13:24:54 UTC 2026
Cache sync 37 at Sat May  9 13:24:54 UTC 2026
Cache sync 38 at Sat May  9 13:24:54 UTC 2026
Cache sync 39 at Sat May  9 13:24:54 UTC 2026
Cache sync 40 at Sat May  9 13:24:54 UTC 2026
Cache sync 41 at Sat May  9 13:24:54 UTC 2026
Cache sync 42 at Sat May  9 13:24:54 UTC 2026
Cache sync 43 at Sat May  9 13:24:54 UTC 2026
Cache sync 44 at Sat May  9 13:24:54 UTC 2026
Cache sync 45 at Sat May  9 13:24:54 UTC 2026
Cache sync 46 at Sat May  9 13:24:54 UTC 2026
Cache sync 47 at Sat May  9 13:24:54 UTC 2026
Cache sync 48 at Sat May  9 13:24:54 UTC 2026
Cache sync 49 at Sat May  9 13:24:54 UTC 2026
Cache sync 50 at Sat May  9 13:24:54 UTC 2026
Cache sync 51 at Sat May  9 13:24:54 UTC 2026
Cache sync 52 at Sat May  9 13:24:54 UTC 2026
Cache sync 53 at Sat May  9 13:24:54 UTC 2026
Cache sync 54 at Sat May  9 13:24:54 UTC 2026
Cache sync 55 at Sat May  9 13:24:54 UTC 2026
Cache sync 56 at Sat May  9 13:24:54 UTC 2026
Cache sync 57 at Sat May  9 13:24:54 UTC 2026
Cache sync 58 at Sat May  9 13:24:54 UTC 2026
Cache sync 59 at Sat May  9 13:24:54 UTC 2026
Cache sync 60 at Sat May  9 13:24:54 UTC 2026
Cache sync 61 at Sat May  9 13:24:54 UTC 2026
Cache sync 62 at Sat May  9 13:24:54 UTC 2026
Cache sync 63 at Sat May  9 13:24:54 UTC 2026
Cache sync 64 at Sat May  9 13:24:54 UTC 2026
Cache sync 65 at Sat May  9 13:24:54 UTC 2026
Cache sync 66 at Sat May  9 13:24:54 UTC 2026
Cache sync 67 at Sat May  9 13:24:54 UTC 2026
Cache sync 68 at Sat May  9 13:24:54 UTC 2026
Cache sync 69 at Sat May  9 13:24:55 UTC 2026
Cache sync 70 at Sat May  9 13:24:55 UTC 2026
Cache sync 71 at Sat May  9 13:24:55 UTC 2026
Cache sync 72 at Sat May  9 13:24:55 UTC 2026
Cache sync 73 at Sat May  9 13:24:55 UTC 2026
Cache sync 74 at Sat May  9 13:24:55 UTC 2026
Cache sync 75 at Sat May  9 13:24:55 UTC 2026
Cache sync 76 at Sat May  9 13:24:55 UTC 2026
Cache sync 77 at Sat May  9 13:24:55 UTC 2026
Cache sync 78 at Sat May  9 13:24:55 UTC 2026
Cache sync 79 at Sat May  9 13:24:55 UTC 2026
Cache sync 80 at Sat May  9 13:24:55 UTC 2026
Cache sync 81 at Sat May  9 13:24:55 UTC 2026
Cache sync 82 at Sat May  9 13:24:55 UTC 2026
Cache sync 83 at Sat May  9 13:24:55 UTC 2026
Cache sync 84 at Sat May  9 13:24:55 UTC 2026
Cache sync 1 at Sat May  9 19:08:38 UTC 2026
Cache sync 2 at Sat May  9 19:08:38 UTC 2026
Cache sync 3 at Sat May  9 19:08:38 UTC 2026
Cache sync 4 at Sat May  9 19:08:38 UTC 2026
Cache sync 5 at Sat May  9 19:08:38 UTC 2026
Cache sync 6 at Sat May  9 19:08:38 UTC 2026
Cache sync 7 at Sat May  9 19:08:38 UTC 2026
Cache sync 8 at Sat May  9 19:08:38 UTC 2026
Cache sync 9 at Sat May  9 19:08:38 UTC 2026
Cache sync 10 at Sat May  9 19:08:38 UTC 2026
Cache sync 11 at Sat May  9 19:08:38 UTC 2026
Cache sync 12 at Sat May  9 19:08:38 UTC 2026
Cache sync 13 at Sat May  9 19:08:38 UTC 2026
Cache sync 14 at Sat May  9 19:08:38 UTC 2026
Cache sync 15 at Sat May  9 19:08:38 UTC 2026
Cache sync 16 at Sat May  9 19:08:38 UTC 2026
Cache sync 17 at Sat May  9 19:08:38 UTC 2026
Cache sync 18 at Sat May  9 19:08:38 UTC 2026
Cache sync 19 at Sat May  9 19:08:38 UTC 2026
Cache sync 20 at Sat May  9 19:08:38 UTC 2026
Cache sync 21 at Sat May  9 19:08:38 UTC 2026
Cache sync 22 at Sat May  9 19:08:38 UTC 2026
Cache sync 23 at Sat May  9 19:08:38 UTC 2026
Cache sync 1 at Sun May 10 03:40:03 UTC 2026
Cache sync 2 at Sun May 10 03:40:03 UTC 2026
Cache sync 3 at Sun May 10 03:40:03 UTC 2026
Cache sync 4 at Sun May 10 03:40:03 UTC 2026
Cache sync 5 at Sun May 10 03:40:03 UTC 2026
Cache sync 6 at Sun May 10 03:40:03 UTC 2026
Cache sync 7 at Sun May 10 03:40:03 UTC 2026
Cache sync 8 at Sun May 10 03:40:03 UTC 2026
Cache sync 9 at Sun May 10 03:40:03 UTC 2026
Cache sync 10 at Sun May 10 03:40:03 UTC 2026
Cache sync 11 at Sun May 10 03:40:03 UTC 2026
Cache sync 12 at Sun May 10 03:40:03 UTC 2026
Cache sync 13 at Sun May 10 03:40:03 UTC 2026
Cache sync 14 at Sun May 10 03:40:03 UTC 2026
Cache sync 15 at Sun May 10 03:40:03 UTC 2026
Cache sync 16 at Sun May 10 03:40:03 UTC 2026
Cache sync 17 at Sun May 10 03:40:03 UTC 2026
Cache sync 18 at Sun May 10 03:40:03 UTC 2026
Cache sync 19 at Sun May 10 03:40:03 UTC 2026
Cache sync 20 at Sun May 10 03:40:03 UTC 2026
Cache sync 21 at Sun May 10 03:40:03 UTC 2026
Cache sync 22 at Sun May 10 03:40:03 UTC 2026
Cache sync 23 at Sun May 10 03:40:03 UTC 2026
Cache sync 24 at Sun May 10 03:40:03 UTC 2026
Cache sync 25 at Sun May 10 03:40:03 UTC 2026
Cache sync 26 at Sun May 10 03:40:03 UTC 2026
Cache sync 27 at Sun May 10 03:40:03 UTC 2026
Cache sync 28 at Sun May 10 03:40:03 UTC 2026
Cache sync 29 at Sun May 10 03:40:03 UTC 2026
Cache sync 30 at Sun May 10 03:40:03 UTC 2026
Cache sync 31 at Sun May 10 03:40:03 UTC 2026
Cache sync 32 at Sun May 10 03:40:03 UTC 2026
Cache sync 33 at Sun May 10 03:40:03 UTC 2026
Cache sync 34 at Sun May 10 03:40:03 UTC 2026
Cache sync 35 at Sun May 10 03:40:03 UTC 2026
Cache sync 36 at Sun May 10 03:40:03 UTC 2026
Cache sync 37 at Sun May 10 03:40:03 UTC 2026
Cache sync 38 at Sun May 10 03:40:03 UTC 2026
Cache sync 39 at Sun May 10 03:40:03 UTC 2026
Cache sync 40 at Sun May 10 03:40:03 UTC 2026
Cache sync 41 at Sun May 10 03:40:03 UTC 2026
Cache sync 42 at Sun May 10 03:40:03 UTC 2026
Cache sync 43 at Sun May 10 03:40:03 UTC 2026
Cache sync 44 at Sun May 10 03:40:03 UTC 2026
Cache sync 45 at Sun May 10 03:40:03 UTC 2026
Cache sync 46 at Sun May 10 03:40:03 UTC 2026
Cache sync 47 at Sun May 10 03:40:03 UTC 2026
Cache sync 48 at Sun May 10 03:40:03 UTC 2026
Cache sync 49 at Sun May 10 03:40:03 UTC 2026
Cache sync 50 at Sun May 10 03:40:03 UTC 2026
Cache sync 51 at Sun May 10 03:40:03 UTC 2026
Cache sync 52 at Sun May 10 03:40:03 UTC 2026
Cache sync 53 at Sun May 10 03:40:04 UTC 2026
Cache sync 54 at Sun May 10 03:40:04 UTC 2026
Cache sync 55 at Sun May 10 03:40:04 UTC 2026
Cache sync 56 at Sun May 10 03:40:04 UTC 2026
Cache sync 57 at Sun May 10 03:40:04 UTC 2026
Cache sync 58 at Sun May 10 03:40:04 UTC 2026
Cache sync 1 at Sun May 10 08:12:19 UTC 2026
Cache sync 2 at Sun May 10 08:12:19 UTC 2026
Cache sync 3 at Sun May 10 08:12:19 UTC 2026
Cache sync 4 at Sun May 10 08:12:19 UTC 2026
Cache sync 5 at Sun May 10 08:12:19 UTC 2026
Cache sync 6 at Sun May 10 08:12:19 UTC 2026
Cache sync 7 at Sun May 10 08:12:19 UTC 2026
Cache sync 8 at Sun May 10 08:12:19 UTC 2026
Cache sync 9 at Sun May 10 08:12:19 UTC 2026
Cache sync 10 at Sun May 10 08:12:19 UTC 2026
Cache sync 11 at Sun May 10 08:12:19 UTC 2026
Cache sync 12 at Sun May 10 08:12:19 UTC 2026
Cache sync 13 at Sun May 10 08:12:19 UTC 2026
Cache sync 14 at Sun May 10 08:12:19 UTC 2026
Cache sync 15 at Sun May 10 08:12:19 UTC 2026
Cache sync 16 at Sun May 10 08:12:19 UTC 2026
Cache sync 17 at Sun May 10 08:12:19 UTC 2026
Cache sync 18 at Sun May 10 08:12:19 UTC 2026
Cache sync 19 at Sun May 10 08:12:19 UTC 2026
Cache sync 20 at Sun May 10 08:12:19 UTC 2026
Cache sync 21 at Sun May 10 08:12:19 UTC 2026
Cache sync 22 at Sun May 10 08:12:19 UTC 2026
Cache sync 23 at Sun May 10 08:12:19 UTC 2026
Cache sync 24 at Sun May 10 08:12:19 UTC 2026
Cache sync 25 at Sun May 10 08:12:19 UTC 2026
Cache sync 26 at Sun May 10 08:12:19 UTC 2026
Cache sync 27 at Sun May 10 08:12:19 UTC 2026
Cache sync 28 at Sun May 10 08:12:19 UTC 2026
Cache sync 29 at Sun May 10 08:12:19 UTC 2026
Cache sync 30 at Sun May 10 08:12:19 UTC 2026
Cache sync 31 at Sun May 10 08:12:19 UTC 2026
Cache sync 32 at Sun May 10 08:12:19 UTC 2026
Cache sync 33 at Sun May 10 08:12:19 UTC 2026
Cache sync 34 at Sun May 10 08:12:19 UTC 2026
Cache sync 35 at Sun May 10 08:12:19 UTC 2026
Cache sync 36 at Sun May 10 08:12:19 UTC 2026
Cache sync 37 at Sun May 10 08:12:19 UTC 2026
Cache sync 38 at Sun May 10 08:12:19 UTC 2026
Cache sync 39 at Sun May 10 08:12:19 UTC 2026
Cache sync 40 at Sun May 10 08:12:19 UTC 2026
Cache sync 41 at Sun May 10 08:12:19 UTC 2026
Cache sync 42 at Sun May 10 08:12:19 UTC 2026
Cache sync 43 at Sun May 10 08:12:19 UTC 2026
Cache sync 44 at Sun May 10 08:12:19 UTC 2026
Cache sync 45 at Sun May 10 08:12:19 UTC 2026
Cache sync 46 at Sun May 10 08:12:19 UTC 2026
Cache sync 47 at Sun May 10 08:12:19 UTC 2026
Cache sync 48 at Sun May 10 08:12:19 UTC 2026
Cache sync 49 at Sun May 10 08:12:19 UTC 2026
Cache sync 50 at Sun May 10 08:12:19 UTC 2026
Cache sync 51 at Sun May 10 08:12:19 UTC 2026
Cache sync 1 at Sun May 10 13:26:56 UTC 2026
Cache sync 2 at Sun May 10 13:26:56 UTC 2026
Cache sync 3 at Sun May 10 13:26:56 UTC 2026
Cache sync 4 at Sun May 10 13:26:56 UTC 2026
Cache sync 5 at Sun May 10 13:26:56 UTC 2026
Cache sync 6 at Sun May 10 13:26:56 UTC 2026
Cache sync 7 at Sun May 10 13:26:56 UTC 2026
Cache sync 8 at Sun May 10 13:26:56 UTC 2026
Cache sync 9 at Sun May 10 13:26:56 UTC 2026
Cache sync 10 at Sun May 10 13:26:56 UTC 2026
Cache sync 11 at Sun May 10 13:26:56 UTC 2026
Cache sync 12 at Sun May 10 13:26:56 UTC 2026
Cache sync 13 at Sun May 10 13:26:56 UTC 2026
Cache sync 14 at Sun May 10 13:26:56 UTC 2026
Cache sync 15 at Sun May 10 13:26:56 UTC 2026
Cache sync 16 at Sun May 10 13:26:56 UTC 2026
Cache sync 17 at Sun May 10 13:26:56 UTC 2026
Cache sync 18 at Sun May 10 13:26:56 UTC 2026
Cache sync 19 at Sun May 10 13:26:56 UTC 2026
Cache sync 20 at Sun May 10 13:26:56 UTC 2026
Cache sync 21 at Sun May 10 13:26:56 UTC 2026
Cache sync 22 at Sun May 10 13:26:56 UTC 2026
Cache sync 23 at Sun May 10 13:26:56 UTC 2026
Cache sync 24 at Sun May 10 13:26:56 UTC 2026
Cache sync 25 at Sun May 10 13:26:56 UTC 2026
Cache sync 26 at Sun May 10 13:26:56 UTC 2026
Cache sync 27 at Sun May 10 13:26:56 UTC 2026
Cache sync 28 at Sun May 10 13:26:56 UTC 2026
Cache sync 29 at Sun May 10 13:26:56 UTC 2026
Cache sync 30 at Sun May 10 13:26:56 UTC 2026
Cache sync 31 at Sun May 10 13:26:56 UTC 2026
Cache sync 32 at Sun May 10 13:26:56 UTC 2026
Cache sync 33 at Sun May 10 13:26:56 UTC 2026
Cache sync 34 at Sun May 10 13:26:56 UTC 2026
Cache sync 35 at Sun May 10 13:26:56 UTC 2026
Cache sync 36 at Sun May 10 13:26:56 UTC 2026
Cache sync 37 at Sun May 10 13:26:56 UTC 2026
Cache sync 38 at Sun May 10 13:26:56 UTC 2026
Cache sync 39 at Sun May 10 13:26:56 UTC 2026
Cache sync 40 at Sun May 10 13:26:56 UTC 2026
Cache sync 41 at Sun May 10 13:26:56 UTC 2026
Cache sync 42 at Sun May 10 13:26:56 UTC 2026
Cache sync 43 at Sun May 10 13:26:57 UTC 2026
Cache sync 44 at Sun May 10 13:26:57 UTC 2026
Cache sync 45 at Sun May 10 13:26:57 UTC 2026
Cache sync 46 at Sun May 10 13:26:57 UTC 2026
Cache sync 1 at Sun May 10 19:10:25 UTC 2026
Cache sync 2 at Sun May 10 19:10:25 UTC 2026
Cache sync 3 at Sun May 10 19:10:25 UTC 2026
Cache sync 4 at Sun May 10 19:10:25 UTC 2026
Cache sync 5 at Sun May 10 19:10:25 UTC 2026
Cache sync 6 at Sun May 10 19:10:25 UTC 2026
Cache sync 7 at Sun May 10 19:10:25 UTC 2026
Cache sync 8 at Sun May 10 19:10:25 UTC 2026
Cache sync 9 at Sun May 10 19:10:25 UTC 2026
Cache sync 10 at Sun May 10 19:10:25 UTC 2026
Cache sync 11 at Sun May 10 19:10:25 UTC 2026
Cache sync 12 at Sun May 10 19:10:25 UTC 2026
Cache sync 13 at Sun May 10 19:10:25 UTC 2026
Cache sync 14 at Sun May 10 19:10:25 UTC 2026
Cache sync 15 at Sun May 10 19:10:25 UTC 2026
Cache sync 16 at Sun May 10 19:10:25 UTC 2026
Cache sync 17 at Sun May 10 19:10:25 UTC 2026
Cache sync 18 at Sun May 10 19:10:26 UTC 2026
Cache sync 19 at Sun May 10 19:10:26 UTC 2026
Cache sync 20 at Sun May 10 19:10:26 UTC 2026
Cache sync 21 at Sun May 10 19:10:26 UTC 2026
Cache sync 22 at Sun May 10 19:10:26 UTC 2026
Cache sync 23 at Sun May 10 19:10:26 UTC 2026
Cache sync 24 at Sun May 10 19:10:26 UTC 2026
Cache sync 25 at Sun May 10 19:10:26 UTC 2026
Cache sync 26 at Sun May 10 19:10:26 UTC 2026
Cache sync 27 at Sun May 10 19:10:26 UTC 2026
Cache sync 28 at Sun May 10 19:10:26 UTC 2026
Cache sync 29 at Sun May 10 19:10:26 UTC 2026
Cache sync 30 at Sun May 10 19:10:26 UTC 2026
Cache sync 31 at Sun May 10 19:10:26 UTC 2026
Cache sync 32 at Sun May 10 19:10:26 UTC 2026
Cache sync 33 at Sun May 10 19:10:26 UTC 2026
Cache sync 34 at Sun May 10 19:10:26 UTC 2026
Cache sync 35 at Sun May 10 19:10:26 UTC 2026
Cache sync 36 at Sun May 10 19:10:26 UTC 2026
Cache sync 37 at Sun May 10 19:10:26 UTC 2026
Cache sync 38 at Sun May 10 19:10:26 UTC 2026
Cache sync 39 at Sun May 10 19:10:26 UTC 2026
Cache sync 40 at Sun May 10 19:10:26 UTC 2026
Cache sync 41 at Sun May 10 19:10:26 UTC 2026
Cache sync 42 at Sun May 10 19:10:26 UTC 2026
Cache sync 43 at Sun May 10 19:10:26 UTC 2026
Cache sync 44 at Sun May 10 19:10:26 UTC 2026
Cache sync 45 at Sun May 10 19:10:26 UTC 2026
Cache sync 46 at Sun May 10 19:10:26 UTC 2026
Cache sync 47 at Sun May 10 19:10:26 UTC 2026
Cache sync 48 at Sun May 10 19:10:26 UTC 2026
Cache sync 49 at Sun May 10 19:10:26 UTC 2026
Cache sync 50 at Sun May 10 19:10:26 UTC 2026
Cache sync 51 at Sun May 10 19:10:26 UTC 2026
Cache sync 52 at Sun May 10 19:10:26 UTC 2026
Cache sync 53 at Sun May 10 19:10:26 UTC 2026
Cache sync 54 at Sun May 10 19:10:26 UTC 2026
Cache sync 55 at Sun May 10 19:10:26 UTC 2026
Cache sync 56 at Sun May 10 19:10:26 UTC 2026
Cache sync 57 at Sun May 10 19:10:26 UTC 2026
Cache sync 58 at Sun May 10 19:10:26 UTC 2026
Cache sync 59 at Sun May 10 19:10:26 UTC 2026
Cache sync 60 at Sun May 10 19:10:26 UTC 2026
Cache sync 1 at Mon May 11 03:54:00 UTC 2026
Cache sync 2 at Mon May 11 03:54:00 UTC 2026
Cache sync 3 at Mon May 11 03:54:00 UTC 2026
Cache sync 4 at Mon May 11 03:54:00 UTC 2026
Cache sync 5 at Mon May 11 03:54:00 UTC 2026
Cache sync 6 at Mon May 11 03:54:00 UTC 2026
Cache sync 7 at Mon May 11 03:54:00 UTC 2026
Cache sync 8 at Mon May 11 03:54:00 UTC 2026
Cache sync 9 at Mon May 11 03:54:00 UTC 2026
Cache sync 10 at Mon May 11 03:54:00 UTC 2026
Cache sync 11 at Mon May 11 03:54:00 UTC 2026
Cache sync 12 at Mon May 11 03:54:00 UTC 2026
Cache sync 13 at Mon May 11 03:54:00 UTC 2026
Cache sync 14 at Mon May 11 03:54:00 UTC 2026
Cache sync 15 at Mon May 11 03:54:00 UTC 2026
Cache sync 16 at Mon May 11 03:54:00 UTC 2026
Cache sync 17 at Mon May 11 03:54:00 UTC 2026
Cache sync 18 at Mon May 11 03:54:00 UTC 2026
Cache sync 19 at Mon May 11 03:54:00 UTC 2026
Cache sync 20 at Mon May 11 03:54:00 UTC 2026
Cache sync 21 at Mon May 11 03:54:00 UTC 2026
Cache sync 22 at Mon May 11 03:54:00 UTC 2026
Cache sync 23 at Mon May 11 03:54:00 UTC 2026
Cache sync 24 at Mon May 11 03:54:00 UTC 2026
Cache sync 25 at Mon May 11 03:54:00 UTC 2026
Cache sync 26 at Mon May 11 03:54:00 UTC 2026
Cache sync 27 at Mon May 11 03:54:00 UTC 2026
Cache sync 28 at Mon May 11 03:54:00 UTC 2026
Cache sync 29 at Mon May 11 03:54:01 UTC 2026
Cache sync 30 at Mon May 11 03:54:01 UTC 2026
Cache sync 31 at Mon May 11 03:54:01 UTC 2026
Cache sync 32 at Mon May 11 03:54:01 UTC 2026
Cache sync 33 at Mon May 11 03:54:01 UTC 2026
Cache sync 34 at Mon May 11 03:54:01 UTC 2026
Cache sync 35 at Mon May 11 03:54:01 UTC 2026
Cache sync 36 at Mon May 11 03:54:01 UTC 2026
Cache sync 37 at Mon May 11 03:54:01 UTC 2026
Cache sync 38 at Mon May 11 03:54:01 UTC 2026
Cache sync 39 at Mon May 11 03:54:01 UTC 2026
Cache sync 40 at Mon May 11 03:54:01 UTC 2026
Cache sync 41 at Mon May 11 03:54:01 UTC 2026
Cache sync 42 at Mon May 11 03:54:01 UTC 2026
Cache sync 43 at Mon May 11 03:54:01 UTC 2026
Cache sync 44 at Mon May 11 03:54:01 UTC 2026
Cache sync 45 at Mon May 11 03:54:01 UTC 2026
Cache sync 46 at Mon May 11 03:54:01 UTC 2026
Cache sync 47 at Mon May 11 03:54:01 UTC 2026
Cache sync 48 at Mon May 11 03:54:01 UTC 2026
Cache sync 49 at Mon May 11 03:54:01 UTC 2026
Cache sync 50 at Mon May 11 03:54:01 UTC 2026
Cache sync 51 at Mon May 11 03:54:01 UTC 2026
Cache sync 52 at Mon May 11 03:54:01 UTC 2026
Cache sync 53 at Mon May 11 03:54:01 UTC 2026
Cache sync 54 at Mon May 11 03:54:01 UTC 2026
Cache sync 55 at Mon May 11 03:54:01 UTC 2026
Cache sync 56 at Mon May 11 03:54:01 UTC 2026
Cache sync 1 at Mon May 11 09:48:03 UTC 2026
Cache sync 2 at Mon May 11 09:48:03 UTC 2026
Cache sync 3 at Mon May 11 09:48:03 UTC 2026
Cache sync 4 at Mon May 11 09:48:03 UTC 2026
Cache sync 5 at Mon May 11 09:48:03 UTC 2026
Cache sync 6 at Mon May 11 09:48:03 UTC 2026
Cache sync 7 at Mon May 11 09:48:03 UTC 2026
Cache sync 8 at Mon May 11 09:48:03 UTC 2026
Cache sync 9 at Mon May 11 09:48:03 UTC 2026
Cache sync 10 at Mon May 11 09:48:03 UTC 2026
Cache sync 11 at Mon May 11 09:48:03 UTC 2026
Cache sync 12 at Mon May 11 09:48:03 UTC 2026
Cache sync 13 at Mon May 11 09:48:03 UTC 2026
Cache sync 14 at Mon May 11 09:48:03 UTC 2026
Cache sync 15 at Mon May 11 09:48:03 UTC 2026
Cache sync 16 at Mon May 11 09:48:03 UTC 2026
Cache sync 17 at Mon May 11 09:48:03 UTC 2026
Cache sync 18 at Mon May 11 09:48:03 UTC 2026
Cache sync 19 at Mon May 11 09:48:03 UTC 2026
Cache sync 20 at Mon May 11 09:48:03 UTC 2026
Cache sync 21 at Mon May 11 09:48:03 UTC 2026
Cache sync 1 at Mon May 11 15:19:28 UTC 2026
Cache sync 2 at Mon May 11 15:19:28 UTC 2026
Cache sync 3 at Mon May 11 15:19:28 UTC 2026
Cache sync 4 at Mon May 11 15:19:28 UTC 2026
Cache sync 5 at Mon May 11 15:19:28 UTC 2026
Cache sync 6 at Mon May 11 15:19:28 UTC 2026
Cache sync 7 at Mon May 11 15:19:28 UTC 2026
Cache sync 8 at Mon May 11 15:19:29 UTC 2026
Cache sync 9 at Mon May 11 15:19:29 UTC 2026
Cache sync 10 at Mon May 11 15:19:29 UTC 2026
Cache sync 11 at Mon May 11 15:19:29 UTC 2026
Cache sync 12 at Mon May 11 15:19:29 UTC 2026
Cache sync 13 at Mon May 11 15:19:29 UTC 2026
Cache sync 14 at Mon May 11 15:19:29 UTC 2026
Cache sync 15 at Mon May 11 15:19:29 UTC 2026
Cache sync 16 at Mon May 11 15:19:29 UTC 2026
Cache sync 17 at Mon May 11 15:19:29 UTC 2026
Cache sync 18 at Mon May 11 15:19:29 UTC 2026
Cache sync 19 at Mon May 11 15:19:29 UTC 2026
Cache sync 20 at Mon May 11 15:19:29 UTC 2026
Cache sync 21 at Mon May 11 15:19:29 UTC 2026
Cache sync 22 at Mon May 11 15:19:29 UTC 2026
Cache sync 23 at Mon May 11 15:19:29 UTC 2026
Cache sync 24 at Mon May 11 15:19:29 UTC 2026
Cache sync 25 at Mon May 11 15:19:29 UTC 2026
Cache sync 26 at Mon May 11 15:19:29 UTC 2026
Cache sync 27 at Mon May 11 15:19:29 UTC 2026
Cache sync 28 at Mon May 11 15:19:29 UTC 2026
Cache sync 29 at Mon May 11 15:19:29 UTC 2026
Cache sync 30 at Mon May 11 15:19:29 UTC 2026
Cache sync 31 at Mon May 11 15:19:29 UTC 2026
Cache sync 32 at Mon May 11 15:19:29 UTC 2026
Cache sync 33 at Mon May 11 15:19:29 UTC 2026
Cache sync 34 at Mon May 11 15:19:29 UTC 2026
Cache sync 35 at Mon May 11 15:19:29 UTC 2026
Cache sync 36 at Mon May 11 15:19:29 UTC 2026
Cache sync 37 at Mon May 11 15:19:29 UTC 2026
Cache sync 38 at Mon May 11 15:19:29 UTC 2026
Cache sync 39 at Mon May 11 15:19:29 UTC 2026
Cache sync 40 at Mon May 11 15:19:29 UTC 2026
Cache sync 41 at Mon May 11 15:19:29 UTC 2026
Cache sync 42 at Mon May 11 15:19:29 UTC 2026
Cache sync 43 at Mon May 11 15:19:29 UTC 2026
Cache sync 44 at Mon May 11 15:19:29 UTC 2026
Cache sync 45 at Mon May 11 15:19:29 UTC 2026
Cache sync 46 at Mon May 11 15:19:29 UTC 2026
Cache sync 47 at Mon May 11 15:19:29 UTC 2026
Cache sync 48 at Mon May 11 15:19:29 UTC 2026
Cache sync 49 at Mon May 11 15:19:29 UTC 2026
Cache sync 50 at Mon May 11 15:19:29 UTC 2026
Cache sync 51 at Mon May 11 15:19:29 UTC 2026
Cache sync 52 at Mon May 11 15:19:29 UTC 2026
Cache sync 53 at Mon May 11 15:19:29 UTC 2026
Cache sync 54 at Mon May 11 15:19:29 UTC 2026
Cache sync 55 at Mon May 11 15:19:29 UTC 2026
Cache sync 56 at Mon May 11 15:19:29 UTC 2026
Cache sync 57 at Mon May 11 15:19:29 UTC 2026
Cache sync 58 at Mon May 11 15:19:29 UTC 2026
Cache sync 59 at Mon May 11 15:19:29 UTC 2026
Cache sync 60 at Mon May 11 15:19:29 UTC 2026
Cache sync 61 at Mon May 11 15:19:29 UTC 2026
Cache sync 62 at Mon May 11 15:19:29 UTC 2026
Cache sync 63 at Mon May 11 15:19:30 UTC 2026
Cache sync 64 at Mon May 11 15:19:30 UTC 2026
Cache sync 65 at Mon May 11 15:19:30 UTC 2026
Cache sync 66 at Mon May 11 15:19:30 UTC 2026
Cache sync 67 at Mon May 11 15:19:30 UTC 2026
Cache sync 68 at Mon May 11 15:19:30 UTC 2026
Cache sync 69 at Mon May 11 15:19:30 UTC 2026
Cache sync 70 at Mon May 11 15:19:30 UTC 2026
Cache sync 1 at Mon May 11 19:53:15 UTC 2026
Cache sync 2 at Mon May 11 19:53:15 UTC 2026
Cache sync 3 at Mon May 11 19:53:15 UTC 2026
Cache sync 4 at Mon May 11 19:53:15 UTC 2026
Cache sync 5 at Mon May 11 19:53:15 UTC 2026
Cache sync 6 at Mon May 11 19:53:15 UTC 2026
Cache sync 7 at Mon May 11 19:53:15 UTC 2026
Cache sync 8 at Mon May 11 19:53:15 UTC 2026
Cache sync 9 at Mon May 11 19:53:15 UTC 2026
Cache sync 10 at Mon May 11 19:53:15 UTC 2026
Cache sync 11 at Mon May 11 19:53:15 UTC 2026
Cache sync 12 at Mon May 11 19:53:15 UTC 2026
Cache sync 13 at Mon May 11 19:53:15 UTC 2026
Cache sync 14 at Mon May 11 19:53:15 UTC 2026
Cache sync 15 at Mon May 11 19:53:15 UTC 2026
Cache sync 16 at Mon May 11 19:53:15 UTC 2026
Cache sync 17 at Mon May 11 19:53:15 UTC 2026
Cache sync 18 at Mon May 11 19:53:15 UTC 2026
Cache sync 19 at Mon May 11 19:53:15 UTC 2026
Cache sync 20 at Mon May 11 19:53:15 UTC 2026
Cache sync 21 at Mon May 11 19:53:15 UTC 2026
Cache sync 22 at Mon May 11 19:53:15 UTC 2026
Cache sync 23 at Mon May 11 19:53:16 UTC 2026
Cache sync 24 at Mon May 11 19:53:16 UTC 2026
Cache sync 25 at Mon May 11 19:53:16 UTC 2026
Cache sync 26 at Mon May 11 19:53:16 UTC 2026
Cache sync 27 at Mon May 11 19:53:16 UTC 2026
Cache sync 28 at Mon May 11 19:53:16 UTC 2026
Cache sync 29 at Mon May 11 19:53:16 UTC 2026
Cache sync 30 at Mon May 11 19:53:16 UTC 2026
Cache sync 31 at Mon May 11 19:53:16 UTC 2026
Cache sync 32 at Mon May 11 19:53:16 UTC 2026
Cache sync 33 at Mon May 11 19:53:16 UTC 2026
Cache sync 34 at Mon May 11 19:53:16 UTC 2026
Cache sync 35 at Mon May 11 19:53:16 UTC 2026
Cache sync 36 at Mon May 11 19:53:16 UTC 2026
Cache sync 37 at Mon May 11 19:53:16 UTC 2026
Cache sync 38 at Mon May 11 19:53:16 UTC 2026
Cache sync 39 at Mon May 11 19:53:16 UTC 2026
Cache sync 40 at Mon May 11 19:53:16 UTC 2026
Cache sync 41 at Mon May 11 19:53:16 UTC 2026
Cache sync 42 at Mon May 11 19:53:16 UTC 2026
Cache sync 43 at Mon May 11 19:53:16 UTC 2026
Cache sync 44 at Mon May 11 19:53:16 UTC 2026
Cache sync 45 at Mon May 11 19:53:16 UTC 2026
Cache sync 46 at Mon May 11 19:53:16 UTC 2026
Cache sync 47 at Mon May 11 19:53:16 UTC 2026
Cache sync 48 at Mon May 11 19:53:16 UTC 2026
Cache sync 49 at Mon May 11 19:53:16 UTC 2026
Cache sync 50 at Mon May 11 19:53:16 UTC 2026
Cache sync 51 at Mon May 11 19:53:16 UTC 2026
Cache sync 52 at Mon May 11 19:53:16 UTC 2026
Cache sync 53 at Mon May 11 19:53:16 UTC 2026
Cache sync 54 at Mon May 11 19:53:16 UTC 2026
Cache sync 55 at Mon May 11 19:53:16 UTC 2026
Cache sync 56 at Mon May 11 19:53:16 UTC 2026
Cache sync 57 at Mon May 11 19:53:16 UTC 2026
Cache sync 58 at Mon May 11 19:53:16 UTC 2026
Cache sync 59 at Mon May 11 19:53:16 UTC 2026
Cache sync 60 at Mon May 11 19:53:16 UTC 2026
Cache sync 61 at Mon May 11 19:53:16 UTC 2026
Cache sync 62 at Mon May 11 19:53:16 UTC 2026
Cache sync 63 at Mon May 11 19:53:16 UTC 2026
Cache sync 64 at Mon May 11 19:53:16 UTC 2026
Cache sync 65 at Mon May 11 19:53:16 UTC 2026
Cache sync 66 at Mon May 11 19:53:16 UTC 2026
Cache sync 1 at Tue May 12 03:37:01 UTC 2026
Cache sync 2 at Tue May 12 03:37:01 UTC 2026
Cache sync 3 at Tue May 12 03:37:01 UTC 2026
Cache sync 4 at Tue May 12 03:37:01 UTC 2026
Cache sync 5 at Tue May 12 03:37:01 UTC 2026
Cache sync 6 at Tue May 12 03:37:01 UTC 2026
Cache sync 7 at Tue May 12 03:37:01 UTC 2026
Cache sync 8 at Tue May 12 03:37:01 UTC 2026
Cache sync 9 at Tue May 12 03:37:01 UTC 2026
Cache sync 10 at Tue May 12 03:37:01 UTC 2026
Cache sync 11 at Tue May 12 03:37:01 UTC 2026
Cache sync 12 at Tue May 12 03:37:01 UTC 2026
Cache sync 13 at Tue May 12 03:37:01 UTC 2026
Cache sync 14 at Tue May 12 03:37:01 UTC 2026
Cache sync 15 at Tue May 12 03:37:01 UTC 2026
Cache sync 16 at Tue May 12 03:37:01 UTC 2026
Cache sync 17 at Tue May 12 03:37:01 UTC 2026
Cache sync 18 at Tue May 12 03:37:01 UTC 2026
Cache sync 19 at Tue May 12 03:37:01 UTC 2026
Cache sync 20 at Tue May 12 03:37:01 UTC 2026
Cache sync 21 at Tue May 12 03:37:01 UTC 2026
Cache sync 22 at Tue May 12 03:37:01 UTC 2026
Cache sync 23 at Tue May 12 03:37:01 UTC 2026
Cache sync 24 at Tue May 12 03:37:01 UTC 2026
Cache sync 25 at Tue May 12 03:37:01 UTC 2026
Cache sync 26 at Tue May 12 03:37:01 UTC 2026
Cache sync 1 at Tue May 12 08:45:43 UTC 2026
Cache sync 2 at Tue May 12 08:45:43 UTC 2026
Cache sync 3 at Tue May 12 08:45:43 UTC 2026
Cache sync 4 at Tue May 12 08:45:43 UTC 2026
Cache sync 5 at Tue May 12 08:45:43 UTC 2026
Cache sync 6 at Tue May 12 08:45:43 UTC 2026
Cache sync 7 at Tue May 12 08:45:43 UTC 2026
Cache sync 8 at Tue May 12 08:45:43 UTC 2026
Cache sync 9 at Tue May 12 08:45:43 UTC 2026
Cache sync 10 at Tue May 12 08:45:43 UTC 2026
Cache sync 11 at Tue May 12 08:45:43 UTC 2026
Cache sync 12 at Tue May 12 08:45:43 UTC 2026
Cache sync 13 at Tue May 12 08:45:43 UTC 2026
Cache sync 14 at Tue May 12 08:45:43 UTC 2026
Cache sync 15 at Tue May 12 08:45:43 UTC 2026
Cache sync 16 at Tue May 12 08:45:43 UTC 2026
Cache sync 17 at Tue May 12 08:45:43 UTC 2026
Cache sync 18 at Tue May 12 08:45:43 UTC 2026
Cache sync 19 at Tue May 12 08:45:43 UTC 2026
Cache sync 20 at Tue May 12 08:45:43 UTC 2026
Cache sync 21 at Tue May 12 08:45:43 UTC 2026
Cache sync 22 at Tue May 12 08:45:43 UTC 2026
Cache sync 23 at Tue May 12 08:45:43 UTC 2026
Cache sync 24 at Tue May 12 08:45:43 UTC 2026
Cache sync 25 at Tue May 12 08:45:43 UTC 2026
Cache sync 26 at Tue May 12 08:45:43 UTC 2026
Cache sync 27 at Tue May 12 08:45:43 UTC 2026
Cache sync 28 at Tue May 12 08:45:43 UTC 2026
Cache sync 29 at Tue May 12 08:45:43 UTC 2026
Cache sync 30 at Tue May 12 08:45:43 UTC 2026
Cache sync 31 at Tue May 12 08:45:43 UTC 2026
Cache sync 32 at Tue May 12 08:45:43 UTC 2026
Cache sync 33 at Tue May 12 08:45:43 UTC 2026
Cache sync 34 at Tue May 12 08:45:43 UTC 2026
Cache sync 35 at Tue May 12 08:45:43 UTC 2026
Cache sync 36 at Tue May 12 08:45:43 UTC 2026
Cache sync 37 at Tue May 12 08:45:43 UTC 2026
Cache sync 38 at Tue May 12 08:45:43 UTC 2026
Cache sync 39 at Tue May 12 08:45:43 UTC 2026
Cache sync 40 at Tue May 12 08:45:43 UTC 2026
Cache sync 41 at Tue May 12 08:45:43 UTC 2026
Cache sync 42 at Tue May 12 08:45:43 UTC 2026
Cache sync 43 at Tue May 12 08:45:43 UTC 2026
Cache sync 44 at Tue May 12 08:45:43 UTC 2026
Cache sync 45 at Tue May 12 08:45:43 UTC 2026
Cache sync 46 at Tue May 12 08:45:43 UTC 2026
Cache sync 47 at Tue May 12 08:45:43 UTC 2026
Cache sync 48 at Tue May 12 08:45:43 UTC 2026
Cache sync 49 at Tue May 12 08:45:43 UTC 2026
Cache sync 50 at Tue May 12 08:45:43 UTC 2026
Cache sync 51 at Tue May 12 08:45:43 UTC 2026
Cache sync 52 at Tue May 12 08:45:43 UTC 2026
Cache sync 53 at Tue May 12 08:45:43 UTC 2026
Cache sync 54 at Tue May 12 08:45:43 UTC 2026
Cache sync 55 at Tue May 12 08:45:43 UTC 2026
Cache sync 56 at Tue May 12 08:45:43 UTC 2026
Cache sync 57 at Tue May 12 08:45:43 UTC 2026
Cache sync 58 at Tue May 12 08:45:43 UTC 2026
Cache sync 59 at Tue May 12 08:45:43 UTC 2026
Cache sync 60 at Tue May 12 08:45:43 UTC 2026
Cache sync 61 at Tue May 12 08:45:43 UTC 2026
Cache sync 1 at Tue May 12 14:33:21 UTC 2026
Cache sync 2 at Tue May 12 14:33:21 UTC 2026
Cache sync 3 at Tue May 12 14:33:21 UTC 2026
Cache sync 4 at Tue May 12 14:33:21 UTC 2026
Cache sync 5 at Tue May 12 14:33:21 UTC 2026
Cache sync 6 at Tue May 12 14:33:21 UTC 2026
Cache sync 7 at Tue May 12 14:33:21 UTC 2026
Cache sync 8 at Tue May 12 14:33:21 UTC 2026
Cache sync 9 at Tue May 12 14:33:21 UTC 2026
Cache sync 10 at Tue May 12 14:33:21 UTC 2026
Cache sync 11 at Tue May 12 14:33:21 UTC 2026
Cache sync 12 at Tue May 12 14:33:21 UTC 2026
Cache sync 13 at Tue May 12 14:33:21 UTC 2026
Cache sync 14 at Tue May 12 14:33:21 UTC 2026
Cache sync 15 at Tue May 12 14:33:21 UTC 2026
Cache sync 16 at Tue May 12 14:33:21 UTC 2026
Cache sync 17 at Tue May 12 14:33:21 UTC 2026
Cache sync 18 at Tue May 12 14:33:21 UTC 2026
Cache sync 19 at Tue May 12 14:33:21 UTC 2026
Cache sync 20 at Tue May 12 14:33:21 UTC 2026
Cache sync 21 at Tue May 12 14:33:21 UTC 2026
Cache sync 22 at Tue May 12 14:33:21 UTC 2026
Cache sync 23 at Tue May 12 14:33:21 UTC 2026
Cache sync 24 at Tue May 12 14:33:21 UTC 2026
Cache sync 25 at Tue May 12 14:33:21 UTC 2026
Cache sync 26 at Tue May 12 14:33:21 UTC 2026
Cache sync 27 at Tue May 12 14:33:21 UTC 2026
Cache sync 28 at Tue May 12 14:33:21 UTC 2026
Cache sync 29 at Tue May 12 14:33:21 UTC 2026
Cache sync 30 at Tue May 12 14:33:21 UTC 2026
Cache sync 31 at Tue May 12 14:33:21 UTC 2026
Cache sync 32 at Tue May 12 14:33:21 UTC 2026
Cache sync 33 at Tue May 12 14:33:21 UTC 2026
Cache sync 34 at Tue May 12 14:33:21 UTC 2026
Cache sync 35 at Tue May 12 14:33:21 UTC 2026
Cache sync 36 at Tue May 12 14:33:21 UTC 2026
Cache sync 37 at Tue May 12 14:33:21 UTC 2026
Cache sync 38 at Tue May 12 14:33:21 UTC 2026
Cache sync 39 at Tue May 12 14:33:21 UTC 2026
Cache sync 40 at Tue May 12 14:33:21 UTC 2026
Cache sync 41 at Tue May 12 14:33:21 UTC 2026
Cache sync 42 at Tue May 12 14:33:21 UTC 2026
Cache sync 43 at Tue May 12 14:33:21 UTC 2026
Cache sync 44 at Tue May 12 14:33:21 UTC 2026
Cache sync 45 at Tue May 12 14:33:21 UTC 2026
Cache sync 46 at Tue May 12 14:33:21 UTC 2026
Cache sync 47 at Tue May 12 14:33:21 UTC 2026
Cache sync 48 at Tue May 12 14:33:21 UTC 2026
Cache sync 49 at Tue May 12 14:33:21 UTC 2026
Cache sync 50 at Tue May 12 14:33:21 UTC 2026
Cache sync 51 at Tue May 12 14:33:21 UTC 2026
Cache sync 52 at Tue May 12 14:33:21 UTC 2026
Cache sync 53 at Tue May 12 14:33:21 UTC 2026
Cache sync 54 at Tue May 12 14:33:21 UTC 2026
Cache sync 55 at Tue May 12 14:33:21 UTC 2026
Cache sync 56 at Tue May 12 14:33:21 UTC 2026
Cache sync 57 at Tue May 12 14:33:21 UTC 2026
Cache sync 58 at Tue May 12 14:33:21 UTC 2026
Cache sync 59 at Tue May 12 14:33:21 UTC 2026
Cache sync 60 at Tue May 12 14:33:21 UTC 2026
Cache sync 61 at Tue May 12 14:33:21 UTC 2026
Cache sync 62 at Tue May 12 14:33:21 UTC 2026
Cache sync 63 at Tue May 12 14:33:21 UTC 2026
Cache sync 1 at Tue May 12 19:58:14 UTC 2026
Cache sync 2 at Tue May 12 19:58:14 UTC 2026
Cache sync 3 at Tue May 12 19:58:14 UTC 2026
Cache sync 4 at Tue May 12 19:58:14 UTC 2026
Cache sync 5 at Tue May 12 19:58:14 UTC 2026
Cache sync 6 at Tue May 12 19:58:14 UTC 2026
Cache sync 7 at Tue May 12 19:58:14 UTC 2026
Cache sync 8 at Tue May 12 19:58:14 UTC 2026
Cache sync 9 at Tue May 12 19:58:14 UTC 2026
Cache sync 10 at Tue May 12 19:58:14 UTC 2026
Cache sync 11 at Tue May 12 19:58:14 UTC 2026
Cache sync 12 at Tue May 12 19:58:14 UTC 2026
Cache sync 13 at Tue May 12 19:58:14 UTC 2026
Cache sync 14 at Tue May 12 19:58:14 UTC 2026
Cache sync 15 at Tue May 12 19:58:14 UTC 2026
Cache sync 16 at Tue May 12 19:58:14 UTC 2026
Cache sync 17 at Tue May 12 19:58:14 UTC 2026
Cache sync 18 at Tue May 12 19:58:14 UTC 2026
Cache sync 19 at Tue May 12 19:58:14 UTC 2026
Cache sync 20 at Tue May 12 19:58:14 UTC 2026
Cache sync 21 at Tue May 12 19:58:14 UTC 2026
Cache sync 22 at Tue May 12 19:58:14 UTC 2026
Cache sync 23 at Tue May 12 19:58:14 UTC 2026
Cache sync 24 at Tue May 12 19:58:14 UTC 2026
Cache sync 25 at Tue May 12 19:58:14 UTC 2026
Cache sync 26 at Tue May 12 19:58:14 UTC 2026
Cache sync 27 at Tue May 12 19:58:14 UTC 2026
Cache sync 28 at Tue May 12 19:58:14 UTC 2026
Cache sync 29 at Tue May 12 19:58:14 UTC 2026
Cache sync 30 at Tue May 12 19:58:14 UTC 2026
Cache sync 31 at Tue May 12 19:58:14 UTC 2026
Cache sync 32 at Tue May 12 19:58:14 UTC 2026
Cache sync 33 at Tue May 12 19:58:14 UTC 2026
Cache sync 34 at Tue May 12 19:58:14 UTC 2026
Cache sync 35 at Tue May 12 19:58:14 UTC 2026
Cache sync 36 at Tue May 12 19:58:14 UTC 2026
Cache sync 37 at Tue May 12 19:58:14 UTC 2026
Cache sync 38 at Tue May 12 19:58:14 UTC 2026
Cache sync 39 at Tue May 12 19:58:14 UTC 2026
Cache sync 40 at Tue May 12 19:58:14 UTC 2026
Cache sync 41 at Tue May 12 19:58:14 UTC 2026
Cache sync 42 at Tue May 12 19:58:14 UTC 2026
Cache sync 43 at Tue May 12 19:58:14 UTC 2026
Cache sync 44 at Tue May 12 19:58:14 UTC 2026
Cache sync 45 at Tue May 12 19:58:14 UTC 2026
Cache sync 46 at Tue May 12 19:58:14 UTC 2026
Cache sync 47 at Tue May 12 19:58:14 UTC 2026
Cache sync 48 at Tue May 12 19:58:14 UTC 2026
Cache sync 49 at Tue May 12 19:58:14 UTC 2026
Cache sync 50 at Tue May 12 19:58:14 UTC 2026
Cache sync 51 at Tue May 12 19:58:14 UTC 2026
Cache sync 52 at Tue May 12 19:58:14 UTC 2026
Cache sync 53 at Tue May 12 19:58:14 UTC 2026
Cache sync 54 at Tue May 12 19:58:14 UTC 2026
Cache sync 55 at Tue May 12 19:58:14 UTC 2026
Cache sync 56 at Tue May 12 19:58:14 UTC 2026
Cache sync 57 at Tue May 12 19:58:14 UTC 2026
Cache sync 58 at Tue May 12 19:58:14 UTC 2026
Cache sync 59 at Tue May 12 19:58:14 UTC 2026
Cache sync 60 at Tue May 12 19:58:14 UTC 2026
Cache sync 61 at Tue May 12 19:58:14 UTC 2026
Cache sync 62 at Tue May 12 19:58:14 UTC 2026
Cache sync 63 at Tue May 12 19:58:14 UTC 2026
Cache sync 64 at Tue May 12 19:58:14 UTC 2026
Cache sync 65 at Tue May 12 19:58:14 UTC 2026
Cache sync 1 at Wed May 13 03:45:50 UTC 2026
Cache sync 2 at Wed May 13 03:45:50 UTC 2026
Cache sync 3 at Wed May 13 03:45:50 UTC 2026
Cache sync 4 at Wed May 13 03:45:50 UTC 2026
Cache sync 5 at Wed May 13 03:45:50 UTC 2026
Cache sync 6 at Wed May 13 03:45:50 UTC 2026
Cache sync 7 at Wed May 13 03:45:50 UTC 2026
Cache sync 8 at Wed May 13 03:45:50 UTC 2026
Cache sync 9 at Wed May 13 03:45:50 UTC 2026
Cache sync 10 at Wed May 13 03:45:50 UTC 2026
Cache sync 11 at Wed May 13 03:45:50 UTC 2026
Cache sync 12 at Wed May 13 03:45:50 UTC 2026
Cache sync 13 at Wed May 13 03:45:50 UTC 2026
Cache sync 14 at Wed May 13 03:45:50 UTC 2026
Cache sync 15 at Wed May 13 03:45:50 UTC 2026
Cache sync 16 at Wed May 13 03:45:50 UTC 2026
Cache sync 17 at Wed May 13 03:45:50 UTC 2026
Cache sync 18 at Wed May 13 03:45:50 UTC 2026
Cache sync 19 at Wed May 13 03:45:50 UTC 2026
Cache sync 20 at Wed May 13 03:45:50 UTC 2026
Cache sync 21 at Wed May 13 03:45:50 UTC 2026
Cache sync 22 at Wed May 13 03:45:50 UTC 2026
Cache sync 23 at Wed May 13 03:45:50 UTC 2026
Cache sync 24 at Wed May 13 03:45:50 UTC 2026
Cache sync 25 at Wed May 13 03:45:50 UTC 2026
Cache sync 26 at Wed May 13 03:45:50 UTC 2026
Cache sync 27 at Wed May 13 03:45:50 UTC 2026
Cache sync 28 at Wed May 13 03:45:50 UTC 2026
Cache sync 29 at Wed May 13 03:45:50 UTC 2026
Cache sync 30 at Wed May 13 03:45:50 UTC 2026
Cache sync 31 at Wed May 13 03:45:50 UTC 2026
Cache sync 32 at Wed May 13 03:45:50 UTC 2026
Cache sync 33 at Wed May 13 03:45:50 UTC 2026
Cache sync 34 at Wed May 13 03:45:50 UTC 2026
Cache sync 35 at Wed May 13 03:45:50 UTC 2026
Cache sync 36 at Wed May 13 03:45:50 UTC 2026
Cache sync 37 at Wed May 13 03:45:50 UTC 2026
Cache sync 38 at Wed May 13 03:45:50 UTC 2026
Cache sync 39 at Wed May 13 03:45:50 UTC 2026
Cache sync 40 at Wed May 13 03:45:50 UTC 2026
Cache sync 41 at Wed May 13 03:45:50 UTC 2026
Cache sync 42 at Wed May 13 03:45:50 UTC 2026
Cache sync 43 at Wed May 13 03:45:50 UTC 2026
Cache sync 44 at Wed May 13 03:45:50 UTC 2026
Cache sync 45 at Wed May 13 03:45:50 UTC 2026
Cache sync 46 at Wed May 13 03:45:50 UTC 2026
Cache sync 47 at Wed May 13 03:45:50 UTC 2026
Cache sync 48 at Wed May 13 03:45:50 UTC 2026
Cache sync 49 at Wed May 13 03:45:50 UTC 2026
Cache sync 50 at Wed May 13 03:45:50 UTC 2026
Cache sync 51 at Wed May 13 03:45:50 UTC 2026
Cache sync 52 at Wed May 13 03:45:50 UTC 2026
Cache sync 53 at Wed May 13 03:45:51 UTC 2026
Cache sync 54 at Wed May 13 03:45:51 UTC 2026
Cache sync 55 at Wed May 13 03:45:51 UTC 2026
Cache sync 56 at Wed May 13 03:45:51 UTC 2026
Cache sync 57 at Wed May 13 03:45:51 UTC 2026
Cache sync 58 at Wed May 13 03:45:51 UTC 2026
Cache sync 59 at Wed May 13 03:45:51 UTC 2026
Cache sync 60 at Wed May 13 03:45:51 UTC 2026
Cache sync 61 at Wed May 13 03:45:51 UTC 2026
Cache sync 62 at Wed May 13 03:45:51 UTC 2026
Cache sync 63 at Wed May 13 03:45:51 UTC 2026
Cache sync 64 at Wed May 13 03:45:51 UTC 2026
Cache sync 65 at Wed May 13 03:45:51 UTC 2026
Cache sync 66 at Wed May 13 03:45:51 UTC 2026
Cache sync 67 at Wed May 13 03:45:51 UTC 2026
Cache sync 68 at Wed May 13 03:45:51 UTC 2026
Cache sync 69 at Wed May 13 03:45:51 UTC 2026
Cache sync 70 at Wed May 13 03:45:51 UTC 2026
Cache sync 71 at Wed May 13 03:45:51 UTC 2026
Cache sync 72 at Wed May 13 03:45:51 UTC 2026
Cache sync 73 at Wed May 13 03:45:51 UTC 2026
Cache sync 74 at Wed May 13 03:45:51 UTC 2026
Cache sync 75 at Wed May 13 03:45:51 UTC 2026
Cache sync 76 at Wed May 13 03:45:51 UTC 2026
Cache sync 77 at Wed May 13 03:45:51 UTC 2026
Cache sync 78 at Wed May 13 03:45:51 UTC 2026
Cache sync 1 at Wed May 13 08:49:38 UTC 2026
Cache sync 2 at Wed May 13 08:49:38 UTC 2026
Cache sync 3 at Wed May 13 08:49:38 UTC 2026
Cache sync 4 at Wed May 13 08:49:38 UTC 2026
Cache sync 5 at Wed May 13 08:49:38 UTC 2026
Cache sync 6 at Wed May 13 08:49:38 UTC 2026
Cache sync 7 at Wed May 13 08:49:38 UTC 2026
Cache sync 8 at Wed May 13 08:49:38 UTC 2026
Cache sync 9 at Wed May 13 08:49:38 UTC 2026
Cache sync 10 at Wed May 13 08:49:38 UTC 2026
Cache sync 11 at Wed May 13 08:49:38 UTC 2026
Cache sync 12 at Wed May 13 08:49:38 UTC 2026
Cache sync 13 at Wed May 13 08:49:38 UTC 2026
Cache sync 14 at Wed May 13 08:49:38 UTC 2026
Cache sync 15 at Wed May 13 08:49:38 UTC 2026
Cache sync 16 at Wed May 13 08:49:38 UTC 2026
Cache sync 17 at Wed May 13 08:49:38 UTC 2026
Cache sync 18 at Wed May 13 08:49:38 UTC 2026
Cache sync 19 at Wed May 13 08:49:38 UTC 2026
Cache sync 20 at Wed May 13 08:49:38 UTC 2026
Cache sync 21 at Wed May 13 08:49:38 UTC 2026
Cache sync 22 at Wed May 13 08:49:38 UTC 2026
Cache sync 23 at Wed May 13 08:49:38 UTC 2026
Cache sync 24 at Wed May 13 08:49:38 UTC 2026
Cache sync 25 at Wed May 13 08:49:38 UTC 2026
Cache sync 26 at Wed May 13 08:49:38 UTC 2026
Cache sync 27 at Wed May 13 08:49:38 UTC 2026
Cache sync 28 at Wed May 13 08:49:38 UTC 2026
Cache sync 29 at Wed May 13 08:49:38 UTC 2026
Cache sync 30 at Wed May 13 08:49:38 UTC 2026
Cache sync 31 at Wed May 13 08:49:38 UTC 2026
Cache sync 32 at Wed May 13 08:49:38 UTC 2026
Cache sync 33 at Wed May 13 08:49:38 UTC 2026
Cache sync 34 at Wed May 13 08:49:38 UTC 2026
Cache sync 35 at Wed May 13 08:49:38 UTC 2026
Cache sync 36 at Wed May 13 08:49:38 UTC 2026
Cache sync 37 at Wed May 13 08:49:38 UTC 2026
Cache sync 38 at Wed May 13 08:49:38 UTC 2026
Cache sync 39 at Wed May 13 08:49:38 UTC 2026
Cache sync 40 at Wed May 13 08:49:38 UTC 2026
Cache sync 41 at Wed May 13 08:49:38 UTC 2026
Cache sync 42 at Wed May 13 08:49:38 UTC 2026
Cache sync 43 at Wed May 13 08:49:38 UTC 2026
Cache sync 44 at Wed May 13 08:49:38 UTC 2026
Cache sync 45 at Wed May 13 08:49:38 UTC 2026
Cache sync 46 at Wed May 13 08:49:38 UTC 2026
Cache sync 47 at Wed May 13 08:49:38 UTC 2026
Cache sync 48 at Wed May 13 08:49:38 UTC 2026
Cache sync 49 at Wed May 13 08:49:38 UTC 2026
Cache sync 50 at Wed May 13 08:49:38 UTC 2026
Cache sync 51 at Wed May 13 08:49:38 UTC 2026
Cache sync 52 at Wed May 13 08:49:38 UTC 2026
Cache sync 53 at Wed May 13 08:49:38 UTC 2026
Cache sync 54 at Wed May 13 08:49:38 UTC 2026
Cache sync 55 at Wed May 13 08:49:38 UTC 2026
Cache sync 1 at Wed May 13 14:43:33 UTC 2026
Cache sync 2 at Wed May 13 14:43:33 UTC 2026
Cache sync 3 at Wed May 13 14:43:33 UTC 2026
Cache sync 4 at Wed May 13 14:43:33 UTC 2026
Cache sync 5 at Wed May 13 14:43:33 UTC 2026
Cache sync 6 at Wed May 13 14:43:33 UTC 2026
Cache sync 7 at Wed May 13 14:43:33 UTC 2026
Cache sync 8 at Wed May 13 14:43:33 UTC 2026
Cache sync 9 at Wed May 13 14:43:33 UTC 2026
Cache sync 10 at Wed May 13 14:43:33 UTC 2026
Cache sync 11 at Wed May 13 14:43:33 UTC 2026
Cache sync 12 at Wed May 13 14:43:33 UTC 2026
Cache sync 13 at Wed May 13 14:43:33 UTC 2026
Cache sync 14 at Wed May 13 14:43:33 UTC 2026
Cache sync 15 at Wed May 13 14:43:33 UTC 2026
Cache sync 16 at Wed May 13 14:43:33 UTC 2026
Cache sync 17 at Wed May 13 14:43:33 UTC 2026
Cache sync 18 at Wed May 13 14:43:33 UTC 2026
Cache sync 19 at Wed May 13 14:43:33 UTC 2026
Cache sync 20 at Wed May 13 14:43:33 UTC 2026
Cache sync 21 at Wed May 13 14:43:33 UTC 2026
Cache sync 22 at Wed May 13 14:43:33 UTC 2026
Cache sync 23 at Wed May 13 14:43:33 UTC 2026
Cache sync 24 at Wed May 13 14:43:33 UTC 2026
Cache sync 25 at Wed May 13 14:43:33 UTC 2026
Cache sync 26 at Wed May 13 14:43:33 UTC 2026
Cache sync 27 at Wed May 13 14:43:33 UTC 2026
Cache sync 28 at Wed May 13 14:43:34 UTC 2026
Cache sync 29 at Wed May 13 14:43:34 UTC 2026
Cache sync 30 at Wed May 13 14:43:34 UTC 2026
Cache sync 31 at Wed May 13 14:43:34 UTC 2026
Cache sync 32 at Wed May 13 14:43:34 UTC 2026
Cache sync 33 at Wed May 13 14:43:34 UTC 2026
Cache sync 34 at Wed May 13 14:43:34 UTC 2026
Cache sync 35 at Wed May 13 14:43:34 UTC 2026
Cache sync 36 at Wed May 13 14:43:34 UTC 2026
Cache sync 37 at Wed May 13 14:43:34 UTC 2026
Cache sync 38 at Wed May 13 14:43:34 UTC 2026
Cache sync 39 at Wed May 13 14:43:34 UTC 2026
Cache sync 40 at Wed May 13 14:43:34 UTC 2026
Cache sync 41 at Wed May 13 14:43:34 UTC 2026
Cache sync 42 at Wed May 13 14:43:34 UTC 2026
Cache sync 43 at Wed May 13 14:43:34 UTC 2026
Cache sync 44 at Wed May 13 14:43:34 UTC 2026
Cache sync 45 at Wed May 13 14:43:34 UTC 2026
Cache sync 46 at Wed May 13 14:43:34 UTC 2026
Cache sync 47 at Wed May 13 14:43:34 UTC 2026
Cache sync 48 at Wed May 13 14:43:34 UTC 2026
Cache sync 49 at Wed May 13 14:43:34 UTC 2026
Cache sync 50 at Wed May 13 14:43:34 UTC 2026
Cache sync 51 at Wed May 13 14:43:34 UTC 2026
Cache sync 52 at Wed May 13 14:43:34 UTC 2026
Cache sync 53 at Wed May 13 14:43:34 UTC 2026
Cache sync 54 at Wed May 13 14:43:34 UTC 2026
Cache sync 55 at Wed May 13 14:43:34 UTC 2026
Cache sync 56 at Wed May 13 14:43:34 UTC 2026
Cache sync 57 at Wed May 13 14:43:34 UTC 2026
Cache sync 58 at Wed May 13 14:43:34 UTC 2026
Cache sync 59 at Wed May 13 14:43:34 UTC 2026
Cache sync 60 at Wed May 13 14:43:34 UTC 2026
Cache sync 61 at Wed May 13 14:43:34 UTC 2026
Cache sync 62 at Wed May 13 14:43:34 UTC 2026
Cache sync 63 at Wed May 13 14:43:34 UTC 2026
Cache sync 64 at Wed May 13 14:43:34 UTC 2026
Cache sync 65 at Wed May 13 14:43:34 UTC 2026
Cache sync 66 at Wed May 13 14:43:34 UTC 2026
Cache sync 1 at Thu May 14 03:44:46 UTC 2026
Cache sync 2 at Thu May 14 03:44:46 UTC 2026
Cache sync 3 at Thu May 14 03:44:46 UTC 2026
Cache sync 4 at Thu May 14 03:44:46 UTC 2026
Cache sync 5 at Thu May 14 03:44:46 UTC 2026
Cache sync 6 at Thu May 14 03:44:46 UTC 2026
Cache sync 7 at Thu May 14 03:44:47 UTC 2026
Cache sync 8 at Thu May 14 03:44:47 UTC 2026
Cache sync 9 at Thu May 14 03:44:47 UTC 2026
Cache sync 10 at Thu May 14 03:44:47 UTC 2026
Cache sync 11 at Thu May 14 03:44:47 UTC 2026
Cache sync 12 at Thu May 14 03:44:47 UTC 2026
Cache sync 13 at Thu May 14 03:44:47 UTC 2026
Cache sync 14 at Thu May 14 03:44:47 UTC 2026
Cache sync 15 at Thu May 14 03:44:47 UTC 2026
Cache sync 16 at Thu May 14 03:44:47 UTC 2026
Cache sync 17 at Thu May 14 03:44:47 UTC 2026
Cache sync 18 at Thu May 14 03:44:47 UTC 2026
Cache sync 19 at Thu May 14 03:44:47 UTC 2026
Cache sync 20 at Thu May 14 03:44:47 UTC 2026
Cache sync 21 at Thu May 14 03:44:47 UTC 2026
Cache sync 22 at Thu May 14 03:44:47 UTC 2026
Cache sync 23 at Thu May 14 03:44:47 UTC 2026
Cache sync 24 at Thu May 14 03:44:47 UTC 2026
Cache sync 25 at Thu May 14 03:44:47 UTC 2026
Cache sync 26 at Thu May 14 03:44:47 UTC 2026
Cache sync 27 at Thu May 14 03:44:47 UTC 2026
Cache sync 28 at Thu May 14 03:44:47 UTC 2026
Cache sync 29 at Thu May 14 03:44:47 UTC 2026
Cache sync 30 at Thu May 14 03:44:47 UTC 2026
Cache sync 31 at Thu May 14 03:44:47 UTC 2026
Cache sync 32 at Thu May 14 03:44:47 UTC 2026
Cache sync 33 at Thu May 14 03:44:47 UTC 2026
Cache sync 34 at Thu May 14 03:44:47 UTC 2026
Cache sync 35 at Thu May 14 03:44:47 UTC 2026
Cache sync 36 at Thu May 14 03:44:47 UTC 2026
Cache sync 37 at Thu May 14 03:44:47 UTC 2026
Cache sync 38 at Thu May 14 03:44:47 UTC 2026
Cache sync 39 at Thu May 14 03:44:47 UTC 2026
Cache sync 40 at Thu May 14 03:44:47 UTC 2026
Cache sync 41 at Thu May 14 03:44:47 UTC 2026
Cache sync 42 at Thu May 14 03:44:47 UTC 2026
Cache sync 1 at Thu May 14 08:42:33 UTC 2026
Cache sync 2 at Thu May 14 08:42:33 UTC 2026
Cache sync 3 at Thu May 14 08:42:33 UTC 2026
Cache sync 4 at Thu May 14 08:42:33 UTC 2026
Cache sync 5 at Thu May 14 08:42:33 UTC 2026
Cache sync 6 at Thu May 14 08:42:33 UTC 2026
Cache sync 7 at Thu May 14 08:42:33 UTC 2026
Cache sync 8 at Thu May 14 08:42:33 UTC 2026
Cache sync 9 at Thu May 14 08:42:33 UTC 2026
Cache sync 10 at Thu May 14 08:42:33 UTC 2026
Cache sync 11 at Thu May 14 08:42:33 UTC 2026
Cache sync 12 at Thu May 14 08:42:33 UTC 2026
Cache sync 13 at Thu May 14 08:42:33 UTC 2026
Cache sync 14 at Thu May 14 08:42:33 UTC 2026
Cache sync 15 at Thu May 14 08:42:33 UTC 2026
Cache sync 16 at Thu May 14 08:42:33 UTC 2026
Cache sync 17 at Thu May 14 08:42:33 UTC 2026
Cache sync 18 at Thu May 14 08:42:33 UTC 2026
Cache sync 19 at Thu May 14 08:42:33 UTC 2026
Cache sync 20 at Thu May 14 08:42:33 UTC 2026
Cache sync 21 at Thu May 14 08:42:33 UTC 2026
Cache sync 22 at Thu May 14 08:42:33 UTC 2026
Cache sync 23 at Thu May 14 08:42:33 UTC 2026
Cache sync 24 at Thu May 14 08:42:33 UTC 2026
Cache sync 25 at Thu May 14 08:42:33 UTC 2026
Cache sync 26 at Thu May 14 08:42:33 UTC 2026
Cache sync 27 at Thu May 14 08:42:33 UTC 2026
Cache sync 28 at Thu May 14 08:42:33 UTC 2026
Cache sync 29 at Thu May 14 08:42:33 UTC 2026
Cache sync 30 at Thu May 14 08:42:33 UTC 2026
Cache sync 31 at Thu May 14 08:42:33 UTC 2026
Cache sync 32 at Thu May 14 08:42:33 UTC 2026
Cache sync 33 at Thu May 14 08:42:33 UTC 2026
Cache sync 34 at Thu May 14 08:42:33 UTC 2026
Cache sync 35 at Thu May 14 08:42:33 UTC 2026
Cache sync 36 at Thu May 14 08:42:33 UTC 2026
Cache sync 37 at Thu May 14 08:42:33 UTC 2026
Cache sync 38 at Thu May 14 08:42:33 UTC 2026
Cache sync 39 at Thu May 14 08:42:33 UTC 2026
Cache sync 40 at Thu May 14 08:42:33 UTC 2026
Cache sync 41 at Thu May 14 08:42:33 UTC 2026
Cache sync 42 at Thu May 14 08:42:33 UTC 2026
Cache sync 1 at Thu May 14 14:23:29 UTC 2026
Cache sync 1 at Thu May 14 19:50:46 UTC 2026
Cache sync 2 at Thu May 14 19:50:46 UTC 2026
Cache sync 3 at Thu May 14 19:50:46 UTC 2026
Cache sync 4 at Thu May 14 19:50:46 UTC 2026
Cache sync 5 at Thu May 14 19:50:46 UTC 2026
Cache sync 6 at Thu May 14 19:50:46 UTC 2026
Cache sync 7 at Thu May 14 19:50:46 UTC 2026
Cache sync 8 at Thu May 14 19:50:46 UTC 2026
Cache sync 9 at Thu May 14 19:50:46 UTC 2026
Cache sync 10 at Thu May 14 19:50:46 UTC 2026
Cache sync 11 at Thu May 14 19:50:46 UTC 2026
Cache sync 12 at Thu May 14 19:50:46 UTC 2026
Cache sync 13 at Thu May 14 19:50:46 UTC 2026
Cache sync 14 at Thu May 14 19:50:46 UTC 2026
Cache sync 15 at Thu May 14 19:50:46 UTC 2026
Cache sync 16 at Thu May 14 19:50:46 UTC 2026
Cache sync 17 at Thu May 14 19:50:46 UTC 2026
Cache sync 18 at Thu May 14 19:50:46 UTC 2026
Cache sync 19 at Thu May 14 19:50:46 UTC 2026
Cache sync 20 at Thu May 14 19:50:46 UTC 2026
Cache sync 21 at Thu May 14 19:50:46 UTC 2026
Cache sync 22 at Thu May 14 19:50:46 UTC 2026
Cache sync 23 at Thu May 14 19:50:46 UTC 2026
Cache sync 24 at Thu May 14 19:50:46 UTC 2026
Cache sync 25 at Thu May 14 19:50:46 UTC 2026
Cache sync 26 at Thu May 14 19:50:46 UTC 2026
Cache sync 27 at Thu May 14 19:50:46 UTC 2026
Cache sync 28 at Thu May 14 19:50:46 UTC 2026
Cache sync 29 at Thu May 14 19:50:46 UTC 2026
Cache sync 30 at Thu May 14 19:50:46 UTC 2026
Cache sync 31 at Thu May 14 19:50:46 UTC 2026
Cache sync 32 at Thu May 14 19:50:46 UTC 2026
Cache sync 33 at Thu May 14 19:50:46 UTC 2026
Cache sync 34 at Thu May 14 19:50:46 UTC 2026
Cache sync 35 at Thu May 14 19:50:46 UTC 2026
Cache sync 36 at Thu May 14 19:50:46 UTC 2026
Cache sync 37 at Thu May 14 19:50:46 UTC 2026
Cache sync 38 at Thu May 14 19:50:46 UTC 2026
Cache sync 39 at Thu May 14 19:50:46 UTC 2026
Cache sync 40 at Thu May 14 19:50:46 UTC 2026
Cache sync 41 at Thu May 14 19:50:46 UTC 2026
Cache sync 42 at Thu May 14 19:50:46 UTC 2026
Cache sync 43 at Thu May 14 19:50:46 UTC 2026
Cache sync 44 at Thu May 14 19:50:47 UTC 2026
Cache sync 45 at Thu May 14 19:50:47 UTC 2026
Cache sync 46 at Thu May 14 19:50:47 UTC 2026
Cache sync 47 at Thu May 14 19:50:47 UTC 2026
Cache sync 48 at Thu May 14 19:50:47 UTC 2026
Cache sync 49 at Thu May 14 19:50:47 UTC 2026
Cache sync 50 at Thu May 14 19:50:47 UTC 2026
Cache sync 51 at Thu May 14 19:50:47 UTC 2026
Cache sync 52 at Thu May 14 19:50:47 UTC 2026
Cache sync 53 at Thu May 14 19:50:47 UTC 2026
Cache sync 54 at Thu May 14 19:50:47 UTC 2026
Cache sync 55 at Thu May 14 19:50:47 UTC 2026
Cache sync 56 at Thu May 14 19:50:47 UTC 2026
Cache sync 57 at Thu May 14 19:50:47 UTC 2026
Cache sync 58 at Thu May 14 19:50:47 UTC 2026
Cache sync 59 at Thu May 14 19:50:47 UTC 2026
Cache sync 1 at Fri May 15 03:49:59 UTC 2026
Cache sync 2 at Fri May 15 03:49:59 UTC 2026
Cache sync 3 at Fri May 15 03:49:59 UTC 2026
Cache sync 4 at Fri May 15 03:49:59 UTC 2026
Cache sync 5 at Fri May 15 03:49:59 UTC 2026
Cache sync 6 at Fri May 15 03:49:59 UTC 2026
Cache sync 7 at Fri May 15 03:49:59 UTC 2026
Cache sync 8 at Fri May 15 03:49:59 UTC 2026
Cache sync 9 at Fri May 15 03:49:59 UTC 2026
Cache sync 10 at Fri May 15 03:49:59 UTC 2026
Cache sync 11 at Fri May 15 03:49:59 UTC 2026
Cache sync 12 at Fri May 15 03:49:59 UTC 2026
Cache sync 13 at Fri May 15 03:49:59 UTC 2026
Cache sync 14 at Fri May 15 03:49:59 UTC 2026
Cache sync 15 at Fri May 15 03:50:00 UTC 2026
Cache sync 16 at Fri May 15 03:50:00 UTC 2026
Cache sync 17 at Fri May 15 03:50:00 UTC 2026
Cache sync 18 at Fri May 15 03:50:00 UTC 2026
Cache sync 19 at Fri May 15 03:50:00 UTC 2026
Cache sync 20 at Fri May 15 03:50:00 UTC 2026
Cache sync 21 at Fri May 15 03:50:00 UTC 2026
Cache sync 22 at Fri May 15 03:50:00 UTC 2026
Cache sync 23 at Fri May 15 03:50:00 UTC 2026
Cache sync 24 at Fri May 15 03:50:00 UTC 2026
Cache sync 25 at Fri May 15 03:50:00 UTC 2026
Cache sync 26 at Fri May 15 03:50:00 UTC 2026
Cache sync 27 at Fri May 15 03:50:00 UTC 2026
Cache sync 28 at Fri May 15 03:50:00 UTC 2026
Cache sync 29 at Fri May 15 03:50:00 UTC 2026
Cache sync 30 at Fri May 15 03:50:00 UTC 2026
Cache sync 31 at Fri May 15 03:50:00 UTC 2026
Cache sync 32 at Fri May 15 03:50:00 UTC 2026
Cache sync 33 at Fri May 15 03:50:00 UTC 2026
Cache sync 34 at Fri May 15 03:50:00 UTC 2026
Cache sync 35 at Fri May 15 03:50:00 UTC 2026
Cache sync 36 at Fri May 15 03:50:00 UTC 2026
Cache sync 37 at Fri May 15 03:50:00 UTC 2026
Cache sync 38 at Fri May 15 03:50:00 UTC 2026
Cache sync 39 at Fri May 15 03:50:00 UTC 2026
Cache sync 40 at Fri May 15 03:50:00 UTC 2026
Cache sync 41 at Fri May 15 03:50:00 UTC 2026
Cache sync 42 at Fri May 15 03:50:00 UTC 2026
Cache sync 43 at Fri May 15 03:50:00 UTC 2026
Cache sync 44 at Fri May 15 03:50:00 UTC 2026
Cache sync 45 at Fri May 15 03:50:00 UTC 2026
Cache sync 46 at Fri May 15 03:50:00 UTC 2026
Cache sync 47 at Fri May 15 03:50:00 UTC 2026
Cache sync 48 at Fri May 15 03:50:00 UTC 2026
Cache sync 49 at Fri May 15 03:50:00 UTC 2026
Cache sync 50 at Fri May 15 03:50:00 UTC 2026
Cache sync 51 at Fri May 15 03:50:00 UTC 2026
Cache sync 52 at Fri May 15 03:50:00 UTC 2026
Cache sync 53 at Fri May 15 03:50:00 UTC 2026
Cache sync 54 at Fri May 15 03:50:00 UTC 2026
Cache sync 55 at Fri May 15 03:50:00 UTC 2026
Cache sync 56 at Fri May 15 03:50:00 UTC 2026
Cache sync 57 at Fri May 15 03:50:00 UTC 2026
Cache sync 58 at Fri May 15 03:50:00 UTC 2026
Cache sync 1 at Fri May 15 08:53:31 UTC 2026
Cache sync 2 at Fri May 15 08:53:31 UTC 2026
Cache sync 3 at Fri May 15 08:53:31 UTC 2026
Cache sync 4 at Fri May 15 08:53:31 UTC 2026
Cache sync 5 at Fri May 15 08:53:31 UTC 2026
Cache sync 6 at Fri May 15 08:53:31 UTC 2026
Cache sync 7 at Fri May 15 08:53:31 UTC 2026
Cache sync 8 at Fri May 15 08:53:31 UTC 2026
Cache sync 9 at Fri May 15 08:53:31 UTC 2026
Cache sync 10 at Fri May 15 08:53:31 UTC 2026
Cache sync 11 at Fri May 15 08:53:31 UTC 2026
Cache sync 12 at Fri May 15 08:53:31 UTC 2026
Cache sync 13 at Fri May 15 08:53:31 UTC 2026
Cache sync 14 at Fri May 15 08:53:31 UTC 2026
Cache sync 15 at Fri May 15 08:53:31 UTC 2026
Cache sync 16 at Fri May 15 08:53:31 UTC 2026
Cache sync 17 at Fri May 15 08:53:31 UTC 2026
Cache sync 18 at Fri May 15 08:53:31 UTC 2026
Cache sync 19 at Fri May 15 08:53:31 UTC 2026
Cache sync 20 at Fri May 15 08:53:31 UTC 2026
Cache sync 21 at Fri May 15 08:53:31 UTC 2026
Cache sync 22 at Fri May 15 08:53:31 UTC 2026
Cache sync 23 at Fri May 15 08:53:31 UTC 2026
Cache sync 24 at Fri May 15 08:53:31 UTC 2026
Cache sync 25 at Fri May 15 08:53:31 UTC 2026
Cache sync 26 at Fri May 15 08:53:31 UTC 2026
Cache sync 27 at Fri May 15 08:53:31 UTC 2026
Cache sync 28 at Fri May 15 08:53:31 UTC 2026
Cache sync 29 at Fri May 15 08:53:31 UTC 2026
Cache sync 30 at Fri May 15 08:53:31 UTC 2026
Cache sync 31 at Fri May 15 08:53:31 UTC 2026
Cache sync 32 at Fri May 15 08:53:31 UTC 2026
Cache sync 33 at Fri May 15 08:53:31 UTC 2026
Cache sync 34 at Fri May 15 08:53:31 UTC 2026
Cache sync 35 at Fri May 15 08:53:31 UTC 2026
Cache sync 36 at Fri May 15 08:53:31 UTC 2026
Cache sync 37 at Fri May 15 08:53:31 UTC 2026
Cache sync 38 at Fri May 15 08:53:31 UTC 2026
Cache sync 39 at Fri May 15 08:53:31 UTC 2026
Cache sync 40 at Fri May 15 08:53:31 UTC 2026
Cache sync 41 at Fri May 15 08:53:31 UTC 2026
Cache sync 42 at Fri May 15 08:53:31 UTC 2026
Cache sync 43 at Fri May 15 08:53:31 UTC 2026
Cache sync 44 at Fri May 15 08:53:31 UTC 2026
Cache sync 45 at Fri May 15 08:53:31 UTC 2026
Cache sync 46 at Fri May 15 08:53:31 UTC 2026
Cache sync 47 at Fri May 15 08:53:31 UTC 2026
Cache sync 48 at Fri May 15 08:53:31 UTC 2026
Cache sync 49 at Fri May 15 08:53:31 UTC 2026
Cache sync 50 at Fri May 15 08:53:31 UTC 2026
Cache sync 51 at Fri May 15 08:53:31 UTC 2026
Cache sync 52 at Fri May 15 08:53:31 UTC 2026
Cache sync 53 at Fri May 15 08:53:31 UTC 2026
Cache sync 54 at Fri May 15 08:53:31 UTC 2026
Cache sync 55 at Fri May 15 08:53:31 UTC 2026
Cache sync 56 at Fri May 15 08:53:31 UTC 2026
Cache sync 57 at Fri May 15 08:53:31 UTC 2026
Cache sync 58 at Fri May 15 08:53:32 UTC 2026
Cache sync 59 at Fri May 15 08:53:32 UTC 2026
Cache sync 60 at Fri May 15 08:53:32 UTC 2026
Cache sync 61 at Fri May 15 08:53:32 UTC 2026
Cache sync 62 at Fri May 15 08:53:32 UTC 2026
Cache sync 63 at Fri May 15 08:53:32 UTC 2026
Cache sync 64 at Fri May 15 08:53:32 UTC 2026
Cache sync 65 at Fri May 15 08:53:32 UTC 2026
Cache sync 66 at Fri May 15 08:53:32 UTC 2026
Cache sync 67 at Fri May 15 08:53:32 UTC 2026
Cache sync 68 at Fri May 15 08:53:32 UTC 2026
Cache sync 69 at Fri May 15 08:53:32 UTC 2026
Cache sync 70 at Fri May 15 08:53:32 UTC 2026
Cache sync 71 at Fri May 15 08:53:32 UTC 2026
Cache sync 72 at Fri May 15 08:53:32 UTC 2026
Cache sync 73 at Fri May 15 08:53:32 UTC 2026
Cache sync 74 at Fri May 15 08:53:32 UTC 2026
Cache sync 75 at Fri May 15 08:53:32 UTC 2026
Cache sync 76 at Fri May 15 08:53:32 UTC 2026
Cache sync 1 at Fri May 15 14:15:25 UTC 2026
Cache sync 2 at Fri May 15 14:15:25 UTC 2026
Cache sync 3 at Fri May 15 14:15:25 UTC 2026
Cache sync 4 at Fri May 15 14:15:25 UTC 2026
Cache sync 5 at Fri May 15 14:15:25 UTC 2026
Cache sync 6 at Fri May 15 14:15:25 UTC 2026
Cache sync 7 at Fri May 15 14:15:25 UTC 2026
Cache sync 8 at Fri May 15 14:15:25 UTC 2026
Cache sync 9 at Fri May 15 14:15:25 UTC 2026
Cache sync 10 at Fri May 15 14:15:25 UTC 2026
Cache sync 11 at Fri May 15 14:15:25 UTC 2026
Cache sync 12 at Fri May 15 14:15:25 UTC 2026
Cache sync 13 at Fri May 15 14:15:25 UTC 2026
Cache sync 14 at Fri May 15 14:15:25 UTC 2026
Cache sync 15 at Fri May 15 14:15:25 UTC 2026
Cache sync 16 at Fri May 15 14:15:25 UTC 2026
Cache sync 17 at Fri May 15 14:15:25 UTC 2026
Cache sync 18 at Fri May 15 14:15:25 UTC 2026
Cache sync 19 at Fri May 15 14:15:25 UTC 2026
Cache sync 20 at Fri May 15 14:15:25 UTC 2026
Cache sync 21 at Fri May 15 14:15:25 UTC 2026
Cache sync 22 at Fri May 15 14:15:25 UTC 2026
Cache sync 23 at Fri May 15 14:15:25 UTC 2026
Cache sync 24 at Fri May 15 14:15:25 UTC 2026
Cache sync 25 at Fri May 15 14:15:25 UTC 2026
Cache sync 26 at Fri May 15 14:15:25 UTC 2026
Cache sync 27 at Fri May 15 14:15:25 UTC 2026
Cache sync 28 at Fri May 15 14:15:25 UTC 2026
Cache sync 29 at Fri May 15 14:15:25 UTC 2026
Cache sync 30 at Fri May 15 14:15:25 UTC 2026
Cache sync 31 at Fri May 15 14:15:25 UTC 2026
Cache sync 32 at Fri May 15 14:15:25 UTC 2026
Cache sync 33 at Fri May 15 14:15:25 UTC 2026
Cache sync 34 at Fri May 15 14:15:25 UTC 2026
Cache sync 35 at Fri May 15 14:15:25 UTC 2026
Cache sync 36 at Fri May 15 14:15:25 UTC 2026
Cache sync 37 at Fri May 15 14:15:25 UTC 2026
Cache sync 38 at Fri May 15 14:15:25 UTC 2026
Cache sync 39 at Fri May 15 14:15:25 UTC 2026
Cache sync 40 at Fri May 15 14:15:25 UTC 2026
Cache sync 41 at Fri May 15 14:15:25 UTC 2026
Cache sync 42 at Fri May 15 14:15:25 UTC 2026
Cache sync 43 at Fri May 15 14:15:25 UTC 2026
Cache sync 44 at Fri May 15 14:15:25 UTC 2026
Cache sync 45 at Fri May 15 14:15:25 UTC 2026
Cache sync 46 at Fri May 15 14:15:25 UTC 2026
Cache sync 47 at Fri May 15 14:15:25 UTC 2026
Cache sync 48 at Fri May 15 14:15:25 UTC 2026
Cache sync 49 at Fri May 15 14:15:25 UTC 2026
Cache sync 50 at Fri May 15 14:15:25 UTC 2026
Cache sync 51 at Fri May 15 14:15:25 UTC 2026
Cache sync 52 at Fri May 15 14:15:25 UTC 2026
Cache sync 1 at Fri May 15 19:43:41 UTC 2026
Cache sync 2 at Fri May 15 19:43:41 UTC 2026
Cache sync 3 at Fri May 15 19:43:41 UTC 2026
Cache sync 4 at Fri May 15 19:43:41 UTC 2026
Cache sync 5 at Fri May 15 19:43:41 UTC 2026
Cache sync 6 at Fri May 15 19:43:41 UTC 2026
Cache sync 7 at Fri May 15 19:43:41 UTC 2026
Cache sync 8 at Fri May 15 19:43:41 UTC 2026
Cache sync 9 at Fri May 15 19:43:41 UTC 2026
Cache sync 10 at Fri May 15 19:43:41 UTC 2026
Cache sync 11 at Fri May 15 19:43:41 UTC 2026
Cache sync 12 at Fri May 15 19:43:41 UTC 2026
Cache sync 13 at Fri May 15 19:43:41 UTC 2026
Cache sync 14 at Fri May 15 19:43:41 UTC 2026
Cache sync 15 at Fri May 15 19:43:41 UTC 2026
Cache sync 16 at Fri May 15 19:43:41 UTC 2026
Cache sync 17 at Fri May 15 19:43:41 UTC 2026
Cache sync 18 at Fri May 15 19:43:41 UTC 2026
Cache sync 19 at Fri May 15 19:43:41 UTC 2026
Cache sync 20 at Fri May 15 19:43:41 UTC 2026
Cache sync 21 at Fri May 15 19:43:41 UTC 2026
Cache sync 22 at Fri May 15 19:43:41 UTC 2026
Cache sync 23 at Fri May 15 19:43:41 UTC 2026
Cache sync 24 at Fri May 15 19:43:41 UTC 2026
Cache sync 25 at Fri May 15 19:43:41 UTC 2026
Cache sync 26 at Fri May 15 19:43:41 UTC 2026
Cache sync 27 at Fri May 15 19:43:41 UTC 2026
Cache sync 28 at Fri May 15 19:43:41 UTC 2026
Cache sync 29 at Fri May 15 19:43:41 UTC 2026
Cache sync 30 at Fri May 15 19:43:41 UTC 2026
Cache sync 31 at Fri May 15 19:43:41 UTC 2026
Cache sync 32 at Fri May 15 19:43:41 UTC 2026
Cache sync 1 at Sat May 16 03:32:08 UTC 2026
Cache sync 2 at Sat May 16 03:32:08 UTC 2026
Cache sync 3 at Sat May 16 03:32:08 UTC 2026
Cache sync 4 at Sat May 16 03:32:08 UTC 2026
Cache sync 5 at Sat May 16 03:32:08 UTC 2026
Cache sync 6 at Sat May 16 03:32:08 UTC 2026
Cache sync 7 at Sat May 16 03:32:08 UTC 2026
Cache sync 8 at Sat May 16 03:32:08 UTC 2026
Cache sync 9 at Sat May 16 03:32:08 UTC 2026
Cache sync 10 at Sat May 16 03:32:08 UTC 2026
Cache sync 11 at Sat May 16 03:32:08 UTC 2026
Cache sync 12 at Sat May 16 03:32:08 UTC 2026
Cache sync 13 at Sat May 16 03:32:08 UTC 2026
Cache sync 14 at Sat May 16 03:32:08 UTC 2026
Cache sync 15 at Sat May 16 03:32:08 UTC 2026
Cache sync 16 at Sat May 16 03:32:08 UTC 2026
Cache sync 17 at Sat May 16 03:32:08 UTC 2026
Cache sync 18 at Sat May 16 03:32:08 UTC 2026
Cache sync 19 at Sat May 16 03:32:08 UTC 2026
Cache sync 20 at Sat May 16 03:32:08 UTC 2026
Cache sync 21 at Sat May 16 03:32:08 UTC 2026
Cache sync 22 at Sat May 16 03:32:08 UTC 2026
Cache sync 23 at Sat May 16 03:32:08 UTC 2026
Cache sync 24 at Sat May 16 03:32:08 UTC 2026
Cache sync 25 at Sat May 16 03:32:08 UTC 2026
Cache sync 26 at Sat May 16 03:32:08 UTC 2026
Cache sync 27 at Sat May 16 03:32:08 UTC 2026
Cache sync 28 at Sat May 16 03:32:08 UTC 2026
Cache sync 29 at Sat May 16 03:32:08 UTC 2026
Cache sync 30 at Sat May 16 03:32:08 UTC 2026
Cache sync 31 at Sat May 16 03:32:08 UTC 2026
Cache sync 32 at Sat May 16 03:32:08 UTC 2026
Cache sync 33 at Sat May 16 03:32:08 UTC 2026
Cache sync 34 at Sat May 16 03:32:08 UTC 2026
Cache sync 35 at Sat May 16 03:32:08 UTC 2026
Cache sync 36 at Sat May 16 03:32:08 UTC 2026
Cache sync 37 at Sat May 16 03:32:08 UTC 2026
Cache sync 38 at Sat May 16 03:32:08 UTC 2026
Cache sync 39 at Sat May 16 03:32:08 UTC 2026
Cache sync 40 at Sat May 16 03:32:08 UTC 2026
Cache sync 41 at Sat May 16 03:32:08 UTC 2026
Cache sync 42 at Sat May 16 03:32:08 UTC 2026
Cache sync 43 at Sat May 16 03:32:08 UTC 2026
Cache sync 44 at Sat May 16 03:32:08 UTC 2026
Cache sync 45 at Sat May 16 03:32:08 UTC 2026
Cache sync 46 at Sat May 16 03:32:08 UTC 2026
Cache sync 47 at Sat May 16 03:32:08 UTC 2026
Cache sync 48 at Sat May 16 03:32:08 UTC 2026
Cache sync 49 at Sat May 16 03:32:08 UTC 2026
Cache sync 50 at Sat May 16 03:32:08 UTC 2026
Cache sync 51 at Sat May 16 03:32:08 UTC 2026
Cache sync 52 at Sat May 16 03:32:08 UTC 2026
Cache sync 53 at Sat May 16 03:32:08 UTC 2026
Cache sync 54 at Sat May 16 03:32:08 UTC 2026
Cache sync 55 at Sat May 16 03:32:08 UTC 2026
Cache sync 1 at Sat May 16 08:09:17 UTC 2026
Cache sync 2 at Sat May 16 08:09:17 UTC 2026
Cache sync 3 at Sat May 16 08:09:17 UTC 2026
Cache sync 4 at Sat May 16 08:09:17 UTC 2026
Cache sync 5 at Sat May 16 08:09:18 UTC 2026
Cache sync 6 at Sat May 16 08:09:18 UTC 2026
Cache sync 7 at Sat May 16 08:09:18 UTC 2026
Cache sync 8 at Sat May 16 08:09:18 UTC 2026
Cache sync 9 at Sat May 16 08:09:18 UTC 2026
Cache sync 10 at Sat May 16 08:09:18 UTC 2026
Cache sync 11 at Sat May 16 08:09:18 UTC 2026
Cache sync 12 at Sat May 16 08:09:18 UTC 2026
Cache sync 13 at Sat May 16 08:09:18 UTC 2026
Cache sync 14 at Sat May 16 08:09:18 UTC 2026
Cache sync 15 at Sat May 16 08:09:18 UTC 2026
Cache sync 16 at Sat May 16 08:09:18 UTC 2026
Cache sync 17 at Sat May 16 08:09:18 UTC 2026
Cache sync 18 at Sat May 16 08:09:18 UTC 2026
Cache sync 19 at Sat May 16 08:09:18 UTC 2026
Cache sync 20 at Sat May 16 08:09:18 UTC 2026
Cache sync 21 at Sat May 16 08:09:18 UTC 2026
Cache sync 22 at Sat May 16 08:09:18 UTC 2026
Cache sync 23 at Sat May 16 08:09:18 UTC 2026
Cache sync 24 at Sat May 16 08:09:18 UTC 2026
Cache sync 25 at Sat May 16 08:09:18 UTC 2026
Cache sync 26 at Sat May 16 08:09:18 UTC 2026
Cache sync 27 at Sat May 16 08:09:18 UTC 2026
Cache sync 28 at Sat May 16 08:09:18 UTC 2026
Cache sync 29 at Sat May 16 08:09:18 UTC 2026
Cache sync 30 at Sat May 16 08:09:18 UTC 2026
Cache sync 31 at Sat May 16 08:09:18 UTC 2026
Cache sync 1 at Sat May 16 13:40:05 UTC 2026
Cache sync 2 at Sat May 16 13:40:05 UTC 2026
Cache sync 3 at Sat May 16 13:40:05 UTC 2026
Cache sync 4 at Sat May 16 13:40:05 UTC 2026
Cache sync 5 at Sat May 16 13:40:05 UTC 2026
Cache sync 6 at Sat May 16 13:40:05 UTC 2026
Cache sync 7 at Sat May 16 13:40:05 UTC 2026
Cache sync 8 at Sat May 16 13:40:05 UTC 2026
Cache sync 9 at Sat May 16 13:40:05 UTC 2026
Cache sync 10 at Sat May 16 13:40:05 UTC 2026
Cache sync 11 at Sat May 16 13:40:05 UTC 2026
Cache sync 12 at Sat May 16 13:40:05 UTC 2026
Cache sync 13 at Sat May 16 13:40:05 UTC 2026
Cache sync 14 at Sat May 16 13:40:05 UTC 2026
Cache sync 15 at Sat May 16 13:40:05 UTC 2026
Cache sync 16 at Sat May 16 13:40:05 UTC 2026
Cache sync 17 at Sat May 16 13:40:05 UTC 2026
Cache sync 18 at Sat May 16 13:40:05 UTC 2026
Cache sync 19 at Sat May 16 13:40:05 UTC 2026
Cache sync 20 at Sat May 16 13:40:05 UTC 2026
Cache sync 21 at Sat May 16 13:40:05 UTC 2026
Cache sync 22 at Sat May 16 13:40:05 UTC 2026
Cache sync 23 at Sat May 16 13:40:05 UTC 2026
Cache sync 24 at Sat May 16 13:40:05 UTC 2026
Cache sync 25 at Sat May 16 13:40:05 UTC 2026
Cache sync 26 at Sat May 16 13:40:05 UTC 2026
Cache sync 27 at Sat May 16 13:40:05 UTC 2026
Cache sync 28 at Sat May 16 13:40:05 UTC 2026
Cache sync 29 at Sat May 16 13:40:05 UTC 2026
Cache sync 30 at Sat May 16 13:40:05 UTC 2026
Cache sync 31 at Sat May 16 13:40:05 UTC 2026
Cache sync 32 at Sat May 16 13:40:05 UTC 2026
Cache sync 1 at Sat May 16 19:10:13 UTC 2026
Cache sync 2 at Sat May 16 19:10:13 UTC 2026
Cache sync 3 at Sat May 16 19:10:13 UTC 2026
Cache sync 4 at Sat May 16 19:10:13 UTC 2026
Cache sync 5 at Sat May 16 19:10:13 UTC 2026
Cache sync 6 at Sat May 16 19:10:13 UTC 2026
Cache sync 7 at Sat May 16 19:10:13 UTC 2026
Cache sync 8 at Sat May 16 19:10:13 UTC 2026
Cache sync 9 at Sat May 16 19:10:13 UTC 2026
Cache sync 10 at Sat May 16 19:10:13 UTC 2026
Cache sync 11 at Sat May 16 19:10:13 UTC 2026
Cache sync 12 at Sat May 16 19:10:13 UTC 2026
Cache sync 13 at Sat May 16 19:10:13 UTC 2026
Cache sync 14 at Sat May 16 19:10:13 UTC 2026
Cache sync 15 at Sat May 16 19:10:13 UTC 2026
Cache sync 16 at Sat May 16 19:10:13 UTC 2026
Cache sync 17 at Sat May 16 19:10:13 UTC 2026
Cache sync 18 at Sat May 16 19:10:13 UTC 2026
Cache sync 19 at Sat May 16 19:10:13 UTC 2026
Cache sync 20 at Sat May 16 19:10:13 UTC 2026
Cache sync 21 at Sat May 16 19:10:13 UTC 2026
Cache sync 22 at Sat May 16 19:10:13 UTC 2026
Cache sync 23 at Sat May 16 19:10:13 UTC 2026
Cache sync 24 at Sat May 16 19:10:13 UTC 2026
Cache sync 25 at Sat May 16 19:10:13 UTC 2026
Cache sync 26 at Sat May 16 19:10:13 UTC 2026
Cache sync 27 at Sat May 16 19:10:13 UTC 2026
Cache sync 28 at Sat May 16 19:10:13 UTC 2026
Cache sync 29 at Sat May 16 19:10:13 UTC 2026
Cache sync 30 at Sat May 16 19:10:13 UTC 2026
Cache sync 31 at Sat May 16 19:10:13 UTC 2026
Cache sync 32 at Sat May 16 19:10:13 UTC 2026
Cache sync 33 at Sat May 16 19:10:13 UTC 2026
Cache sync 34 at Sat May 16 19:10:13 UTC 2026
Cache sync 35 at Sat May 16 19:10:13 UTC 2026
Cache sync 36 at Sat May 16 19:10:13 UTC 2026
Cache sync 37 at Sat May 16 19:10:13 UTC 2026
Cache sync 38 at Sat May 16 19:10:13 UTC 2026
Cache sync 39 at Sat May 16 19:10:13 UTC 2026
Cache sync 40 at Sat May 16 19:10:14 UTC 2026
Cache sync 41 at Sat May 16 19:10:14 UTC 2026
Cache sync 42 at Sat May 16 19:10:14 UTC 2026
Cache sync 43 at Sat May 16 19:10:14 UTC 2026
Cache sync 44 at Sat May 16 19:10:14 UTC 2026
Cache sync 45 at Sat May 16 19:10:14 UTC 2026
Cache sync 46 at Sat May 16 19:10:14 UTC 2026
Cache sync 47 at Sat May 16 19:10:14 UTC 2026
Cache sync 48 at Sat May 16 19:10:14 UTC 2026
Cache sync 49 at Sat May 16 19:10:14 UTC 2026
Cache sync 50 at Sat May 16 19:10:14 UTC 2026
Cache sync 51 at Sat May 16 19:10:14 UTC 2026
Cache sync 52 at Sat May 16 19:10:14 UTC 2026
Cache sync 53 at Sat May 16 19:10:14 UTC 2026
Cache sync 54 at Sat May 16 19:10:14 UTC 2026
Cache sync 55 at Sat May 16 19:10:14 UTC 2026
Cache sync 56 at Sat May 16 19:10:14 UTC 2026
Cache sync 57 at Sat May 16 19:10:14 UTC 2026
Cache sync 58 at Sat May 16 19:10:14 UTC 2026
Cache sync 59 at Sat May 16 19:10:14 UTC 2026
Cache sync 60 at Sat May 16 19:10:14 UTC 2026
Cache sync 61 at Sat May 16 19:10:14 UTC 2026
Cache sync 62 at Sat May 16 19:10:14 UTC 2026
Cache sync 63 at Sat May 16 19:10:14 UTC 2026
Cache sync 64 at Sat May 16 19:10:14 UTC 2026
Cache sync 65 at Sat May 16 19:10:14 UTC 2026
Cache sync 66 at Sat May 16 19:10:14 UTC 2026
Cache sync 67 at Sat May 16 19:10:14 UTC 2026
Cache sync 68 at Sat May 16 19:10:14 UTC 2026
Cache sync 69 at Sat May 16 19:10:14 UTC 2026
Cache sync 70 at Sat May 16 19:10:14 UTC 2026
Cache sync 71 at Sat May 16 19:10:14 UTC 2026
Cache sync 72 at Sat May 16 19:10:14 UTC 2026
Cache sync 73 at Sat May 16 19:10:14 UTC 2026
Cache sync 1 at Sun May 17 03:50:10 UTC 2026
Cache sync 2 at Sun May 17 03:50:10 UTC 2026
Cache sync 3 at Sun May 17 03:50:10 UTC 2026
Cache sync 4 at Sun May 17 03:50:10 UTC 2026
Cache sync 5 at Sun May 17 03:50:10 UTC 2026
Cache sync 6 at Sun May 17 03:50:10 UTC 2026
Cache sync 7 at Sun May 17 03:50:10 UTC 2026
Cache sync 8 at Sun May 17 03:50:10 UTC 2026
Cache sync 9 at Sun May 17 03:50:10 UTC 2026
Cache sync 10 at Sun May 17 03:50:10 UTC 2026
Cache sync 11 at Sun May 17 03:50:11 UTC 2026
Cache sync 12 at Sun May 17 03:50:11 UTC 2026
Cache sync 13 at Sun May 17 03:50:11 UTC 2026
Cache sync 14 at Sun May 17 03:50:11 UTC 2026
Cache sync 15 at Sun May 17 03:50:11 UTC 2026
Cache sync 16 at Sun May 17 03:50:11 UTC 2026
Cache sync 17 at Sun May 17 03:50:11 UTC 2026
Cache sync 18 at Sun May 17 03:50:11 UTC 2026
Cache sync 19 at Sun May 17 03:50:11 UTC 2026
Cache sync 20 at Sun May 17 03:50:11 UTC 2026
Cache sync 21 at Sun May 17 03:50:11 UTC 2026
Cache sync 22 at Sun May 17 03:50:11 UTC 2026
Cache sync 23 at Sun May 17 03:50:11 UTC 2026
Cache sync 24 at Sun May 17 03:50:11 UTC 2026
Cache sync 25 at Sun May 17 03:50:11 UTC 2026
Cache sync 26 at Sun May 17 03:50:11 UTC 2026
Cache sync 27 at Sun May 17 03:50:11 UTC 2026
Cache sync 28 at Sun May 17 03:50:11 UTC 2026
Cache sync 29 at Sun May 17 03:50:11 UTC 2026
Cache sync 30 at Sun May 17 03:50:11 UTC 2026
Cache sync 31 at Sun May 17 03:50:11 UTC 2026
Cache sync 32 at Sun May 17 03:50:11 UTC 2026
Cache sync 33 at Sun May 17 03:50:11 UTC 2026
Cache sync 34 at Sun May 17 03:50:11 UTC 2026
Cache sync 35 at Sun May 17 03:50:11 UTC 2026
Cache sync 36 at Sun May 17 03:50:11 UTC 2026
Cache sync 37 at Sun May 17 03:50:11 UTC 2026
Cache sync 38 at Sun May 17 03:50:11 UTC 2026
Cache sync 39 at Sun May 17 03:50:11 UTC 2026
Cache sync 40 at Sun May 17 03:50:11 UTC 2026
Cache sync 41 at Sun May 17 03:50:11 UTC 2026
Cache sync 42 at Sun May 17 03:50:11 UTC 2026
Cache sync 43 at Sun May 17 03:50:11 UTC 2026
Cache sync 44 at Sun May 17 03:50:11 UTC 2026
Cache sync 45 at Sun May 17 03:50:11 UTC 2026
Cache sync 46 at Sun May 17 03:50:11 UTC 2026
Cache sync 47 at Sun May 17 03:50:11 UTC 2026
Cache sync 48 at Sun May 17 03:50:11 UTC 2026
Cache sync 49 at Sun May 17 03:50:11 UTC 2026
Cache sync 50 at Sun May 17 03:50:11 UTC 2026
Cache sync 51 at Sun May 17 03:50:11 UTC 2026
Cache sync 52 at Sun May 17 03:50:11 UTC 2026
Cache sync 53 at Sun May 17 03:50:11 UTC 2026
Cache sync 54 at Sun May 17 03:50:11 UTC 2026
Cache sync 55 at Sun May 17 03:50:11 UTC 2026
Cache sync 56 at Sun May 17 03:50:11 UTC 2026
Cache sync 57 at Sun May 17 03:50:11 UTC 2026
Cache sync 58 at Sun May 17 03:50:11 UTC 2026
Cache sync 59 at Sun May 17 03:50:11 UTC 2026
Cache sync 60 at Sun May 17 03:50:11 UTC 2026
Cache sync 61 at Sun May 17 03:50:11 UTC 2026
Cache sync 62 at Sun May 17 03:50:11 UTC 2026
Cache sync 63 at Sun May 17 03:50:11 UTC 2026
Cache sync 64 at Sun May 17 03:50:11 UTC 2026
Cache sync 65 at Sun May 17 03:50:11 UTC 2026
Cache sync 66 at Sun May 17 03:50:11 UTC 2026
Cache sync 67 at Sun May 17 03:50:11 UTC 2026
Cache sync 68 at Sun May 17 03:50:11 UTC 2026
Cache sync 69 at Sun May 17 03:50:11 UTC 2026
Cache sync 70 at Sun May 17 03:50:11 UTC 2026
Cache sync 71 at Sun May 17 03:50:11 UTC 2026
Cache sync 72 at Sun May 17 03:50:11 UTC 2026
Cache sync 73 at Sun May 17 03:50:11 UTC 2026
Cache sync 74 at Sun May 17 03:50:11 UTC 2026
Cache sync 75 at Sun May 17 03:50:11 UTC 2026
Cache sync 76 at Sun May 17 03:50:11 UTC 2026
Cache sync 77 at Sun May 17 03:50:11 UTC 2026
Cache sync 78 at Sun May 17 03:50:11 UTC 2026
Cache sync 1 at Sun May 17 08:25:28 UTC 2026
Cache sync 2 at Sun May 17 08:25:28 UTC 2026
Cache sync 3 at Sun May 17 08:25:28 UTC 2026
Cache sync 4 at Sun May 17 08:25:28 UTC 2026
Cache sync 5 at Sun May 17 08:25:28 UTC 2026
Cache sync 6 at Sun May 17 08:25:28 UTC 2026
Cache sync 7 at Sun May 17 08:25:28 UTC 2026
Cache sync 8 at Sun May 17 08:25:28 UTC 2026
Cache sync 9 at Sun May 17 08:25:28 UTC 2026
Cache sync 10 at Sun May 17 08:25:28 UTC 2026
Cache sync 11 at Sun May 17 08:25:28 UTC 2026
Cache sync 12 at Sun May 17 08:25:28 UTC 2026
Cache sync 13 at Sun May 17 08:25:28 UTC 2026
Cache sync 14 at Sun May 17 08:25:28 UTC 2026
Cache sync 15 at Sun May 17 08:25:28 UTC 2026
Cache sync 16 at Sun May 17 08:25:28 UTC 2026
Cache sync 17 at Sun May 17 08:25:28 UTC 2026
Cache sync 18 at Sun May 17 08:25:28 UTC 2026
Cache sync 19 at Sun May 17 08:25:28 UTC 2026
Cache sync 20 at Sun May 17 08:25:28 UTC 2026
Cache sync 21 at Sun May 17 08:25:28 UTC 2026
Cache sync 22 at Sun May 17 08:25:28 UTC 2026
Cache sync 23 at Sun May 17 08:25:28 UTC 2026
Cache sync 24 at Sun May 17 08:25:28 UTC 2026
Cache sync 25 at Sun May 17 08:25:28 UTC 2026
Cache sync 26 at Sun May 17 08:25:28 UTC 2026
Cache sync 27 at Sun May 17 08:25:28 UTC 2026
Cache sync 28 at Sun May 17 08:25:28 UTC 2026
Cache sync 29 at Sun May 17 08:25:28 UTC 2026
Cache sync 30 at Sun May 17 08:25:28 UTC 2026
Cache sync 31 at Sun May 17 08:25:28 UTC 2026
Cache sync 32 at Sun May 17 08:25:29 UTC 2026
Cache sync 33 at Sun May 17 08:25:29 UTC 2026
Cache sync 34 at Sun May 17 08:25:29 UTC 2026
Cache sync 35 at Sun May 17 08:25:29 UTC 2026
Cache sync 36 at Sun May 17 08:25:29 UTC 2026
Cache sync 37 at Sun May 17 08:25:29 UTC 2026
Cache sync 38 at Sun May 17 08:25:29 UTC 2026
Cache sync 39 at Sun May 17 08:25:29 UTC 2026
Cache sync 40 at Sun May 17 08:25:29 UTC 2026
Cache sync 41 at Sun May 17 08:25:29 UTC 2026
Cache sync 42 at Sun May 17 08:25:29 UTC 2026
Cache sync 43 at Sun May 17 08:25:29 UTC 2026
Cache sync 44 at Sun May 17 08:25:29 UTC 2026
Cache sync 45 at Sun May 17 08:25:29 UTC 2026
Cache sync 46 at Sun May 17 08:25:29 UTC 2026
Cache sync 47 at Sun May 17 08:25:29 UTC 2026
Cache sync 48 at Sun May 17 08:25:29 UTC 2026
Cache sync 49 at Sun May 17 08:25:29 UTC 2026
Cache sync 50 at Sun May 17 08:25:29 UTC 2026
Cache sync 51 at Sun May 17 08:25:29 UTC 2026
Cache sync 52 at Sun May 17 08:25:29 UTC 2026
Cache sync 53 at Sun May 17 08:25:29 UTC 2026
Cache sync 54 at Sun May 17 08:25:29 UTC 2026
Cache sync 55 at Sun May 17 08:25:29 UTC 2026
Cache sync 56 at Sun May 17 08:25:29 UTC 2026
Cache sync 57 at Sun May 17 08:25:29 UTC 2026
Cache sync 58 at Sun May 17 08:25:29 UTC 2026
Cache sync 59 at Sun May 17 08:25:29 UTC 2026
Cache sync 1 at Sun May 17 13:39:05 UTC 2026
Cache sync 2 at Sun May 17 13:39:05 UTC 2026
Cache sync 3 at Sun May 17 13:39:05 UTC 2026
Cache sync 4 at Sun May 17 13:39:05 UTC 2026
Cache sync 5 at Sun May 17 13:39:05 UTC 2026
Cache sync 6 at Sun May 17 13:39:05 UTC 2026
Cache sync 7 at Sun May 17 13:39:05 UTC 2026
Cache sync 8 at Sun May 17 13:39:05 UTC 2026
Cache sync 9 at Sun May 17 13:39:05 UTC 2026
Cache sync 10 at Sun May 17 13:39:05 UTC 2026
Cache sync 11 at Sun May 17 13:39:05 UTC 2026
Cache sync 12 at Sun May 17 13:39:06 UTC 2026
Cache sync 13 at Sun May 17 13:39:06 UTC 2026
Cache sync 14 at Sun May 17 13:39:06 UTC 2026
Cache sync 15 at Sun May 17 13:39:06 UTC 2026
Cache sync 16 at Sun May 17 13:39:06 UTC 2026
Cache sync 17 at Sun May 17 13:39:06 UTC 2026
Cache sync 18 at Sun May 17 13:39:06 UTC 2026
Cache sync 19 at Sun May 17 13:39:06 UTC 2026
Cache sync 20 at Sun May 17 13:39:06 UTC 2026
Cache sync 21 at Sun May 17 13:39:06 UTC 2026
Cache sync 22 at Sun May 17 13:39:06 UTC 2026
Cache sync 23 at Sun May 17 13:39:06 UTC 2026
Cache sync 24 at Sun May 17 13:39:06 UTC 2026
Cache sync 25 at Sun May 17 13:39:06 UTC 2026
Cache sync 26 at Sun May 17 13:39:06 UTC 2026
Cache sync 27 at Sun May 17 13:39:06 UTC 2026
Cache sync 28 at Sun May 17 13:39:06 UTC 2026
Cache sync 29 at Sun May 17 13:39:06 UTC 2026
Cache sync 30 at Sun May 17 13:39:06 UTC 2026
Cache sync 31 at Sun May 17 13:39:06 UTC 2026
Cache sync 32 at Sun May 17 13:39:06 UTC 2026
Cache sync 33 at Sun May 17 13:39:06 UTC 2026
Cache sync 34 at Sun May 17 13:39:06 UTC 2026
Cache sync 35 at Sun May 17 13:39:06 UTC 2026
Cache sync 36 at Sun May 17 13:39:06 UTC 2026
Cache sync 37 at Sun May 17 13:39:06 UTC 2026
Cache sync 38 at Sun May 17 13:39:06 UTC 2026
Cache sync 39 at Sun May 17 13:39:06 UTC 2026
Cache sync 40 at Sun May 17 13:39:06 UTC 2026
Cache sync 41 at Sun May 17 13:39:06 UTC 2026
Cache sync 42 at Sun May 17 13:39:06 UTC 2026
Cache sync 43 at Sun May 17 13:39:06 UTC 2026
Cache sync 44 at Sun May 17 13:39:06 UTC 2026
Cache sync 45 at Sun May 17 13:39:06 UTC 2026
Cache sync 46 at Sun May 17 13:39:06 UTC 2026
Cache sync 47 at Sun May 17 13:39:06 UTC 2026
Cache sync 48 at Sun May 17 13:39:06 UTC 2026
Cache sync 1 at Sun May 17 19:14:01 UTC 2026
Cache sync 2 at Sun May 17 19:14:01 UTC 2026
Cache sync 3 at Sun May 17 19:14:01 UTC 2026
Cache sync 4 at Sun May 17 19:14:01 UTC 2026
Cache sync 5 at Sun May 17 19:14:01 UTC 2026
Cache sync 6 at Sun May 17 19:14:01 UTC 2026
Cache sync 7 at Sun May 17 19:14:01 UTC 2026
Cache sync 8 at Sun May 17 19:14:01 UTC 2026
Cache sync 9 at Sun May 17 19:14:01 UTC 2026
Cache sync 10 at Sun May 17 19:14:01 UTC 2026
Cache sync 11 at Sun May 17 19:14:01 UTC 2026
Cache sync 12 at Sun May 17 19:14:01 UTC 2026
Cache sync 13 at Sun May 17 19:14:01 UTC 2026
Cache sync 14 at Sun May 17 19:14:01 UTC 2026
Cache sync 15 at Sun May 17 19:14:01 UTC 2026
Cache sync 16 at Sun May 17 19:14:01 UTC 2026
Cache sync 17 at Sun May 17 19:14:01 UTC 2026
Cache sync 18 at Sun May 17 19:14:01 UTC 2026
Cache sync 19 at Sun May 17 19:14:01 UTC 2026
Cache sync 20 at Sun May 17 19:14:01 UTC 2026
Cache sync 21 at Sun May 17 19:14:01 UTC 2026
Cache sync 22 at Sun May 17 19:14:01 UTC 2026
Cache sync 23 at Sun May 17 19:14:01 UTC 2026
Cache sync 24 at Sun May 17 19:14:01 UTC 2026
Cache sync 25 at Sun May 17 19:14:01 UTC 2026
Cache sync 26 at Sun May 17 19:14:01 UTC 2026
Cache sync 27 at Sun May 17 19:14:01 UTC 2026
Cache sync 28 at Sun May 17 19:14:01 UTC 2026
Cache sync 29 at Sun May 17 19:14:01 UTC 2026
Cache sync 30 at Sun May 17 19:14:01 UTC 2026
Cache sync 31 at Sun May 17 19:14:01 UTC 2026
Cache sync 32 at Sun May 17 19:14:01 UTC 2026
Cache sync 33 at Sun May 17 19:14:01 UTC 2026
Cache sync 34 at Sun May 17 19:14:01 UTC 2026
Cache sync 35 at Sun May 17 19:14:01 UTC 2026
Cache sync 36 at Sun May 17 19:14:01 UTC 2026
Cache sync 37 at Sun May 17 19:14:01 UTC 2026
Cache sync 38 at Sun May 17 19:14:01 UTC 2026
Cache sync 39 at Sun May 17 19:14:01 UTC 2026
Cache sync 40 at Sun May 17 19:14:01 UTC 2026
Cache sync 41 at Sun May 17 19:14:01 UTC 2026
Cache sync 42 at Sun May 17 19:14:01 UTC 2026
Cache sync 43 at Sun May 17 19:14:01 UTC 2026
Cache sync 44 at Sun May 17 19:14:01 UTC 2026
Cache sync 45 at Sun May 17 19:14:01 UTC 2026
Cache sync 46 at Sun May 17 19:14:01 UTC 2026
Cache sync 47 at Sun May 17 19:14:01 UTC 2026
Cache sync 48 at Sun May 17 19:14:01 UTC 2026
Cache sync 1 at Mon May 18 10:12:32 UTC 2026
Cache sync 2 at Mon May 18 10:12:32 UTC 2026
Cache sync 3 at Mon May 18 10:12:32 UTC 2026
Cache sync 4 at Mon May 18 10:12:32 UTC 2026
Cache sync 5 at Mon May 18 10:12:32 UTC 2026
Cache sync 6 at Mon May 18 10:12:32 UTC 2026
Cache sync 7 at Mon May 18 10:12:32 UTC 2026
Cache sync 8 at Mon May 18 10:12:32 UTC 2026
Cache sync 9 at Mon May 18 10:12:32 UTC 2026
Cache sync 10 at Mon May 18 10:12:32 UTC 2026
Cache sync 11 at Mon May 18 10:12:32 UTC 2026
Cache sync 12 at Mon May 18 10:12:32 UTC 2026
Cache sync 13 at Mon May 18 10:12:32 UTC 2026
Cache sync 14 at Mon May 18 10:12:32 UTC 2026
Cache sync 15 at Mon May 18 10:12:32 UTC 2026
Cache sync 16 at Mon May 18 10:12:32 UTC 2026
Cache sync 17 at Mon May 18 10:12:32 UTC 2026
Cache sync 18 at Mon May 18 10:12:32 UTC 2026
Cache sync 19 at Mon May 18 10:12:32 UTC 2026
Cache sync 20 at Mon May 18 10:12:32 UTC 2026
Cache sync 21 at Mon May 18 10:12:32 UTC 2026
Cache sync 22 at Mon May 18 10:12:32 UTC 2026
Cache sync 1 at Mon May 18 15:40:30 UTC 2026
Cache sync 2 at Mon May 18 15:40:30 UTC 2026
Cache sync 3 at Mon May 18 15:40:30 UTC 2026
Cache sync 4 at Mon May 18 15:40:30 UTC 2026
Cache sync 5 at Mon May 18 15:40:30 UTC 2026
Cache sync 6 at Mon May 18 15:40:30 UTC 2026
Cache sync 7 at Mon May 18 15:40:30 UTC 2026
Cache sync 8 at Mon May 18 15:40:30 UTC 2026
Cache sync 9 at Mon May 18 15:40:30 UTC 2026
Cache sync 10 at Mon May 18 15:40:30 UTC 2026
Cache sync 11 at Mon May 18 15:40:30 UTC 2026
Cache sync 12 at Mon May 18 15:40:30 UTC 2026
Cache sync 13 at Mon May 18 15:40:30 UTC 2026
Cache sync 14 at Mon May 18 15:40:30 UTC 2026
Cache sync 15 at Mon May 18 15:40:30 UTC 2026
Cache sync 16 at Mon May 18 15:40:30 UTC 2026
Cache sync 17 at Mon May 18 15:40:30 UTC 2026
Cache sync 18 at Mon May 18 15:40:30 UTC 2026
Cache sync 19 at Mon May 18 15:40:30 UTC 2026
Cache sync 20 at Mon May 18 15:40:30 UTC 2026
Cache sync 21 at Mon May 18 15:40:30 UTC 2026
Cache sync 22 at Mon May 18 15:40:30 UTC 2026
Cache sync 23 at Mon May 18 15:40:30 UTC 2026
Cache sync 24 at Mon May 18 15:40:30 UTC 2026
Cache sync 25 at Mon May 18 15:40:30 UTC 2026
Cache sync 26 at Mon May 18 15:40:30 UTC 2026
Cache sync 27 at Mon May 18 15:40:30 UTC 2026
Cache sync 28 at Mon May 18 15:40:30 UTC 2026
Cache sync 29 at Mon May 18 15:40:30 UTC 2026
Cache sync 30 at Mon May 18 15:40:30 UTC 2026
Cache sync 31 at Mon May 18 15:40:30 UTC 2026
Cache sync 32 at Mon May 18 15:40:30 UTC 2026
Cache sync 33 at Mon May 18 15:40:30 UTC 2026
Cache sync 34 at Mon May 18 15:40:30 UTC 2026
Cache sync 35 at Mon May 18 15:40:30 UTC 2026
Cache sync 36 at Mon May 18 15:40:31 UTC 2026
Cache sync 37 at Mon May 18 15:40:31 UTC 2026
Cache sync 38 at Mon May 18 15:40:31 UTC 2026
Cache sync 39 at Mon May 18 15:40:31 UTC 2026
Cache sync 40 at Mon May 18 15:40:31 UTC 2026
Cache sync 41 at Mon May 18 15:40:31 UTC 2026
Cache sync 42 at Mon May 18 15:40:31 UTC 2026
Cache sync 43 at Mon May 18 15:40:31 UTC 2026
Cache sync 44 at Mon May 18 15:40:31 UTC 2026
Cache sync 45 at Mon May 18 15:40:31 UTC 2026
Cache sync 46 at Mon May 18 15:40:31 UTC 2026
Cache sync 47 at Mon May 18 15:40:31 UTC 2026
Cache sync 48 at Mon May 18 15:40:31 UTC 2026
Cache sync 49 at Mon May 18 15:40:31 UTC 2026
Cache sync 50 at Mon May 18 15:40:31 UTC 2026
Cache sync 51 at Mon May 18 15:40:31 UTC 2026
Cache sync 52 at Mon May 18 15:40:31 UTC 2026
Cache sync 53 at Mon May 18 15:40:31 UTC 2026
Cache sync 54 at Mon May 18 15:40:31 UTC 2026
Cache sync 55 at Mon May 18 15:40:31 UTC 2026
Cache sync 56 at Mon May 18 15:40:31 UTC 2026
Cache sync 57 at Mon May 18 15:40:31 UTC 2026
Cache sync 58 at Mon May 18 15:40:31 UTC 2026
Cache sync 59 at Mon May 18 15:40:31 UTC 2026
Cache sync 60 at Mon May 18 15:40:31 UTC 2026
Cache sync 1 at Mon May 18 19:48:19 UTC 2026
Cache sync 2 at Mon May 18 19:48:19 UTC 2026
Cache sync 3 at Mon May 18 19:48:19 UTC 2026
Cache sync 4 at Mon May 18 19:48:19 UTC 2026
Cache sync 5 at Mon May 18 19:48:19 UTC 2026
Cache sync 6 at Mon May 18 19:48:19 UTC 2026
Cache sync 7 at Mon May 18 19:48:19 UTC 2026
Cache sync 8 at Mon May 18 19:48:19 UTC 2026
Cache sync 9 at Mon May 18 19:48:19 UTC 2026
Cache sync 10 at Mon May 18 19:48:19 UTC 2026
Cache sync 11 at Mon May 18 19:48:19 UTC 2026
Cache sync 12 at Mon May 18 19:48:19 UTC 2026
Cache sync 13 at Mon May 18 19:48:19 UTC 2026
Cache sync 14 at Mon May 18 19:48:19 UTC 2026
Cache sync 15 at Mon May 18 19:48:19 UTC 2026
Cache sync 16 at Mon May 18 19:48:19 UTC 2026
Cache sync 17 at Mon May 18 19:48:19 UTC 2026
Cache sync 18 at Mon May 18 19:48:19 UTC 2026
Cache sync 1 at Tue May 19 03:56:00 UTC 2026
Cache sync 2 at Tue May 19 03:56:00 UTC 2026
Cache sync 3 at Tue May 19 03:56:00 UTC 2026
Cache sync 4 at Tue May 19 03:56:00 UTC 2026
Cache sync 5 at Tue May 19 03:56:00 UTC 2026
Cache sync 6 at Tue May 19 03:56:00 UTC 2026
Cache sync 7 at Tue May 19 03:56:00 UTC 2026
Cache sync 8 at Tue May 19 03:56:00 UTC 2026
Cache sync 9 at Tue May 19 03:56:00 UTC 2026
Cache sync 10 at Tue May 19 03:56:00 UTC 2026
Cache sync 11 at Tue May 19 03:56:00 UTC 2026
Cache sync 12 at Tue May 19 03:56:00 UTC 2026
Cache sync 13 at Tue May 19 03:56:00 UTC 2026
Cache sync 14 at Tue May 19 03:56:00 UTC 2026
Cache sync 15 at Tue May 19 03:56:00 UTC 2026
Cache sync 16 at Tue May 19 03:56:01 UTC 2026
Cache sync 17 at Tue May 19 03:56:01 UTC 2026
Cache sync 18 at Tue May 19 03:56:01 UTC 2026
Cache sync 19 at Tue May 19 03:56:01 UTC 2026
Cache sync 20 at Tue May 19 03:56:01 UTC 2026
Cache sync 21 at Tue May 19 03:56:01 UTC 2026
Cache sync 22 at Tue May 19 03:56:01 UTC 2026
Cache sync 23 at Tue May 19 03:56:01 UTC 2026
Cache sync 24 at Tue May 19 03:56:01 UTC 2026
Cache sync 25 at Tue May 19 03:56:01 UTC 2026
Cache sync 26 at Tue May 19 03:56:01 UTC 2026
Cache sync 27 at Tue May 19 03:56:01 UTC 2026
Cache sync 28 at Tue May 19 03:56:01 UTC 2026
Cache sync 29 at Tue May 19 03:56:01 UTC 2026
Cache sync 30 at Tue May 19 03:56:01 UTC 2026
Cache sync 31 at Tue May 19 03:56:01 UTC 2026
Cache sync 32 at Tue May 19 03:56:01 UTC 2026
Cache sync 33 at Tue May 19 03:56:01 UTC 2026
Cache sync 34 at Tue May 19 03:56:01 UTC 2026
Cache sync 35 at Tue May 19 03:56:01 UTC 2026
Cache sync 36 at Tue May 19 03:56:01 UTC 2026
Cache sync 37 at Tue May 19 03:56:01 UTC 2026
Cache sync 38 at Tue May 19 03:56:01 UTC 2026
Cache sync 39 at Tue May 19 03:56:01 UTC 2026
Cache sync 40 at Tue May 19 03:56:01 UTC 2026
Cache sync 41 at Tue May 19 03:56:01 UTC 2026
Cache sync 42 at Tue May 19 03:56:01 UTC 2026
Cache sync 43 at Tue May 19 03:56:01 UTC 2026
Cache sync 44 at Tue May 19 03:56:01 UTC 2026
Cache sync 45 at Tue May 19 03:56:01 UTC 2026
Cache sync 46 at Tue May 19 03:56:01 UTC 2026
Cache sync 47 at Tue May 19 03:56:01 UTC 2026
Cache sync 1 at Tue May 19 09:53:21 UTC 2026
Cache sync 2 at Tue May 19 09:53:21 UTC 2026
Cache sync 3 at Tue May 19 09:53:21 UTC 2026
Cache sync 1 at Tue May 19 15:32:54 UTC 2026
Cache sync 2 at Tue May 19 15:32:54 UTC 2026
Cache sync 3 at Tue May 19 15:32:54 UTC 2026
Cache sync 4 at Tue May 19 15:32:54 UTC 2026
Cache sync 5 at Tue May 19 15:32:54 UTC 2026
Cache sync 6 at Tue May 19 15:32:54 UTC 2026
Cache sync 7 at Tue May 19 15:32:54 UTC 2026
Cache sync 8 at Tue May 19 15:32:54 UTC 2026
Cache sync 9 at Tue May 19 15:32:54 UTC 2026
Cache sync 10 at Tue May 19 15:32:54 UTC 2026
Cache sync 11 at Tue May 19 15:32:54 UTC 2026
Cache sync 12 at Tue May 19 15:32:54 UTC 2026
Cache sync 13 at Tue May 19 15:32:54 UTC 2026
Cache sync 14 at Tue May 19 15:32:54 UTC 2026
Cache sync 15 at Tue May 19 15:32:54 UTC 2026
Cache sync 16 at Tue May 19 15:32:54 UTC 2026
Cache sync 17 at Tue May 19 15:32:54 UTC 2026
Cache sync 18 at Tue May 19 15:32:54 UTC 2026
Cache sync 19 at Tue May 19 15:32:54 UTC 2026
Cache sync 20 at Tue May 19 15:32:54 UTC 2026
Cache sync 21 at Tue May 19 15:32:54 UTC 2026
Cache sync 22 at Tue May 19 15:32:54 UTC 2026
Cache sync 23 at Tue May 19 15:32:54 UTC 2026
Cache sync 24 at Tue May 19 15:32:54 UTC 2026
Cache sync 25 at Tue May 19 15:32:54 UTC 2026
Cache sync 26 at Tue May 19 15:32:54 UTC 2026
Cache sync 27 at Tue May 19 15:32:54 UTC 2026
Cache sync 28 at Tue May 19 15:32:54 UTC 2026
Cache sync 29 at Tue May 19 15:32:54 UTC 2026
Cache sync 30 at Tue May 19 15:32:54 UTC 2026
Cache sync 31 at Tue May 19 15:32:55 UTC 2026
Cache sync 32 at Tue May 19 15:32:55 UTC 2026
Cache sync 33 at Tue May 19 15:32:55 UTC 2026
Cache sync 34 at Tue May 19 15:32:55 UTC 2026
Cache sync 35 at Tue May 19 15:32:55 UTC 2026
Cache sync 36 at Tue May 19 15:32:55 UTC 2026
Cache sync 37 at Tue May 19 15:32:55 UTC 2026
Cache sync 38 at Tue May 19 15:32:55 UTC 2026
Cache sync 39 at Tue May 19 15:32:55 UTC 2026
Cache sync 40 at Tue May 19 15:32:55 UTC 2026
Cache sync 41 at Tue May 19 15:32:55 UTC 2026
Cache sync 42 at Tue May 19 15:32:55 UTC 2026
Cache sync 43 at Tue May 19 15:32:55 UTC 2026
Cache sync 44 at Tue May 19 15:32:55 UTC 2026
Cache sync 45 at Tue May 19 15:32:55 UTC 2026
Cache sync 46 at Tue May 19 15:32:55 UTC 2026
Cache sync 47 at Tue May 19 15:32:55 UTC 2026
Cache sync 48 at Tue May 19 15:32:55 UTC 2026
Cache sync 49 at Tue May 19 15:32:55 UTC 2026
Cache sync 50 at Tue May 19 15:32:55 UTC 2026
Cache sync 51 at Tue May 19 15:32:55 UTC 2026
Cache sync 52 at Tue May 19 15:32:55 UTC 2026
Cache sync 53 at Tue May 19 15:32:55 UTC 2026
Cache sync 54 at Tue May 19 15:32:55 UTC 2026
Cache sync 55 at Tue May 19 15:32:55 UTC 2026
Cache sync 56 at Tue May 19 15:32:55 UTC 2026
Cache sync 57 at Tue May 19 15:32:55 UTC 2026
Cache sync 58 at Tue May 19 15:32:55 UTC 2026
Cache sync 59 at Tue May 19 15:32:55 UTC 2026
Cache sync 60 at Tue May 19 15:32:55 UTC 2026
Cache sync 61 at Tue May 19 15:32:55 UTC 2026
Cache sync 62 at Tue May 19 15:32:55 UTC 2026
Cache sync 63 at Tue May 19 15:32:55 UTC 2026
Cache sync 64 at Tue May 19 15:32:55 UTC 2026
Cache sync 65 at Tue May 19 15:32:55 UTC 2026
Cache sync 66 at Tue May 19 15:32:55 UTC 2026
Cache sync 67 at Tue May 19 15:32:55 UTC 2026
Cache sync 68 at Tue May 19 15:32:55 UTC 2026
Cache sync 69 at Tue May 19 15:32:55 UTC 2026
Cache sync 70 at Tue May 19 15:32:55 UTC 2026
Cache sync 71 at Tue May 19 15:32:55 UTC 2026
Cache sync 72 at Tue May 19 15:32:55 UTC 2026
Cache sync 73 at Tue May 19 15:32:55 UTC 2026
Cache sync 74 at Tue May 19 15:32:55 UTC 2026
Cache sync 75 at Tue May 19 15:32:55 UTC 2026
Cache sync 76 at Tue May 19 15:32:55 UTC 2026
Cache sync 77 at Tue May 19 15:32:55 UTC 2026
Cache sync 78 at Tue May 19 15:32:55 UTC 2026
Cache sync 79 at Tue May 19 15:32:55 UTC 2026
Cache sync 80 at Tue May 19 15:32:55 UTC 2026
Cache sync 81 at Tue May 19 15:32:55 UTC 2026
Cache sync 82 at Tue May 19 15:32:55 UTC 2026
Cache sync 83 at Tue May 19 15:32:55 UTC 2026
Cache sync 84 at Tue May 19 15:32:55 UTC 2026
Cache sync 85 at Tue May 19 15:32:55 UTC 2026
Cache sync 1 at Tue May 19 19:56:07 UTC 2026
Cache sync 2 at Tue May 19 19:56:07 UTC 2026
Cache sync 3 at Tue May 19 19:56:07 UTC 2026
Cache sync 4 at Tue May 19 19:56:07 UTC 2026
Cache sync 5 at Tue May 19 19:56:07 UTC 2026
Cache sync 6 at Tue May 19 19:56:07 UTC 2026
Cache sync 7 at Tue May 19 19:56:07 UTC 2026
Cache sync 8 at Tue May 19 19:56:07 UTC 2026
Cache sync 9 at Tue May 19 19:56:07 UTC 2026
Cache sync 10 at Tue May 19 19:56:07 UTC 2026
Cache sync 11 at Tue May 19 19:56:07 UTC 2026
Cache sync 12 at Tue May 19 19:56:07 UTC 2026
Cache sync 13 at Tue May 19 19:56:07 UTC 2026
Cache sync 14 at Tue May 19 19:56:07 UTC 2026
Cache sync 15 at Tue May 19 19:56:07 UTC 2026
Cache sync 16 at Tue May 19 19:56:07 UTC 2026
Cache sync 17 at Tue May 19 19:56:07 UTC 2026
Cache sync 18 at Tue May 19 19:56:07 UTC 2026
Cache sync 19 at Tue May 19 19:56:07 UTC 2026
Cache sync 20 at Tue May 19 19:56:07 UTC 2026
Cache sync 21 at Tue May 19 19:56:07 UTC 2026
Cache sync 1 at Wed May 20 09:41:15 UTC 2026
Cache sync 2 at Wed May 20 09:41:15 UTC 2026
Cache sync 3 at Wed May 20 09:41:15 UTC 2026
Cache sync 4 at Wed May 20 09:41:15 UTC 2026
Cache sync 5 at Wed May 20 09:41:15 UTC 2026
Cache sync 6 at Wed May 20 09:41:15 UTC 2026
Cache sync 7 at Wed May 20 09:41:15 UTC 2026
Cache sync 8 at Wed May 20 09:41:15 UTC 2026
Cache sync 9 at Wed May 20 09:41:15 UTC 2026
Cache sync 10 at Wed May 20 09:41:15 UTC 2026
Cache sync 11 at Wed May 20 09:41:15 UTC 2026
Cache sync 12 at Wed May 20 09:41:15 UTC 2026
Cache sync 13 at Wed May 20 09:41:15 UTC 2026
Cache sync 14 at Wed May 20 09:41:15 UTC 2026
Cache sync 15 at Wed May 20 09:41:15 UTC 2026
Cache sync 16 at Wed May 20 09:41:15 UTC 2026
Cache sync 17 at Wed May 20 09:41:15 UTC 2026
Cache sync 18 at Wed May 20 09:41:15 UTC 2026
Cache sync 19 at Wed May 20 09:41:15 UTC 2026
Cache sync 20 at Wed May 20 09:41:15 UTC 2026
Cache sync 21 at Wed May 20 09:41:15 UTC 2026
Cache sync 22 at Wed May 20 09:41:15 UTC 2026
Cache sync 23 at Wed May 20 09:41:15 UTC 2026
Cache sync 24 at Wed May 20 09:41:15 UTC 2026
Cache sync 25 at Wed May 20 09:41:15 UTC 2026
Cache sync 26 at Wed May 20 09:41:15 UTC 2026
Cache sync 27 at Wed May 20 09:41:15 UTC 2026
Cache sync 28 at Wed May 20 09:41:15 UTC 2026
Cache sync 29 at Wed May 20 09:41:15 UTC 2026
Cache sync 30 at Wed May 20 09:41:15 UTC 2026
Cache sync 31 at Wed May 20 09:41:15 UTC 2026
Cache sync 32 at Wed May 20 09:41:15 UTC 2026
Cache sync 33 at Wed May 20 09:41:15 UTC 2026
Cache sync 34 at Wed May 20 09:41:15 UTC 2026
Cache sync 35 at Wed May 20 09:41:15 UTC 2026
Cache sync 36 at Wed May 20 09:41:15 UTC 2026
Cache sync 37 at Wed May 20 09:41:15 UTC 2026
Cache sync 38 at Wed May 20 09:41:15 UTC 2026
Cache sync 39 at Wed May 20 09:41:15 UTC 2026
Cache sync 40 at Wed May 20 09:41:15 UTC 2026
Cache sync 41 at Wed May 20 09:41:15 UTC 2026
Cache sync 42 at Wed May 20 09:41:15 UTC 2026
Cache sync 43 at Wed May 20 09:41:15 UTC 2026
Cache sync 44 at Wed May 20 09:41:15 UTC 2026
Cache sync 45 at Wed May 20 09:41:16 UTC 2026
Cache sync 46 at Wed May 20 09:41:16 UTC 2026
Cache sync 47 at Wed May 20 09:41:16 UTC 2026
Cache sync 48 at Wed May 20 09:41:16 UTC 2026
Cache sync 49 at Wed May 20 09:41:16 UTC 2026
Cache sync 50 at Wed May 20 09:41:16 UTC 2026
Cache sync 51 at Wed May 20 09:41:16 UTC 2026
Cache sync 52 at Wed May 20 09:41:16 UTC 2026
Cache sync 53 at Wed May 20 09:41:16 UTC 2026
Cache sync 54 at Wed May 20 09:41:16 UTC 2026
Cache sync 55 at Wed May 20 09:41:16 UTC 2026
Cache sync 56 at Wed May 20 09:41:16 UTC 2026
Cache sync 57 at Wed May 20 09:41:16 UTC 2026
Cache sync 58 at Wed May 20 09:41:16 UTC 2026
Cache sync 59 at Wed May 20 09:41:16 UTC 2026
Cache sync 60 at Wed May 20 09:41:16 UTC 2026
Cache sync 61 at Wed May 20 09:41:16 UTC 2026
Cache sync 62 at Wed May 20 09:41:16 UTC 2026
Cache sync 63 at Wed May 20 09:41:16 UTC 2026
Cache sync 64 at Wed May 20 09:41:16 UTC 2026
Cache sync 65 at Wed May 20 09:41:16 UTC 2026
Cache sync 66 at Wed May 20 09:41:16 UTC 2026
Cache sync 67 at Wed May 20 09:41:16 UTC 2026
Cache sync 68 at Wed May 20 09:41:16 UTC 2026
Cache sync 69 at Wed May 20 09:41:16 UTC 2026
Cache sync 1 at Wed May 20 15:31:07 UTC 2026
Cache sync 2 at Wed May 20 15:31:07 UTC 2026
Cache sync 3 at Wed May 20 15:31:07 UTC 2026
Cache sync 4 at Wed May 20 15:31:07 UTC 2026
Cache sync 5 at Wed May 20 15:31:07 UTC 2026
Cache sync 6 at Wed May 20 15:31:07 UTC 2026
Cache sync 7 at Wed May 20 15:31:07 UTC 2026
Cache sync 8 at Wed May 20 15:31:07 UTC 2026
Cache sync 9 at Wed May 20 15:31:08 UTC 2026
Cache sync 10 at Wed May 20 15:31:08 UTC 2026
Cache sync 11 at Wed May 20 15:31:08 UTC 2026
Cache sync 12 at Wed May 20 15:31:08 UTC 2026
Cache sync 13 at Wed May 20 15:31:08 UTC 2026
Cache sync 14 at Wed May 20 15:31:08 UTC 2026
Cache sync 15 at Wed May 20 15:31:08 UTC 2026
Cache sync 16 at Wed May 20 15:31:08 UTC 2026
Cache sync 17 at Wed May 20 15:31:08 UTC 2026
Cache sync 18 at Wed May 20 15:31:08 UTC 2026
Cache sync 19 at Wed May 20 15:31:08 UTC 2026
Cache sync 20 at Wed May 20 15:31:08 UTC 2026
Cache sync 21 at Wed May 20 15:31:08 UTC 2026
Cache sync 22 at Wed May 20 15:31:08 UTC 2026
Cache sync 23 at Wed May 20 15:31:08 UTC 2026
Cache sync 24 at Wed May 20 15:31:08 UTC 2026
Cache sync 25 at Wed May 20 15:31:08 UTC 2026
Cache sync 26 at Wed May 20 15:31:08 UTC 2026
Cache sync 27 at Wed May 20 15:31:08 UTC 2026
Cache sync 28 at Wed May 20 15:31:08 UTC 2026
Cache sync 29 at Wed May 20 15:31:08 UTC 2026
Cache sync 30 at Wed May 20 15:31:08 UTC 2026
Cache sync 31 at Wed May 20 15:31:08 UTC 2026
Cache sync 32 at Wed May 20 15:31:08 UTC 2026
Cache sync 33 at Wed May 20 15:31:08 UTC 2026
Cache sync 34 at Wed May 20 15:31:08 UTC 2026
Cache sync 35 at Wed May 20 15:31:08 UTC 2026
Cache sync 36 at Wed May 20 15:31:08 UTC 2026
Cache sync 37 at Wed May 20 15:31:08 UTC 2026
Cache sync 38 at Wed May 20 15:31:08 UTC 2026
Cache sync 39 at Wed May 20 15:31:08 UTC 2026
Cache sync 40 at Wed May 20 15:31:08 UTC 2026
Cache sync 41 at Wed May 20 15:31:08 UTC 2026
Cache sync 42 at Wed May 20 15:31:08 UTC 2026
Cache sync 43 at Wed May 20 15:31:08 UTC 2026
Cache sync 44 at Wed May 20 15:31:08 UTC 2026
Cache sync 45 at Wed May 20 15:31:08 UTC 2026
Cache sync 46 at Wed May 20 15:31:08 UTC 2026
Cache sync 47 at Wed May 20 15:31:08 UTC 2026
Cache sync 48 at Wed May 20 15:31:08 UTC 2026
Cache sync 49 at Wed May 20 15:31:08 UTC 2026
Cache sync 50 at Wed May 20 15:31:08 UTC 2026
Cache sync 51 at Wed May 20 15:31:08 UTC 2026
Cache sync 52 at Wed May 20 15:31:08 UTC 2026
Cache sync 53 at Wed May 20 15:31:08 UTC 2026
Cache sync 54 at Wed May 20 15:31:08 UTC 2026
Cache sync 55 at Wed May 20 15:31:08 UTC 2026
Cache sync 56 at Wed May 20 15:31:08 UTC 2026
Cache sync 57 at Wed May 20 15:31:08 UTC 2026
Cache sync 58 at Wed May 20 15:31:08 UTC 2026
Cache sync 59 at Wed May 20 15:31:08 UTC 2026
Cache sync 60 at Wed May 20 15:31:08 UTC 2026
Cache sync 61 at Wed May 20 15:31:08 UTC 2026
Cache sync 62 at Wed May 20 15:31:08 UTC 2026
Cache sync 63 at Wed May 20 15:31:08 UTC 2026
Cache sync 64 at Wed May 20 15:31:08 UTC 2026
Cache sync 65 at Wed May 20 15:31:08 UTC 2026
Cache sync 66 at Wed May 20 15:31:08 UTC 2026
Cache sync 67 at Wed May 20 15:31:08 UTC 2026
Cache sync 68 at Wed May 20 15:31:08 UTC 2026
Cache sync 69 at Wed May 20 15:31:08 UTC 2026
Cache sync 70 at Wed May 20 15:31:08 UTC 2026
Cache sync 71 at Wed May 20 15:31:08 UTC 2026
Cache sync 72 at Wed May 20 15:31:08 UTC 2026
Cache sync 73 at Wed May 20 15:31:08 UTC 2026
Cache sync 74 at Wed May 20 15:31:08 UTC 2026
Cache sync 75 at Wed May 20 15:31:08 UTC 2026
Cache sync 76 at Wed May 20 15:31:08 UTC 2026
Cache sync 77 at Wed May 20 15:31:08 UTC 2026
Cache sync 78 at Wed May 20 15:31:08 UTC 2026
Cache sync 79 at Wed May 20 15:31:08 UTC 2026
Cache sync 80 at Wed May 20 15:31:08 UTC 2026
Cache sync 81 at Wed May 20 15:31:08 UTC 2026
Cache sync 82 at Wed May 20 15:31:08 UTC 2026
Cache sync 1 at Wed May 20 20:22:40 UTC 2026
Cache sync 2 at Wed May 20 20:22:40 UTC 2026
Cache sync 3 at Wed May 20 20:22:40 UTC 2026
Cache sync 4 at Wed May 20 20:22:40 UTC 2026
Cache sync 5 at Wed May 20 20:22:40 UTC 2026
Cache sync 6 at Wed May 20 20:22:40 UTC 2026
Cache sync 7 at Wed May 20 20:22:40 UTC 2026
Cache sync 8 at Wed May 20 20:22:40 UTC 2026
Cache sync 9 at Wed May 20 20:22:40 UTC 2026
Cache sync 10 at Wed May 20 20:22:40 UTC 2026
Cache sync 11 at Wed May 20 20:22:40 UTC 2026
Cache sync 12 at Wed May 20 20:22:40 UTC 2026
Cache sync 13 at Wed May 20 20:22:40 UTC 2026
Cache sync 14 at Wed May 20 20:22:40 UTC 2026
Cache sync 15 at Wed May 20 20:22:40 UTC 2026
Cache sync 16 at Wed May 20 20:22:40 UTC 2026
Cache sync 17 at Wed May 20 20:22:40 UTC 2026
Cache sync 18 at Wed May 20 20:22:40 UTC 2026
Cache sync 19 at Wed May 20 20:22:40 UTC 2026
Cache sync 20 at Wed May 20 20:22:40 UTC 2026
Cache sync 21 at Wed May 20 20:22:40 UTC 2026
Cache sync 22 at Wed May 20 20:22:40 UTC 2026
Cache sync 23 at Wed May 20 20:22:40 UTC 2026
Cache sync 24 at Wed May 20 20:22:40 UTC 2026
Cache sync 25 at Wed May 20 20:22:40 UTC 2026
Cache sync 26 at Wed May 20 20:22:40 UTC 2026
Cache sync 27 at Wed May 20 20:22:40 UTC 2026
Cache sync 28 at Wed May 20 20:22:40 UTC 2026
Cache sync 29 at Wed May 20 20:22:40 UTC 2026
Cache sync 30 at Wed May 20 20:22:40 UTC 2026
Cache sync 31 at Wed May 20 20:22:40 UTC 2026
Cache sync 32 at Wed May 20 20:22:40 UTC 2026
Cache sync 33 at Wed May 20 20:22:40 UTC 2026
Cache sync 34 at Wed May 20 20:22:40 UTC 2026
Cache sync 35 at Wed May 20 20:22:40 UTC 2026
Cache sync 36 at Wed May 20 20:22:40 UTC 2026
Cache sync 37 at Wed May 20 20:22:40 UTC 2026
Cache sync 38 at Wed May 20 20:22:40 UTC 2026
Cache sync 39 at Wed May 20 20:22:40 UTC 2026
Cache sync 40 at Wed May 20 20:22:40 UTC 2026
Cache sync 41 at Wed May 20 20:22:40 UTC 2026
Cache sync 42 at Wed May 20 20:22:40 UTC 2026
Cache sync 43 at Wed May 20 20:22:40 UTC 2026
Cache sync 44 at Wed May 20 20:22:40 UTC 2026
Cache sync 45 at Wed May 20 20:22:40 UTC 2026
Cache sync 46 at Wed May 20 20:22:40 UTC 2026
Cache sync 47 at Wed May 20 20:22:40 UTC 2026
Cache sync 48 at Wed May 20 20:22:40 UTC 2026
Cache sync 49 at Wed May 20 20:22:40 UTC 2026
Cache sync 50 at Wed May 20 20:22:40 UTC 2026
Cache sync 51 at Wed May 20 20:22:40 UTC 2026
Cache sync 52 at Wed May 20 20:22:40 UTC 2026
Cache sync 53 at Wed May 20 20:22:40 UTC 2026
Cache sync 54 at Wed May 20 20:22:40 UTC 2026
Cache sync 55 at Wed May 20 20:22:40 UTC 2026
Cache sync 56 at Wed May 20 20:22:40 UTC 2026
Cache sync 57 at Wed May 20 20:22:40 UTC 2026
Cache sync 58 at Wed May 20 20:22:40 UTC 2026
Cache sync 59 at Wed May 20 20:22:40 UTC 2026
Cache sync 60 at Wed May 20 20:22:40 UTC 2026
Cache sync 61 at Wed May 20 20:22:40 UTC 2026
Cache sync 62 at Wed May 20 20:22:40 UTC 2026
Cache sync 1 at Thu May 21 04:05:30 UTC 2026
Cache sync 2 at Thu May 21 04:05:30 UTC 2026
Cache sync 3 at Thu May 21 04:05:30 UTC 2026
Cache sync 4 at Thu May 21 04:05:30 UTC 2026
Cache sync 5 at Thu May 21 04:05:30 UTC 2026
Cache sync 6 at Thu May 21 04:05:30 UTC 2026
Cache sync 7 at Thu May 21 04:05:30 UTC 2026
Cache sync 8 at Thu May 21 04:05:31 UTC 2026
Cache sync 9 at Thu May 21 04:05:31 UTC 2026
Cache sync 10 at Thu May 21 04:05:31 UTC 2026
Cache sync 11 at Thu May 21 04:05:31 UTC 2026
Cache sync 12 at Thu May 21 04:05:31 UTC 2026
Cache sync 13 at Thu May 21 04:05:31 UTC 2026
Cache sync 14 at Thu May 21 04:05:31 UTC 2026
Cache sync 15 at Thu May 21 04:05:31 UTC 2026
Cache sync 16 at Thu May 21 04:05:31 UTC 2026
Cache sync 17 at Thu May 21 04:05:31 UTC 2026
Cache sync 18 at Thu May 21 04:05:31 UTC 2026
Cache sync 19 at Thu May 21 04:05:31 UTC 2026
Cache sync 20 at Thu May 21 04:05:31 UTC 2026
Cache sync 21 at Thu May 21 04:05:31 UTC 2026
Cache sync 22 at Thu May 21 04:05:31 UTC 2026
Cache sync 23 at Thu May 21 04:05:31 UTC 2026
Cache sync 24 at Thu May 21 04:05:31 UTC 2026
Cache sync 25 at Thu May 21 04:05:31 UTC 2026
Cache sync 26 at Thu May 21 04:05:31 UTC 2026
Cache sync 27 at Thu May 21 04:05:31 UTC 2026
Cache sync 28 at Thu May 21 04:05:31 UTC 2026
Cache sync 29 at Thu May 21 04:05:31 UTC 2026
Cache sync 30 at Thu May 21 04:05:31 UTC 2026
Cache sync 31 at Thu May 21 04:05:31 UTC 2026
Cache sync 32 at Thu May 21 04:05:31 UTC 2026
Cache sync 33 at Thu May 21 04:05:31 UTC 2026
Cache sync 34 at Thu May 21 04:05:31 UTC 2026
Cache sync 35 at Thu May 21 04:05:31 UTC 2026
Cache sync 36 at Thu May 21 04:05:31 UTC 2026
Cache sync 37 at Thu May 21 04:05:31 UTC 2026
Cache sync 38 at Thu May 21 04:05:31 UTC 2026
Cache sync 39 at Thu May 21 04:05:31 UTC 2026
Cache sync 40 at Thu May 21 04:05:31 UTC 2026
Cache sync 41 at Thu May 21 04:05:31 UTC 2026
Cache sync 42 at Thu May 21 04:05:31 UTC 2026
Cache sync 43 at Thu May 21 04:05:31 UTC 2026
Cache sync 44 at Thu May 21 04:05:31 UTC 2026
Cache sync 45 at Thu May 21 04:05:31 UTC 2026
Cache sync 46 at Thu May 21 04:05:31 UTC 2026
Cache sync 47 at Thu May 21 04:05:31 UTC 2026
Cache sync 48 at Thu May 21 04:05:31 UTC 2026
Cache sync 49 at Thu May 21 04:05:31 UTC 2026
Cache sync 50 at Thu May 21 04:05:31 UTC 2026
Cache sync 51 at Thu May 21 04:05:31 UTC 2026
Cache sync 52 at Thu May 21 04:05:31 UTC 2026
Cache sync 53 at Thu May 21 04:05:31 UTC 2026
Cache sync 54 at Thu May 21 04:05:31 UTC 2026
Cache sync 1 at Thu May 21 09:50:03 UTC 2026
Cache sync 2 at Thu May 21 09:50:03 UTC 2026
Cache sync 3 at Thu May 21 09:50:03 UTC 2026
Cache sync 4 at Thu May 21 09:50:03 UTC 2026
Cache sync 5 at Thu May 21 09:50:03 UTC 2026
Cache sync 6 at Thu May 21 09:50:03 UTC 2026
Cache sync 7 at Thu May 21 09:50:03 UTC 2026
Cache sync 8 at Thu May 21 09:50:03 UTC 2026
Cache sync 9 at Thu May 21 09:50:03 UTC 2026
Cache sync 10 at Thu May 21 09:50:03 UTC 2026
Cache sync 11 at Thu May 21 09:50:03 UTC 2026
Cache sync 12 at Thu May 21 09:50:03 UTC 2026
Cache sync 13 at Thu May 21 09:50:03 UTC 2026
Cache sync 14 at Thu May 21 09:50:03 UTC 2026
Cache sync 15 at Thu May 21 09:50:03 UTC 2026
Cache sync 16 at Thu May 21 09:50:03 UTC 2026
Cache sync 17 at Thu May 21 09:50:03 UTC 2026
Cache sync 18 at Thu May 21 09:50:03 UTC 2026
Cache sync 19 at Thu May 21 09:50:03 UTC 2026
Cache sync 20 at Thu May 21 09:50:03 UTC 2026
Cache sync 21 at Thu May 21 09:50:03 UTC 2026
Cache sync 22 at Thu May 21 09:50:03 UTC 2026
Cache sync 23 at Thu May 21 09:50:03 UTC 2026
Cache sync 24 at Thu May 21 09:50:03 UTC 2026
Cache sync 25 at Thu May 21 09:50:03 UTC 2026
Cache sync 26 at Thu May 21 09:50:03 UTC 2026
Cache sync 27 at Thu May 21 09:50:04 UTC 2026
Cache sync 28 at Thu May 21 09:50:04 UTC 2026
Cache sync 29 at Thu May 21 09:50:04 UTC 2026
Cache sync 30 at Thu May 21 09:50:04 UTC 2026
Cache sync 31 at Thu May 21 09:50:04 UTC 2026
Cache sync 32 at Thu May 21 09:50:04 UTC 2026
Cache sync 33 at Thu May 21 09:50:04 UTC 2026
Cache sync 34 at Thu May 21 09:50:04 UTC 2026
Cache sync 35 at Thu May 21 09:50:04 UTC 2026
Cache sync 36 at Thu May 21 09:50:04 UTC 2026
Cache sync 37 at Thu May 21 09:50:04 UTC 2026
Cache sync 38 at Thu May 21 09:50:04 UTC 2026
Cache sync 39 at Thu May 21 09:50:04 UTC 2026
Cache sync 40 at Thu May 21 09:50:04 UTC 2026
Cache sync 41 at Thu May 21 09:50:04 UTC 2026
Cache sync 42 at Thu May 21 09:50:04 UTC 2026
Cache sync 43 at Thu May 21 09:50:04 UTC 2026
Cache sync 44 at Thu May 21 09:50:04 UTC 2026
Cache sync 45 at Thu May 21 09:50:04 UTC 2026
Cache sync 46 at Thu May 21 09:50:04 UTC 2026
Cache sync 47 at Thu May 21 09:50:04 UTC 2026
Cache sync 48 at Thu May 21 09:50:04 UTC 2026
Cache sync 49 at Thu May 21 09:50:04 UTC 2026
Cache sync 50 at Thu May 21 09:50:04 UTC 2026
Cache sync 1 at Thu May 21 15:36:41 UTC 2026
Cache sync 2 at Thu May 21 15:36:41 UTC 2026
Cache sync 3 at Thu May 21 15:36:41 UTC 2026
Cache sync 4 at Thu May 21 15:36:41 UTC 2026
Cache sync 5 at Thu May 21 15:36:41 UTC 2026
Cache sync 6 at Thu May 21 15:36:41 UTC 2026
Cache sync 7 at Thu May 21 15:36:41 UTC 2026
Cache sync 8 at Thu May 21 15:36:41 UTC 2026
Cache sync 9 at Thu May 21 15:36:41 UTC 2026
Cache sync 10 at Thu May 21 15:36:41 UTC 2026
Cache sync 11 at Thu May 21 15:36:41 UTC 2026
Cache sync 12 at Thu May 21 15:36:41 UTC 2026
Cache sync 13 at Thu May 21 15:36:41 UTC 2026
Cache sync 14 at Thu May 21 15:36:41 UTC 2026
Cache sync 15 at Thu May 21 15:36:41 UTC 2026
Cache sync 16 at Thu May 21 15:36:41 UTC 2026
Cache sync 17 at Thu May 21 15:36:41 UTC 2026
Cache sync 18 at Thu May 21 15:36:41 UTC 2026
Cache sync 19 at Thu May 21 15:36:41 UTC 2026
Cache sync 20 at Thu May 21 15:36:41 UTC 2026
Cache sync 21 at Thu May 21 15:36:41 UTC 2026
Cache sync 22 at Thu May 21 15:36:41 UTC 2026
Cache sync 23 at Thu May 21 15:36:41 UTC 2026
Cache sync 24 at Thu May 21 15:36:42 UTC 2026
Cache sync 25 at Thu May 21 15:36:42 UTC 2026
Cache sync 26 at Thu May 21 15:36:42 UTC 2026
Cache sync 1 at Thu May 21 19:58:14 UTC 2026
Cache sync 2 at Thu May 21 19:58:14 UTC 2026
Cache sync 3 at Thu May 21 19:58:14 UTC 2026
Cache sync 4 at Thu May 21 19:58:14 UTC 2026
Cache sync 5 at Thu May 21 19:58:14 UTC 2026
Cache sync 6 at Thu May 21 19:58:14 UTC 2026
Cache sync 7 at Thu May 21 19:58:14 UTC 2026
Cache sync 8 at Thu May 21 19:58:14 UTC 2026
Cache sync 9 at Thu May 21 19:58:14 UTC 2026
Cache sync 10 at Thu May 21 19:58:14 UTC 2026
Cache sync 11 at Thu May 21 19:58:14 UTC 2026
Cache sync 12 at Thu May 21 19:58:14 UTC 2026
Cache sync 13 at Thu May 21 19:58:14 UTC 2026
Cache sync 14 at Thu May 21 19:58:14 UTC 2026
Cache sync 15 at Thu May 21 19:58:14 UTC 2026
Cache sync 16 at Thu May 21 19:58:14 UTC 2026
Cache sync 17 at Thu May 21 19:58:14 UTC 2026
Cache sync 18 at Thu May 21 19:58:14 UTC 2026
Cache sync 19 at Thu May 21 19:58:14 UTC 2026
Cache sync 20 at Thu May 21 19:58:14 UTC 2026
Cache sync 21 at Thu May 21 19:58:14 UTC 2026
Cache sync 22 at Thu May 21 19:58:14 UTC 2026
Cache sync 23 at Thu May 21 19:58:14 UTC 2026
Cache sync 24 at Thu May 21 19:58:14 UTC 2026
Cache sync 25 at Thu May 21 19:58:14 UTC 2026
Cache sync 26 at Thu May 21 19:58:14 UTC 2026
Cache sync 27 at Thu May 21 19:58:14 UTC 2026
Cache sync 28 at Thu May 21 19:58:14 UTC 2026
Cache sync 29 at Thu May 21 19:58:14 UTC 2026
Cache sync 30 at Thu May 21 19:58:14 UTC 2026
Cache sync 31 at Thu May 21 19:58:14 UTC 2026
Cache sync 32 at Thu May 21 19:58:14 UTC 2026
Cache sync 33 at Thu May 21 19:58:14 UTC 2026
Cache sync 34 at Thu May 21 19:58:14 UTC 2026
Cache sync 35 at Thu May 21 19:58:14 UTC 2026
Cache sync 36 at Thu May 21 19:58:15 UTC 2026
Cache sync 37 at Thu May 21 19:58:15 UTC 2026
Cache sync 38 at Thu May 21 19:58:15 UTC 2026
Cache sync 39 at Thu May 21 19:58:15 UTC 2026
Cache sync 40 at Thu May 21 19:58:15 UTC 2026
Cache sync 41 at Thu May 21 19:58:15 UTC 2026
Cache sync 42 at Thu May 21 19:58:15 UTC 2026
Cache sync 43 at Thu May 21 19:58:15 UTC 2026
Cache sync 44 at Thu May 21 19:58:15 UTC 2026
Cache sync 45 at Thu May 21 19:58:15 UTC 2026
Cache sync 46 at Thu May 21 19:58:15 UTC 2026
Cache sync 47 at Thu May 21 19:58:15 UTC 2026
Cache sync 48 at Thu May 21 19:58:15 UTC 2026
Cache sync 49 at Thu May 21 19:58:15 UTC 2026
Cache sync 50 at Thu May 21 19:58:15 UTC 2026
Cache sync 51 at Thu May 21 19:58:15 UTC 2026
Cache sync 52 at Thu May 21 19:58:15 UTC 2026
Cache sync 53 at Thu May 21 19:58:15 UTC 2026
Cache sync 54 at Thu May 21 19:58:15 UTC 2026
Cache sync 55 at Thu May 21 19:58:15 UTC 2026
Cache sync 56 at Thu May 21 19:58:15 UTC 2026
Cache sync 57 at Thu May 21 19:58:15 UTC 2026
Cache sync 58 at Thu May 21 19:58:15 UTC 2026
Cache sync 59 at Thu May 21 19:58:15 UTC 2026
Cache sync 60 at Thu May 21 19:58:15 UTC 2026
Cache sync 61 at Thu May 21 19:58:15 UTC 2026
Cache sync 62 at Thu May 21 19:58:15 UTC 2026
Cache sync 63 at Thu May 21 19:58:15 UTC 2026
Cache sync 64 at Thu May 21 19:58:15 UTC 2026
Cache sync 65 at Thu May 21 19:58:15 UTC 2026
Cache sync 66 at Thu May 21 19:58:15 UTC 2026
Cache sync 1 at Fri May 22 09:34:43 UTC 2026
Cache sync 2 at Fri May 22 09:34:43 UTC 2026
Cache sync 3 at Fri May 22 09:34:43 UTC 2026
Cache sync 4 at Fri May 22 09:34:43 UTC 2026
Cache sync 5 at Fri May 22 09:34:43 UTC 2026
Cache sync 6 at Fri May 22 09:34:43 UTC 2026
Cache sync 7 at Fri May 22 09:34:43 UTC 2026
Cache sync 8 at Fri May 22 09:34:43 UTC 2026
Cache sync 9 at Fri May 22 09:34:43 UTC 2026
Cache sync 10 at Fri May 22 09:34:43 UTC 2026
Cache sync 11 at Fri May 22 09:34:43 UTC 2026
Cache sync 12 at Fri May 22 09:34:43 UTC 2026
Cache sync 13 at Fri May 22 09:34:43 UTC 2026
Cache sync 14 at Fri May 22 09:34:43 UTC 2026
Cache sync 1 at Fri May 22 14:46:50 UTC 2026
Cache sync 2 at Fri May 22 14:46:50 UTC 2026
Cache sync 3 at Fri May 22 14:46:50 UTC 2026
Cache sync 4 at Fri May 22 14:46:50 UTC 2026
Cache sync 5 at Fri May 22 14:46:50 UTC 2026
Cache sync 6 at Fri May 22 14:46:50 UTC 2026
Cache sync 7 at Fri May 22 14:46:50 UTC 2026
Cache sync 8 at Fri May 22 14:46:50 UTC 2026
Cache sync 9 at Fri May 22 14:46:50 UTC 2026
Cache sync 10 at Fri May 22 14:46:50 UTC 2026
Cache sync 11 at Fri May 22 14:46:50 UTC 2026
Cache sync 12 at Fri May 22 14:46:50 UTC 2026
Cache sync 13 at Fri May 22 14:46:50 UTC 2026
Cache sync 14 at Fri May 22 14:46:50 UTC 2026
Cache sync 15 at Fri May 22 14:46:50 UTC 2026
Cache sync 16 at Fri May 22 14:46:50 UTC 2026
Cache sync 17 at Fri May 22 14:46:50 UTC 2026
Cache sync 18 at Fri May 22 14:46:50 UTC 2026
Cache sync 19 at Fri May 22 14:46:50 UTC 2026
Cache sync 20 at Fri May 22 14:46:50 UTC 2026
Cache sync 21 at Fri May 22 14:46:50 UTC 2026
Cache sync 22 at Fri May 22 14:46:50 UTC 2026
Cache sync 23 at Fri May 22 14:46:50 UTC 2026
Cache sync 24 at Fri May 22 14:46:50 UTC 2026
Cache sync 25 at Fri May 22 14:46:50 UTC 2026
Cache sync 26 at Fri May 22 14:46:50 UTC 2026
Cache sync 27 at Fri May 22 14:46:50 UTC 2026
Cache sync 28 at Fri May 22 14:46:50 UTC 2026
Cache sync 29 at Fri May 22 14:46:50 UTC 2026
Cache sync 30 at Fri May 22 14:46:50 UTC 2026
Cache sync 31 at Fri May 22 14:46:50 UTC 2026
Cache sync 32 at Fri May 22 14:46:50 UTC 2026
Cache sync 33 at Fri May 22 14:46:50 UTC 2026
Cache sync 34 at Fri May 22 14:46:50 UTC 2026
Cache sync 35 at Fri May 22 14:46:50 UTC 2026
Cache sync 36 at Fri May 22 14:46:50 UTC 2026
Cache sync 37 at Fri May 22 14:46:50 UTC 2026
Cache sync 38 at Fri May 22 14:46:50 UTC 2026
Cache sync 39 at Fri May 22 14:46:50 UTC 2026
Cache sync 1 at Fri May 22 19:52:25 UTC 2026
Cache sync 2 at Fri May 22 19:52:25 UTC 2026
Cache sync 3 at Fri May 22 19:52:25 UTC 2026
Cache sync 4 at Fri May 22 19:52:25 UTC 2026
Cache sync 5 at Fri May 22 19:52:25 UTC 2026
Cache sync 6 at Fri May 22 19:52:25 UTC 2026
Cache sync 7 at Fri May 22 19:52:25 UTC 2026
Cache sync 8 at Fri May 22 19:52:25 UTC 2026
Cache sync 9 at Fri May 22 19:52:25 UTC 2026
Cache sync 10 at Fri May 22 19:52:25 UTC 2026
Cache sync 11 at Fri May 22 19:52:25 UTC 2026
Cache sync 12 at Fri May 22 19:52:25 UTC 2026
Cache sync 13 at Fri May 22 19:52:25 UTC 2026
Cache sync 14 at Fri May 22 19:52:25 UTC 2026
Cache sync 15 at Fri May 22 19:52:25 UTC 2026
Cache sync 16 at Fri May 22 19:52:25 UTC 2026
Cache sync 17 at Fri May 22 19:52:25 UTC 2026
Cache sync 18 at Fri May 22 19:52:25 UTC 2026
Cache sync 19 at Fri May 22 19:52:25 UTC 2026
Cache sync 20 at Fri May 22 19:52:25 UTC 2026
Cache sync 21 at Fri May 22 19:52:25 UTC 2026
Cache sync 22 at Fri May 22 19:52:25 UTC 2026
Cache sync 23 at Fri May 22 19:52:25 UTC 2026
Cache sync 24 at Fri May 22 19:52:25 UTC 2026
Cache sync 25 at Fri May 22 19:52:25 UTC 2026
Cache sync 26 at Fri May 22 19:52:25 UTC 2026
Cache sync 1 at Sat May 23 03:37:06 UTC 2026
Cache sync 2 at Sat May 23 03:37:07 UTC 2026
Cache sync 3 at Sat May 23 03:37:07 UTC 2026
Cache sync 4 at Sat May 23 03:37:07 UTC 2026
Cache sync 5 at Sat May 23 03:37:07 UTC 2026
Cache sync 6 at Sat May 23 03:37:07 UTC 2026
Cache sync 7 at Sat May 23 03:37:07 UTC 2026
Cache sync 8 at Sat May 23 03:37:07 UTC 2026
Cache sync 9 at Sat May 23 03:37:07 UTC 2026
Cache sync 10 at Sat May 23 03:37:07 UTC 2026
Cache sync 11 at Sat May 23 03:37:07 UTC 2026
Cache sync 12 at Sat May 23 03:37:07 UTC 2026
Cache sync 13 at Sat May 23 03:37:07 UTC 2026
Cache sync 14 at Sat May 23 03:37:07 UTC 2026
Cache sync 15 at Sat May 23 03:37:07 UTC 2026
Cache sync 16 at Sat May 23 03:37:07 UTC 2026
Cache sync 17 at Sat May 23 03:37:07 UTC 2026
Cache sync 18 at Sat May 23 03:37:07 UTC 2026
Cache sync 19 at Sat May 23 03:37:07 UTC 2026
Cache sync 20 at Sat May 23 03:37:07 UTC 2026
Cache sync 21 at Sat May 23 03:37:07 UTC 2026
Cache sync 22 at Sat May 23 03:37:07 UTC 2026
Cache sync 23 at Sat May 23 03:37:07 UTC 2026
Cache sync 24 at Sat May 23 03:37:07 UTC 2026
Cache sync 25 at Sat May 23 03:37:07 UTC 2026
Cache sync 26 at Sat May 23 03:37:07 UTC 2026
Cache sync 27 at Sat May 23 03:37:07 UTC 2026
Cache sync 28 at Sat May 23 03:37:07 UTC 2026
Cache sync 29 at Sat May 23 03:37:07 UTC 2026
Cache sync 30 at Sat May 23 03:37:07 UTC 2026
Cache sync 31 at Sat May 23 03:37:07 UTC 2026
Cache sync 32 at Sat May 23 03:37:07 UTC 2026
Cache sync 33 at Sat May 23 03:37:07 UTC 2026
Cache sync 34 at Sat May 23 03:37:07 UTC 2026
Cache sync 35 at Sat May 23 03:37:07 UTC 2026
Cache sync 36 at Sat May 23 03:37:07 UTC 2026
Cache sync 37 at Sat May 23 03:37:07 UTC 2026
Cache sync 38 at Sat May 23 03:37:07 UTC 2026
Cache sync 39 at Sat May 23 03:37:07 UTC 2026
Cache sync 40 at Sat May 23 03:37:07 UTC 2026
Cache sync 41 at Sat May 23 03:37:07 UTC 2026
Cache sync 42 at Sat May 23 03:37:07 UTC 2026
Cache sync 43 at Sat May 23 03:37:07 UTC 2026
Cache sync 44 at Sat May 23 03:37:07 UTC 2026
Cache sync 45 at Sat May 23 03:37:07 UTC 2026
Cache sync 46 at Sat May 23 03:37:07 UTC 2026
Cache sync 47 at Sat May 23 03:37:07 UTC 2026
Cache sync 48 at Sat May 23 03:37:07 UTC 2026
Cache sync 49 at Sat May 23 03:37:07 UTC 2026
Cache sync 50 at Sat May 23 03:37:07 UTC 2026
Cache sync 51 at Sat May 23 03:37:07 UTC 2026
Cache sync 52 at Sat May 23 03:37:07 UTC 2026
Cache sync 53 at Sat May 23 03:37:07 UTC 2026
Cache sync 54 at Sat May 23 03:37:07 UTC 2026
Cache sync 55 at Sat May 23 03:37:07 UTC 2026
Cache sync 1 at Sat May 23 08:23:59 UTC 2026
Cache sync 2 at Sat May 23 08:23:59 UTC 2026
Cache sync 3 at Sat May 23 08:23:59 UTC 2026
Cache sync 4 at Sat May 23 08:23:59 UTC 2026
Cache sync 5 at Sat May 23 08:23:59 UTC 2026
Cache sync 6 at Sat May 23 08:23:59 UTC 2026
Cache sync 7 at Sat May 23 08:23:59 UTC 2026
Cache sync 8 at Sat May 23 08:23:59 UTC 2026
Cache sync 9 at Sat May 23 08:23:59 UTC 2026
Cache sync 10 at Sat May 23 08:23:59 UTC 2026
Cache sync 11 at Sat May 23 08:24:00 UTC 2026
Cache sync 12 at Sat May 23 08:24:00 UTC 2026
Cache sync 13 at Sat May 23 08:24:00 UTC 2026
Cache sync 14 at Sat May 23 08:24:00 UTC 2026
Cache sync 15 at Sat May 23 08:24:00 UTC 2026
Cache sync 16 at Sat May 23 08:24:00 UTC 2026
Cache sync 17 at Sat May 23 08:24:00 UTC 2026
Cache sync 18 at Sat May 23 08:24:00 UTC 2026
Cache sync 19 at Sat May 23 08:24:00 UTC 2026
Cache sync 20 at Sat May 23 08:24:00 UTC 2026
Cache sync 21 at Sat May 23 08:24:00 UTC 2026
Cache sync 22 at Sat May 23 08:24:00 UTC 2026
Cache sync 23 at Sat May 23 08:24:00 UTC 2026
Cache sync 24 at Sat May 23 08:24:00 UTC 2026
Cache sync 25 at Sat May 23 08:24:00 UTC 2026
Cache sync 26 at Sat May 23 08:24:00 UTC 2026
Cache sync 27 at Sat May 23 08:24:00 UTC 2026
Cache sync 28 at Sat May 23 08:24:00 UTC 2026
Cache sync 29 at Sat May 23 08:24:00 UTC 2026
Cache sync 30 at Sat May 23 08:24:00 UTC 2026
Cache sync 31 at Sat May 23 08:24:00 UTC 2026
Cache sync 32 at Sat May 23 08:24:00 UTC 2026
Cache sync 33 at Sat May 23 08:24:00 UTC 2026
Cache sync 34 at Sat May 23 08:24:00 UTC 2026
Cache sync 35 at Sat May 23 08:24:00 UTC 2026
Cache sync 1 at Sat May 23 13:43:47 UTC 2026
Cache sync 2 at Sat May 23 13:43:47 UTC 2026
Cache sync 1 at Sat May 23 19:16:22 UTC 2026
Cache sync 2 at Sat May 23 19:16:22 UTC 2026
Cache sync 3 at Sat May 23 19:16:22 UTC 2026
Cache sync 4 at Sat May 23 19:16:22 UTC 2026
Cache sync 5 at Sat May 23 19:16:22 UTC 2026
Cache sync 6 at Sat May 23 19:16:22 UTC 2026
Cache sync 7 at Sat May 23 19:16:22 UTC 2026
Cache sync 8 at Sat May 23 19:16:22 UTC 2026
Cache sync 9 at Sat May 23 19:16:22 UTC 2026
Cache sync 10 at Sat May 23 19:16:22 UTC 2026
Cache sync 11 at Sat May 23 19:16:22 UTC 2026
Cache sync 12 at Sat May 23 19:16:22 UTC 2026
Cache sync 13 at Sat May 23 19:16:22 UTC 2026
Cache sync 14 at Sat May 23 19:16:22 UTC 2026
Cache sync 15 at Sat May 23 19:16:22 UTC 2026
Cache sync 16 at Sat May 23 19:16:22 UTC 2026
Cache sync 17 at Sat May 23 19:16:22 UTC 2026
Cache sync 18 at Sat May 23 19:16:22 UTC 2026
Cache sync 19 at Sat May 23 19:16:22 UTC 2026
Cache sync 20 at Sat May 23 19:16:22 UTC 2026
Cache sync 21 at Sat May 23 19:16:22 UTC 2026
Cache sync 22 at Sat May 23 19:16:22 UTC 2026
Cache sync 23 at Sat May 23 19:16:22 UTC 2026
Cache sync 24 at Sat May 23 19:16:22 UTC 2026
Cache sync 25 at Sat May 23 19:16:22 UTC 2026
Cache sync 26 at Sat May 23 19:16:22 UTC 2026
Cache sync 27 at Sat May 23 19:16:22 UTC 2026
Cache sync 28 at Sat May 23 19:16:22 UTC 2026
Cache sync 29 at Sat May 23 19:16:22 UTC 2026
Cache sync 30 at Sat May 23 19:16:22 UTC 2026
Cache sync 31 at Sat May 23 19:16:23 UTC 2026
Cache sync 32 at Sat May 23 19:16:23 UTC 2026
Cache sync 33 at Sat May 23 19:16:23 UTC 2026
Cache sync 34 at Sat May 23 19:16:23 UTC 2026
Cache sync 35 at Sat May 23 19:16:23 UTC 2026
Cache sync 36 at Sat May 23 19:16:23 UTC 2026
Cache sync 37 at Sat May 23 19:16:23 UTC 2026
Cache sync 38 at Sat May 23 19:16:23 UTC 2026
Cache sync 39 at Sat May 23 19:16:23 UTC 2026
Cache sync 40 at Sat May 23 19:16:23 UTC 2026
Cache sync 41 at Sat May 23 19:16:23 UTC 2026
Cache sync 42 at Sat May 23 19:16:23 UTC 2026
Cache sync 43 at Sat May 23 19:16:23 UTC 2026
Cache sync 44 at Sat May 23 19:16:23 UTC 2026
Cache sync 45 at Sat May 23 19:16:23 UTC 2026
Cache sync 46 at Sat May 23 19:16:23 UTC 2026
Cache sync 47 at Sat May 23 19:16:23 UTC 2026
Cache sync 48 at Sat May 23 19:16:23 UTC 2026
Cache sync 49 at Sat May 23 19:16:23 UTC 2026
Cache sync 50 at Sat May 23 19:16:23 UTC 2026
Cache sync 51 at Sat May 23 19:16:23 UTC 2026
Cache sync 52 at Sat May 23 19:16:23 UTC 2026
Cache sync 53 at Sat May 23 19:16:23 UTC 2026
Cache sync 54 at Sat May 23 19:16:23 UTC 2026
Cache sync 55 at Sat May 23 19:16:23 UTC 2026
Cache sync 56 at Sat May 23 19:16:23 UTC 2026
Cache sync 57 at Sat May 23 19:16:23 UTC 2026
Cache sync 58 at Sat May 23 19:16:23 UTC 2026
Cache sync 59 at Sat May 23 19:16:23 UTC 2026
Cache sync 60 at Sat May 23 19:16:23 UTC 2026
Cache sync 61 at Sat May 23 19:16:23 UTC 2026
Cache sync 62 at Sat May 23 19:16:23 UTC 2026
Cache sync 63 at Sat May 23 19:16:23 UTC 2026
Cache sync 64 at Sat May 23 19:16:23 UTC 2026
Cache sync 65 at Sat May 23 19:16:23 UTC 2026
Cache sync 66 at Sat May 23 19:16:23 UTC 2026
Cache sync 67 at Sat May 23 19:16:23 UTC 2026
Cache sync 68 at Sat May 23 19:16:23 UTC 2026
Cache sync 69 at Sat May 23 19:16:23 UTC 2026
Cache sync 70 at Sat May 23 19:16:23 UTC 2026
Cache sync 71 at Sat May 23 19:16:23 UTC 2026
Cache sync 72 at Sat May 23 19:16:23 UTC 2026
Cache sync 73 at Sat May 23 19:16:23 UTC 2026
Cache sync 74 at Sat May 23 19:16:23 UTC 2026
Cache sync 75 at Sat May 23 19:16:23 UTC 2026
Cache sync 76 at Sat May 23 19:16:23 UTC 2026
Cache sync 1 at Sun May 24 08:33:49 UTC 2026
Cache sync 2 at Sun May 24 08:33:49 UTC 2026
Cache sync 3 at Sun May 24 08:33:49 UTC 2026
Cache sync 4 at Sun May 24 08:33:49 UTC 2026
Cache sync 5 at Sun May 24 08:33:49 UTC 2026
Cache sync 6 at Sun May 24 08:33:49 UTC 2026
Cache sync 7 at Sun May 24 08:33:49 UTC 2026
Cache sync 8 at Sun May 24 08:33:49 UTC 2026
Cache sync 9 at Sun May 24 08:33:49 UTC 2026
Cache sync 10 at Sun May 24 08:33:49 UTC 2026
Cache sync 11 at Sun May 24 08:33:49 UTC 2026
Cache sync 12 at Sun May 24 08:33:49 UTC 2026
Cache sync 13 at Sun May 24 08:33:49 UTC 2026
Cache sync 14 at Sun May 24 08:33:49 UTC 2026
Cache sync 15 at Sun May 24 08:33:49 UTC 2026
Cache sync 16 at Sun May 24 08:33:49 UTC 2026
Cache sync 1 at Sun May 24 13:43:26 UTC 2026
Cache sync 2 at Sun May 24 13:43:26 UTC 2026
Cache sync 3 at Sun May 24 13:43:26 UTC 2026
Cache sync 4 at Sun May 24 13:43:26 UTC 2026
Cache sync 5 at Sun May 24 13:43:26 UTC 2026
Cache sync 6 at Sun May 24 13:43:26 UTC 2026
Cache sync 7 at Sun May 24 13:43:26 UTC 2026
Cache sync 8 at Sun May 24 13:43:26 UTC 2026
Cache sync 9 at Sun May 24 13:43:26 UTC 2026
Cache sync 10 at Sun May 24 13:43:26 UTC 2026
Cache sync 11 at Sun May 24 13:43:26 UTC 2026
Cache sync 12 at Sun May 24 13:43:26 UTC 2026
Cache sync 13 at Sun May 24 13:43:26 UTC 2026
Cache sync 14 at Sun May 24 13:43:26 UTC 2026
Cache sync 15 at Sun May 24 13:43:26 UTC 2026
Cache sync 16 at Sun May 24 13:43:26 UTC 2026
Cache sync 17 at Sun May 24 13:43:26 UTC 2026
Cache sync 18 at Sun May 24 13:43:26 UTC 2026
Cache sync 19 at Sun May 24 13:43:26 UTC 2026
Cache sync 20 at Sun May 24 13:43:26 UTC 2026
Cache sync 21 at Sun May 24 13:43:26 UTC 2026
Cache sync 22 at Sun May 24 13:43:26 UTC 2026
Cache sync 23 at Sun May 24 13:43:26 UTC 2026
Cache sync 24 at Sun May 24 13:43:26 UTC 2026
Cache sync 25 at Sun May 24 13:43:26 UTC 2026
Cache sync 26 at Sun May 24 13:43:27 UTC 2026
Cache sync 27 at Sun May 24 13:43:27 UTC 2026
Cache sync 28 at Sun May 24 13:43:27 UTC 2026
Cache sync 29 at Sun May 24 13:43:27 UTC 2026
Cache sync 30 at Sun May 24 13:43:27 UTC 2026
Cache sync 31 at Sun May 24 13:43:27 UTC 2026
Cache sync 32 at Sun May 24 13:43:27 UTC 2026
Cache sync 33 at Sun May 24 13:43:27 UTC 2026
Cache sync 34 at Sun May 24 13:43:27 UTC 2026
Cache sync 35 at Sun May 24 13:43:27 UTC 2026
Cache sync 36 at Sun May 24 13:43:27 UTC 2026
Cache sync 37 at Sun May 24 13:43:27 UTC 2026
Cache sync 38 at Sun May 24 13:43:27 UTC 2026
Cache sync 39 at Sun May 24 13:43:27 UTC 2026
Cache sync 40 at Sun May 24 13:43:27 UTC 2026
Cache sync 41 at Sun May 24 13:43:27 UTC 2026
Cache sync 42 at Sun May 24 13:43:27 UTC 2026
Cache sync 43 at Sun May 24 13:43:27 UTC 2026
Cache sync 44 at Sun May 24 13:43:27 UTC 2026
Cache sync 45 at Sun May 24 13:43:27 UTC 2026
Cache sync 46 at Sun May 24 13:43:27 UTC 2026
Cache sync 47 at Sun May 24 13:43:27 UTC 2026
Cache sync 48 at Sun May 24 13:43:27 UTC 2026
Cache sync 49 at Sun May 24 13:43:27 UTC 2026
Cache sync 50 at Sun May 24 13:43:27 UTC 2026
Cache sync 51 at Sun May 24 13:43:27 UTC 2026
Cache sync 52 at Sun May 24 13:43:27 UTC 2026
Cache sync 53 at Sun May 24 13:43:27 UTC 2026
Cache sync 54 at Sun May 24 13:43:27 UTC 2026
Cache sync 1 at Sun May 24 19:22:11 UTC 2026
Cache sync 2 at Sun May 24 19:22:11 UTC 2026
Cache sync 3 at Sun May 24 19:22:11 UTC 2026
Cache sync 4 at Sun May 24 19:22:11 UTC 2026
Cache sync 5 at Sun May 24 19:22:11 UTC 2026
Cache sync 6 at Sun May 24 19:22:11 UTC 2026
Cache sync 7 at Sun May 24 19:22:11 UTC 2026
Cache sync 8 at Sun May 24 19:22:11 UTC 2026
Cache sync 9 at Sun May 24 19:22:11 UTC 2026
Cache sync 10 at Sun May 24 19:22:11 UTC 2026
Cache sync 11 at Sun May 24 19:22:11 UTC 2026
Cache sync 12 at Sun May 24 19:22:11 UTC 2026
Cache sync 13 at Sun May 24 19:22:11 UTC 2026
Cache sync 14 at Sun May 24 19:22:11 UTC 2026
Cache sync 15 at Sun May 24 19:22:11 UTC 2026
Cache sync 16 at Sun May 24 19:22:11 UTC 2026
Cache sync 17 at Sun May 24 19:22:11 UTC 2026
Cache sync 18 at Sun May 24 19:22:11 UTC 2026
Cache sync 19 at Sun May 24 19:22:11 UTC 2026
Cache sync 20 at Sun May 24 19:22:11 UTC 2026
Cache sync 21 at Sun May 24 19:22:11 UTC 2026
Cache sync 22 at Sun May 24 19:22:11 UTC 2026
Cache sync 23 at Sun May 24 19:22:11 UTC 2026
Cache sync 24 at Sun May 24 19:22:11 UTC 2026
Cache sync 25 at Sun May 24 19:22:11 UTC 2026
Cache sync 26 at Sun May 24 19:22:11 UTC 2026
Cache sync 27 at Sun May 24 19:22:11 UTC 2026
Cache sync 28 at Sun May 24 19:22:11 UTC 2026
Cache sync 29 at Sun May 24 19:22:11 UTC 2026
Cache sync 30 at Sun May 24 19:22:11 UTC 2026
Cache sync 31 at Sun May 24 19:22:11 UTC 2026
Cache sync 32 at Sun May 24 19:22:11 UTC 2026
Cache sync 33 at Sun May 24 19:22:11 UTC 2026
Cache sync 34 at Sun May 24 19:22:11 UTC 2026
Cache sync 35 at Sun May 24 19:22:11 UTC 2026
Cache sync 36 at Sun May 24 19:22:11 UTC 2026
Cache sync 37 at Sun May 24 19:22:11 UTC 2026
Cache sync 38 at Sun May 24 19:22:11 UTC 2026
Cache sync 39 at Sun May 24 19:22:11 UTC 2026
Cache sync 40 at Sun May 24 19:22:11 UTC 2026
Cache sync 41 at Sun May 24 19:22:11 UTC 2026
Cache sync 42 at Sun May 24 19:22:11 UTC 2026
Cache sync 43 at Sun May 24 19:22:11 UTC 2026
Cache sync 44 at Sun May 24 19:22:11 UTC 2026
Cache sync 45 at Sun May 24 19:22:11 UTC 2026
Cache sync 46 at Sun May 24 19:22:11 UTC 2026
Cache sync 47 at Sun May 24 19:22:11 UTC 2026
Cache sync 48 at Sun May 24 19:22:11 UTC 2026
Cache sync 49 at Sun May 24 19:22:11 UTC 2026
Cache sync 50 at Sun May 24 19:22:11 UTC 2026
Cache sync 51 at Sun May 24 19:22:11 UTC 2026
Cache sync 52 at Sun May 24 19:22:11 UTC 2026
Cache sync 53 at Sun May 24 19:22:11 UTC 2026
Cache sync 54 at Sun May 24 19:22:11 UTC 2026
Cache sync 55 at Sun May 24 19:22:11 UTC 2026
Cache sync 56 at Sun May 24 19:22:11 UTC 2026
Cache sync 57 at Sun May 24 19:22:11 UTC 2026
Cache sync 58 at Sun May 24 19:22:11 UTC 2026
Cache sync 59 at Sun May 24 19:22:11 UTC 2026
Cache sync 60 at Sun May 24 19:22:11 UTC 2026
Cache sync 61 at Sun May 24 19:22:11 UTC 2026
Cache sync 62 at Sun May 24 19:22:11 UTC 2026
Cache sync 63 at Sun May 24 19:22:11 UTC 2026
Cache sync 64 at Sun May 24 19:22:11 UTC 2026
Cache sync 65 at Sun May 24 19:22:11 UTC 2026
Cache sync 66 at Sun May 24 19:22:11 UTC 2026
Cache sync 67 at Sun May 24 19:22:11 UTC 2026
Cache sync 68 at Sun May 24 19:22:11 UTC 2026
Cache sync 69 at Sun May 24 19:22:11 UTC 2026
Cache sync 70 at Sun May 24 19:22:11 UTC 2026
Cache sync 71 at Sun May 24 19:22:12 UTC 2026
Cache sync 72 at Sun May 24 19:22:12 UTC 2026
Cache sync 1 at Mon May 25 04:10:53 UTC 2026
Cache sync 2 at Mon May 25 04:10:53 UTC 2026
Cache sync 3 at Mon May 25 04:10:53 UTC 2026
Cache sync 4 at Mon May 25 04:10:53 UTC 2026
Cache sync 5 at Mon May 25 04:10:53 UTC 2026
Cache sync 6 at Mon May 25 04:10:53 UTC 2026
Cache sync 7 at Mon May 25 04:10:53 UTC 2026
Cache sync 8 at Mon May 25 04:10:53 UTC 2026
Cache sync 9 at Mon May 25 04:10:53 UTC 2026
Cache sync 10 at Mon May 25 04:10:53 UTC 2026
Cache sync 11 at Mon May 25 04:10:53 UTC 2026
Cache sync 12 at Mon May 25 04:10:53 UTC 2026
Cache sync 13 at Mon May 25 04:10:54 UTC 2026
Cache sync 14 at Mon May 25 04:10:54 UTC 2026
Cache sync 15 at Mon May 25 04:10:54 UTC 2026
Cache sync 16 at Mon May 25 04:10:54 UTC 2026
Cache sync 17 at Mon May 25 04:10:54 UTC 2026
Cache sync 18 at Mon May 25 04:10:54 UTC 2026
Cache sync 19 at Mon May 25 04:10:54 UTC 2026
Cache sync 20 at Mon May 25 04:10:54 UTC 2026
Cache sync 21 at Mon May 25 04:10:54 UTC 2026
Cache sync 22 at Mon May 25 04:10:54 UTC 2026
Cache sync 23 at Mon May 25 04:10:54 UTC 2026
Cache sync 24 at Mon May 25 04:10:54 UTC 2026
Cache sync 25 at Mon May 25 04:10:54 UTC 2026
Cache sync 26 at Mon May 25 04:10:54 UTC 2026
Cache sync 27 at Mon May 25 04:10:54 UTC 2026
Cache sync 28 at Mon May 25 04:10:54 UTC 2026
Cache sync 29 at Mon May 25 04:10:54 UTC 2026
Cache sync 30 at Mon May 25 04:10:54 UTC 2026
Cache sync 31 at Mon May 25 04:10:54 UTC 2026
Cache sync 32 at Mon May 25 04:10:54 UTC 2026
Cache sync 33 at Mon May 25 04:10:54 UTC 2026
Cache sync 34 at Mon May 25 04:10:54 UTC 2026
Cache sync 35 at Mon May 25 04:10:54 UTC 2026
Cache sync 36 at Mon May 25 04:10:54 UTC 2026
Cache sync 37 at Mon May 25 04:10:54 UTC 2026
Cache sync 38 at Mon May 25 04:10:54 UTC 2026
Cache sync 39 at Mon May 25 04:10:54 UTC 2026
Cache sync 40 at Mon May 25 04:10:54 UTC 2026
Cache sync 41 at Mon May 25 04:10:54 UTC 2026
Cache sync 42 at Mon May 25 04:10:54 UTC 2026
Cache sync 43 at Mon May 25 04:10:54 UTC 2026
Cache sync 44 at Mon May 25 04:10:54 UTC 2026
Cache sync 45 at Mon May 25 04:10:54 UTC 2026
Cache sync 46 at Mon May 25 04:10:54 UTC 2026
Cache sync 47 at Mon May 25 04:10:54 UTC 2026
Cache sync 48 at Mon May 25 04:10:54 UTC 2026
Cache sync 49 at Mon May 25 04:10:54 UTC 2026
Cache sync 50 at Mon May 25 04:10:54 UTC 2026
Cache sync 51 at Mon May 25 04:10:54 UTC 2026
Cache sync 52 at Mon May 25 04:10:54 UTC 2026
Cache sync 53 at Mon May 25 04:10:54 UTC 2026
Cache sync 54 at Mon May 25 04:10:54 UTC 2026
Cache sync 55 at Mon May 25 04:10:54 UTC 2026
Cache sync 56 at Mon May 25 04:10:54 UTC 2026
Cache sync 57 at Mon May 25 04:10:54 UTC 2026
Cache sync 58 at Mon May 25 04:10:54 UTC 2026
Cache sync 59 at Mon May 25 04:10:54 UTC 2026
Cache sync 60 at Mon May 25 04:10:54 UTC 2026
Cache sync 61 at Mon May 25 04:10:54 UTC 2026
Cache sync 62 at Mon May 25 04:10:54 UTC 2026
Cache sync 1 at Mon May 25 10:16:52 UTC 2026
Cache sync 2 at Mon May 25 10:16:52 UTC 2026
Cache sync 3 at Mon May 25 10:16:52 UTC 2026
Cache sync 4 at Mon May 25 10:16:52 UTC 2026
Cache sync 5 at Mon May 25 10:16:52 UTC 2026
Cache sync 6 at Mon May 25 10:16:52 UTC 2026
Cache sync 7 at Mon May 25 10:16:52 UTC 2026
Cache sync 8 at Mon May 25 10:16:52 UTC 2026
Cache sync 9 at Mon May 25 10:16:52 UTC 2026
Cache sync 10 at Mon May 25 10:16:52 UTC 2026
Cache sync 11 at Mon May 25 10:16:52 UTC 2026
Cache sync 12 at Mon May 25 10:16:52 UTC 2026
Cache sync 13 at Mon May 25 10:16:52 UTC 2026
Cache sync 14 at Mon May 25 10:16:52 UTC 2026
Cache sync 15 at Mon May 25 10:16:52 UTC 2026
Cache sync 16 at Mon May 25 10:16:52 UTC 2026
Cache sync 17 at Mon May 25 10:16:52 UTC 2026
Cache sync 18 at Mon May 25 10:16:52 UTC 2026
Cache sync 19 at Mon May 25 10:16:52 UTC 2026
Cache sync 20 at Mon May 25 10:16:52 UTC 2026
Cache sync 21 at Mon May 25 10:16:52 UTC 2026
Cache sync 22 at Mon May 25 10:16:52 UTC 2026
Cache sync 23 at Mon May 25 10:16:52 UTC 2026
Cache sync 24 at Mon May 25 10:16:52 UTC 2026
Cache sync 25 at Mon May 25 10:16:52 UTC 2026
Cache sync 26 at Mon May 25 10:16:52 UTC 2026
Cache sync 27 at Mon May 25 10:16:53 UTC 2026
Cache sync 28 at Mon May 25 10:16:53 UTC 2026
Cache sync 29 at Mon May 25 10:16:53 UTC 2026
Cache sync 30 at Mon May 25 10:16:53 UTC 2026
Cache sync 31 at Mon May 25 10:16:53 UTC 2026
Cache sync 32 at Mon May 25 10:16:53 UTC 2026
Cache sync 33 at Mon May 25 10:16:53 UTC 2026
Cache sync 34 at Mon May 25 10:16:53 UTC 2026
Cache sync 35 at Mon May 25 10:16:53 UTC 2026
Cache sync 36 at Mon May 25 10:16:53 UTC 2026
Cache sync 37 at Mon May 25 10:16:53 UTC 2026
Cache sync 38 at Mon May 25 10:16:53 UTC 2026
Cache sync 39 at Mon May 25 10:16:53 UTC 2026
Cache sync 40 at Mon May 25 10:16:53 UTC 2026
Cache sync 41 at Mon May 25 10:16:53 UTC 2026
Cache sync 42 at Mon May 25 10:16:53 UTC 2026
Cache sync 43 at Mon May 25 10:16:53 UTC 2026
Cache sync 44 at Mon May 25 10:16:53 UTC 2026
Cache sync 45 at Mon May 25 10:16:53 UTC 2026
Cache sync 46 at Mon May 25 10:16:53 UTC 2026
Cache sync 47 at Mon May 25 10:16:53 UTC 2026
Cache sync 48 at Mon May 25 10:16:53 UTC 2026
Cache sync 49 at Mon May 25 10:16:53 UTC 2026
Cache sync 50 at Mon May 25 10:16:53 UTC 2026
Cache sync 51 at Mon May 25 10:16:53 UTC 2026
Cache sync 52 at Mon May 25 10:16:53 UTC 2026
Cache sync 53 at Mon May 25 10:16:53 UTC 2026
Cache sync 54 at Mon May 25 10:16:53 UTC 2026
Cache sync 55 at Mon May 25 10:16:53 UTC 2026
Cache sync 56 at Mon May 25 10:16:53 UTC 2026
Cache sync 57 at Mon May 25 10:16:53 UTC 2026
Cache sync 58 at Mon May 25 10:16:53 UTC 2026
Cache sync 59 at Mon May 25 10:16:53 UTC 2026
Cache sync 60 at Mon May 25 10:16:53 UTC 2026
Cache sync 61 at Mon May 25 10:16:53 UTC 2026
Cache sync 62 at Mon May 25 10:16:53 UTC 2026
Cache sync 63 at Mon May 25 10:16:53 UTC 2026
Cache sync 64 at Mon May 25 10:16:53 UTC 2026
Cache sync 65 at Mon May 25 10:16:53 UTC 2026
Cache sync 66 at Mon May 25 10:16:53 UTC 2026
Cache sync 67 at Mon May 25 10:16:53 UTC 2026
Cache sync 68 at Mon May 25 10:16:53 UTC 2026
Cache sync 69 at Mon May 25 10:16:53 UTC 2026
Cache sync 70 at Mon May 25 10:16:53 UTC 2026
Cache sync 71 at Mon May 25 10:16:53 UTC 2026
Cache sync 72 at Mon May 25 10:16:53 UTC 2026
Cache sync 73 at Mon May 25 10:16:53 UTC 2026
Cache sync 1 at Mon May 25 15:15:48 UTC 2026
Cache sync 2 at Mon May 25 15:15:48 UTC 2026
Cache sync 3 at Mon May 25 15:15:48 UTC 2026
Cache sync 4 at Mon May 25 15:15:49 UTC 2026
Cache sync 5 at Mon May 25 15:15:49 UTC 2026
Cache sync 6 at Mon May 25 15:15:49 UTC 2026
Cache sync 7 at Mon May 25 15:15:49 UTC 2026
Cache sync 8 at Mon May 25 15:15:49 UTC 2026
Cache sync 9 at Mon May 25 15:15:49 UTC 2026
Cache sync 10 at Mon May 25 15:15:49 UTC 2026
Cache sync 11 at Mon May 25 15:15:49 UTC 2026
Cache sync 12 at Mon May 25 15:15:49 UTC 2026
Cache sync 13 at Mon May 25 15:15:49 UTC 2026
Cache sync 14 at Mon May 25 15:15:49 UTC 2026
Cache sync 15 at Mon May 25 15:15:49 UTC 2026
Cache sync 16 at Mon May 25 15:15:49 UTC 2026
Cache sync 17 at Mon May 25 15:15:49 UTC 2026
Cache sync 18 at Mon May 25 15:15:49 UTC 2026
Cache sync 19 at Mon May 25 15:15:49 UTC 2026
Cache sync 20 at Mon May 25 15:15:49 UTC 2026
Cache sync 21 at Mon May 25 15:15:49 UTC 2026
Cache sync 22 at Mon May 25 15:15:49 UTC 2026
Cache sync 23 at Mon May 25 15:15:49 UTC 2026
Cache sync 24 at Mon May 25 15:15:49 UTC 2026
Cache sync 25 at Mon May 25 15:15:49 UTC 2026
Cache sync 26 at Mon May 25 15:15:49 UTC 2026
Cache sync 27 at Mon May 25 15:15:49 UTC 2026
Cache sync 28 at Mon May 25 15:15:49 UTC 2026
Cache sync 29 at Mon May 25 15:15:49 UTC 2026
Cache sync 30 at Mon May 25 15:15:49 UTC 2026
Cache sync 31 at Mon May 25 15:15:49 UTC 2026
Cache sync 32 at Mon May 25 15:15:49 UTC 2026
Cache sync 33 at Mon May 25 15:15:49 UTC 2026
Cache sync 34 at Mon May 25 15:15:49 UTC 2026
Cache sync 35 at Mon May 25 15:15:49 UTC 2026
Cache sync 36 at Mon May 25 15:15:49 UTC 2026
Cache sync 37 at Mon May 25 15:15:49 UTC 2026
Cache sync 38 at Mon May 25 15:15:49 UTC 2026
Cache sync 39 at Mon May 25 15:15:49 UTC 2026
Cache sync 40 at Mon May 25 15:15:49 UTC 2026
Cache sync 41 at Mon May 25 15:15:49 UTC 2026
Cache sync 42 at Mon May 25 15:15:49 UTC 2026
Cache sync 43 at Mon May 25 15:15:49 UTC 2026
Cache sync 44 at Mon May 25 15:15:49 UTC 2026
Cache sync 45 at Mon May 25 15:15:49 UTC 2026
Cache sync 46 at Mon May 25 15:15:49 UTC 2026
Cache sync 47 at Mon May 25 15:15:49 UTC 2026
Cache sync 48 at Mon May 25 15:15:49 UTC 2026
Cache sync 49 at Mon May 25 15:15:49 UTC 2026
Cache sync 50 at Mon May 25 15:15:49 UTC 2026
Cache sync 51 at Mon May 25 15:15:49 UTC 2026
Cache sync 52 at Mon May 25 15:15:49 UTC 2026
Cache sync 53 at Mon May 25 15:15:49 UTC 2026
Cache sync 54 at Mon May 25 15:15:49 UTC 2026
Cache sync 55 at Mon May 25 15:15:49 UTC 2026
Cache sync 56 at Mon May 25 15:15:49 UTC 2026
Cache sync 57 at Mon May 25 15:15:49 UTC 2026
Cache sync 58 at Mon May 25 15:15:49 UTC 2026
Cache sync 59 at Mon May 25 15:15:49 UTC 2026
Cache sync 60 at Mon May 25 15:15:49 UTC 2026
Cache sync 61 at Mon May 25 15:15:49 UTC 2026
Cache sync 62 at Mon May 25 15:15:49 UTC 2026
Cache sync 63 at Mon May 25 15:15:49 UTC 2026
Cache sync 64 at Mon May 25 15:15:49 UTC 2026
Cache sync 65 at Mon May 25 15:15:49 UTC 2026
Cache sync 66 at Mon May 25 15:15:49 UTC 2026
Cache sync 67 at Mon May 25 15:15:49 UTC 2026
Cache sync 68 at Mon May 25 15:15:49 UTC 2026
Cache sync 69 at Mon May 25 15:15:49 UTC 2026
Cache sync 1 at Tue May 26 03:56:15 UTC 2026
Cache sync 2 at Tue May 26 03:56:15 UTC 2026
Cache sync 3 at Tue May 26 03:56:15 UTC 2026
Cache sync 4 at Tue May 26 03:56:15 UTC 2026
Cache sync 5 at Tue May 26 03:56:15 UTC 2026
Cache sync 6 at Tue May 26 03:56:15 UTC 2026
Cache sync 7 at Tue May 26 03:56:15 UTC 2026
Cache sync 8 at Tue May 26 03:56:15 UTC 2026
Cache sync 9 at Tue May 26 03:56:15 UTC 2026
Cache sync 10 at Tue May 26 03:56:15 UTC 2026
Cache sync 11 at Tue May 26 03:56:15 UTC 2026
Cache sync 1 at Tue May 26 10:03:04 UTC 2026
Cache sync 2 at Tue May 26 10:03:04 UTC 2026
Cache sync 3 at Tue May 26 10:03:04 UTC 2026
Cache sync 4 at Tue May 26 10:03:04 UTC 2026
Cache sync 5 at Tue May 26 10:03:04 UTC 2026
Cache sync 6 at Tue May 26 10:03:04 UTC 2026
Cache sync 7 at Tue May 26 10:03:04 UTC 2026
Cache sync 8 at Tue May 26 10:03:04 UTC 2026
Cache sync 1 at Tue May 26 15:43:47 UTC 2026
Cache sync 2 at Tue May 26 15:43:47 UTC 2026
Cache sync 3 at Tue May 26 15:43:48 UTC 2026
Cache sync 4 at Tue May 26 15:43:48 UTC 2026
Cache sync 5 at Tue May 26 15:43:48 UTC 2026
Cache sync 6 at Tue May 26 15:43:48 UTC 2026
Cache sync 7 at Tue May 26 15:43:48 UTC 2026
Cache sync 8 at Tue May 26 15:43:48 UTC 2026
Cache sync 9 at Tue May 26 15:43:48 UTC 2026
Cache sync 10 at Tue May 26 15:43:48 UTC 2026
Cache sync 11 at Tue May 26 15:43:48 UTC 2026
Cache sync 12 at Tue May 26 15:43:48 UTC 2026
Cache sync 13 at Tue May 26 15:43:48 UTC 2026
Cache sync 14 at Tue May 26 15:43:48 UTC 2026
Cache sync 15 at Tue May 26 15:43:48 UTC 2026
Cache sync 16 at Tue May 26 15:43:48 UTC 2026
Cache sync 17 at Tue May 26 15:43:48 UTC 2026
Cache sync 18 at Tue May 26 15:43:48 UTC 2026
Cache sync 19 at Tue May 26 15:43:48 UTC 2026
Cache sync 20 at Tue May 26 15:43:48 UTC 2026
Cache sync 21 at Tue May 26 15:43:48 UTC 2026
Cache sync 22 at Tue May 26 15:43:48 UTC 2026
Cache sync 23 at Tue May 26 15:43:48 UTC 2026
Cache sync 24 at Tue May 26 15:43:48 UTC 2026
Cache sync 25 at Tue May 26 15:43:48 UTC 2026
Cache sync 26 at Tue May 26 15:43:48 UTC 2026
Cache sync 27 at Tue May 26 15:43:48 UTC 2026
Cache sync 28 at Tue May 26 15:43:48 UTC 2026
Cache sync 29 at Tue May 26 15:43:48 UTC 2026
Cache sync 30 at Tue May 26 15:43:48 UTC 2026
Cache sync 31 at Tue May 26 15:43:48 UTC 2026
Cache sync 32 at Tue May 26 15:43:48 UTC 2026
Cache sync 33 at Tue May 26 15:43:48 UTC 2026
Cache sync 34 at Tue May 26 15:43:48 UTC 2026
Cache sync 35 at Tue May 26 15:43:48 UTC 2026
Cache sync 36 at Tue May 26 15:43:48 UTC 2026
Cache sync 37 at Tue May 26 15:43:48 UTC 2026
Cache sync 38 at Tue May 26 15:43:48 UTC 2026
Cache sync 39 at Tue May 26 15:43:48 UTC 2026
Cache sync 40 at Tue May 26 15:43:48 UTC 2026
Cache sync 41 at Tue May 26 15:43:48 UTC 2026
Cache sync 42 at Tue May 26 15:43:48 UTC 2026
Cache sync 43 at Tue May 26 15:43:48 UTC 2026
Cache sync 44 at Tue May 26 15:43:48 UTC 2026
Cache sync 45 at Tue May 26 15:43:48 UTC 2026
Cache sync 46 at Tue May 26 15:43:48 UTC 2026
Cache sync 47 at Tue May 26 15:43:48 UTC 2026
Cache sync 48 at Tue May 26 15:43:48 UTC 2026
Cache sync 49 at Tue May 26 15:43:48 UTC 2026
Cache sync 50 at Tue May 26 15:43:48 UTC 2026
Cache sync 51 at Tue May 26 15:43:48 UTC 2026
Cache sync 52 at Tue May 26 15:43:48 UTC 2026
Cache sync 53 at Tue May 26 15:43:48 UTC 2026
Cache sync 54 at Tue May 26 15:43:48 UTC 2026
Cache sync 55 at Tue May 26 15:43:48 UTC 2026
Cache sync 56 at Tue May 26 15:43:48 UTC 2026
Cache sync 57 at Tue May 26 15:43:48 UTC 2026
Cache sync 58 at Tue May 26 15:43:48 UTC 2026
Cache sync 59 at Tue May 26 15:43:48 UTC 2026
Cache sync 60 at Tue May 26 15:43:48 UTC 2026
Cache sync 61 at Tue May 26 15:43:48 UTC 2026
Cache sync 62 at Tue May 26 15:43:48 UTC 2026
Cache sync 63 at Tue May 26 15:43:48 UTC 2026
Cache sync 64 at Tue May 26 15:43:48 UTC 2026
Cache sync 65 at Tue May 26 15:43:48 UTC 2026
Cache sync 66 at Tue May 26 15:43:48 UTC 2026
Cache sync 67 at Tue May 26 15:43:48 UTC 2026
Cache sync 68 at Tue May 26 15:43:48 UTC 2026
Cache sync 69 at Tue May 26 15:43:48 UTC 2026
Cache sync 70 at Tue May 26 15:43:48 UTC 2026
Cache sync 71 at Tue May 26 15:43:48 UTC 2026
Cache sync 72 at Tue May 26 15:43:48 UTC 2026
Cache sync 73 at Tue May 26 15:43:48 UTC 2026
Cache sync 74 at Tue May 26 15:43:48 UTC 2026
Cache sync 1 at Tue May 26 20:13:01 UTC 2026
Cache sync 2 at Tue May 26 20:13:01 UTC 2026
Cache sync 3 at Tue May 26 20:13:01 UTC 2026
Cache sync 4 at Tue May 26 20:13:01 UTC 2026
Cache sync 5 at Tue May 26 20:13:01 UTC 2026
Cache sync 6 at Tue May 26 20:13:01 UTC 2026
Cache sync 7 at Tue May 26 20:13:01 UTC 2026
Cache sync 8 at Tue May 26 20:13:01 UTC 2026
Cache sync 9 at Tue May 26 20:13:01 UTC 2026
Cache sync 10 at Tue May 26 20:13:01 UTC 2026
Cache sync 11 at Tue May 26 20:13:01 UTC 2026
Cache sync 12 at Tue May 26 20:13:01 UTC 2026
Cache sync 13 at Tue May 26 20:13:01 UTC 2026
Cache sync 14 at Tue May 26 20:13:01 UTC 2026
Cache sync 15 at Tue May 26 20:13:01 UTC 2026
Cache sync 16 at Tue May 26 20:13:01 UTC 2026
Cache sync 17 at Tue May 26 20:13:01 UTC 2026
Cache sync 18 at Tue May 26 20:13:01 UTC 2026
Cache sync 19 at Tue May 26 20:13:01 UTC 2026
Cache sync 20 at Tue May 26 20:13:01 UTC 2026
Cache sync 21 at Tue May 26 20:13:01 UTC 2026
Cache sync 22 at Tue May 26 20:13:01 UTC 2026
Cache sync 23 at Tue May 26 20:13:01 UTC 2026
Cache sync 24 at Tue May 26 20:13:01 UTC 2026
Cache sync 25 at Tue May 26 20:13:01 UTC 2026
Cache sync 26 at Tue May 26 20:13:01 UTC 2026
Cache sync 27 at Tue May 26 20:13:01 UTC 2026
Cache sync 28 at Tue May 26 20:13:01 UTC 2026
Cache sync 29 at Tue May 26 20:13:01 UTC 2026
Cache sync 30 at Tue May 26 20:13:01 UTC 2026
Cache sync 31 at Tue May 26 20:13:01 UTC 2026
Cache sync 32 at Tue May 26 20:13:01 UTC 2026
Cache sync 33 at Tue May 26 20:13:01 UTC 2026
Cache sync 34 at Tue May 26 20:13:01 UTC 2026
Cache sync 35 at Tue May 26 20:13:01 UTC 2026
Cache sync 36 at Tue May 26 20:13:01 UTC 2026
Cache sync 37 at Tue May 26 20:13:01 UTC 2026
Cache sync 38 at Tue May 26 20:13:01 UTC 2026
Cache sync 39 at Tue May 26 20:13:01 UTC 2026
Cache sync 40 at Tue May 26 20:13:01 UTC 2026
Cache sync 41 at Tue May 26 20:13:01 UTC 2026
Cache sync 42 at Tue May 26 20:13:01 UTC 2026
Cache sync 43 at Tue May 26 20:13:01 UTC 2026
Cache sync 44 at Tue May 26 20:13:01 UTC 2026
Cache sync 45 at Tue May 26 20:13:01 UTC 2026
Cache sync 46 at Tue May 26 20:13:01 UTC 2026
Cache sync 47 at Tue May 26 20:13:01 UTC 2026
Cache sync 48 at Tue May 26 20:13:01 UTC 2026
Cache sync 49 at Tue May 26 20:13:01 UTC 2026
Cache sync 50 at Tue May 26 20:13:01 UTC 2026
Cache sync 51 at Tue May 26 20:13:01 UTC 2026
Cache sync 52 at Tue May 26 20:13:01 UTC 2026
Cache sync 53 at Tue May 26 20:13:01 UTC 2026
Cache sync 54 at Tue May 26 20:13:01 UTC 2026
Cache sync 55 at Tue May 26 20:13:01 UTC 2026
Cache sync 56 at Tue May 26 20:13:01 UTC 2026
Cache sync 57 at Tue May 26 20:13:01 UTC 2026
Cache sync 58 at Tue May 26 20:13:01 UTC 2026
Cache sync 59 at Tue May 26 20:13:01 UTC 2026
Cache sync 60 at Tue May 26 20:13:01 UTC 2026
Cache sync 61 at Tue May 26 20:13:01 UTC 2026
Cache sync 62 at Tue May 26 20:13:01 UTC 2026
Cache sync 63 at Tue May 26 20:13:01 UTC 2026
Cache sync 1 at Wed May 27 04:10:02 UTC 2026
Cache sync 2 at Wed May 27 04:10:02 UTC 2026
Cache sync 3 at Wed May 27 04:10:03 UTC 2026
Cache sync 4 at Wed May 27 04:10:03 UTC 2026
Cache sync 5 at Wed May 27 04:10:03 UTC 2026
Cache sync 6 at Wed May 27 04:10:03 UTC 2026
Cache sync 7 at Wed May 27 04:10:03 UTC 2026
Cache sync 8 at Wed May 27 04:10:03 UTC 2026
Cache sync 9 at Wed May 27 04:10:03 UTC 2026
Cache sync 10 at Wed May 27 04:10:03 UTC 2026
Cache sync 11 at Wed May 27 04:10:03 UTC 2026
Cache sync 12 at Wed May 27 04:10:03 UTC 2026
Cache sync 13 at Wed May 27 04:10:03 UTC 2026
Cache sync 14 at Wed May 27 04:10:03 UTC 2026
Cache sync 15 at Wed May 27 04:10:03 UTC 2026
Cache sync 16 at Wed May 27 04:10:03 UTC 2026
Cache sync 17 at Wed May 27 04:10:03 UTC 2026
Cache sync 18 at Wed May 27 04:10:03 UTC 2026
Cache sync 19 at Wed May 27 04:10:03 UTC 2026
Cache sync 20 at Wed May 27 04:10:03 UTC 2026
Cache sync 21 at Wed May 27 04:10:03 UTC 2026
Cache sync 22 at Wed May 27 04:10:03 UTC 2026
Cache sync 23 at Wed May 27 04:10:03 UTC 2026
Cache sync 24 at Wed May 27 04:10:03 UTC 2026
Cache sync 25 at Wed May 27 04:10:03 UTC 2026
Cache sync 26 at Wed May 27 04:10:03 UTC 2026
Cache sync 27 at Wed May 27 04:10:03 UTC 2026
Cache sync 28 at Wed May 27 04:10:03 UTC 2026
Cache sync 29 at Wed May 27 04:10:03 UTC 2026
Cache sync 30 at Wed May 27 04:10:03 UTC 2026
Cache sync 31 at Wed May 27 04:10:03 UTC 2026
Cache sync 32 at Wed May 27 04:10:03 UTC 2026
Cache sync 33 at Wed May 27 04:10:03 UTC 2026
Cache sync 34 at Wed May 27 04:10:03 UTC 2026
Cache sync 35 at Wed May 27 04:10:03 UTC 2026
Cache sync 36 at Wed May 27 04:10:03 UTC 2026
Cache sync 37 at Wed May 27 04:10:03 UTC 2026
Cache sync 38 at Wed May 27 04:10:03 UTC 2026
Cache sync 39 at Wed May 27 04:10:03 UTC 2026
Cache sync 40 at Wed May 27 04:10:03 UTC 2026
Cache sync 41 at Wed May 27 04:10:03 UTC 2026
Cache sync 42 at Wed May 27 04:10:03 UTC 2026
Cache sync 43 at Wed May 27 04:10:03 UTC 2026
Cache sync 44 at Wed May 27 04:10:03 UTC 2026
Cache sync 45 at Wed May 27 04:10:03 UTC 2026
Cache sync 46 at Wed May 27 04:10:03 UTC 2026
Cache sync 47 at Wed May 27 04:10:03 UTC 2026
Cache sync 48 at Wed May 27 04:10:03 UTC 2026
Cache sync 49 at Wed May 27 04:10:03 UTC 2026
Cache sync 50 at Wed May 27 04:10:03 UTC 2026
Cache sync 51 at Wed May 27 04:10:03 UTC 2026
Cache sync 52 at Wed May 27 04:10:03 UTC 2026
Cache sync 1 at Wed May 27 10:00:13 UTC 2026
Cache sync 2 at Wed May 27 10:00:13 UTC 2026
Cache sync 3 at Wed May 27 10:00:13 UTC 2026
Cache sync 4 at Wed May 27 10:00:13 UTC 2026
Cache sync 5 at Wed May 27 10:00:13 UTC 2026
Cache sync 6 at Wed May 27 10:00:13 UTC 2026
Cache sync 7 at Wed May 27 10:00:13 UTC 2026
Cache sync 8 at Wed May 27 10:00:13 UTC 2026
Cache sync 9 at Wed May 27 10:00:13 UTC 2026
Cache sync 10 at Wed May 27 10:00:13 UTC 2026
Cache sync 11 at Wed May 27 10:00:13 UTC 2026
Cache sync 12 at Wed May 27 10:00:13 UTC 2026
Cache sync 13 at Wed May 27 10:00:13 UTC 2026
Cache sync 14 at Wed May 27 10:00:13 UTC 2026
Cache sync 15 at Wed May 27 10:00:13 UTC 2026
Cache sync 16 at Wed May 27 10:00:13 UTC 2026
Cache sync 17 at Wed May 27 10:00:13 UTC 2026
Cache sync 18 at Wed May 27 10:00:13 UTC 2026
Cache sync 19 at Wed May 27 10:00:13 UTC 2026
Cache sync 20 at Wed May 27 10:00:13 UTC 2026
Cache sync 21 at Wed May 27 10:00:13 UTC 2026
Cache sync 22 at Wed May 27 10:00:13 UTC 2026
Cache sync 23 at Wed May 27 10:00:13 UTC 2026
Cache sync 24 at Wed May 27 10:00:13 UTC 2026
Cache sync 25 at Wed May 27 10:00:13 UTC 2026
Cache sync 26 at Wed May 27 10:00:13 UTC 2026
Cache sync 27 at Wed May 27 10:00:13 UTC 2026
Cache sync 28 at Wed May 27 10:00:13 UTC 2026
Cache sync 29 at Wed May 27 10:00:13 UTC 2026
Cache sync 30 at Wed May 27 10:00:13 UTC 2026
Cache sync 31 at Wed May 27 10:00:13 UTC 2026
Cache sync 32 at Wed May 27 10:00:13 UTC 2026
Cache sync 33 at Wed May 27 10:00:13 UTC 2026
Cache sync 34 at Wed May 27 10:00:13 UTC 2026
Cache sync 35 at Wed May 27 10:00:13 UTC 2026
Cache sync 36 at Wed May 27 10:00:13 UTC 2026
Cache sync 37 at Wed May 27 10:00:13 UTC 2026
Cache sync 38 at Wed May 27 10:00:13 UTC 2026
Cache sync 39 at Wed May 27 10:00:13 UTC 2026
Cache sync 1 at Wed May 27 15:54:37 UTC 2026
Cache sync 2 at Wed May 27 15:54:37 UTC 2026
Cache sync 3 at Wed May 27 15:54:37 UTC 2026
Cache sync 4 at Wed May 27 15:54:37 UTC 2026
Cache sync 5 at Wed May 27 15:54:37 UTC 2026
Cache sync 6 at Wed May 27 15:54:37 UTC 2026
Cache sync 7 at Wed May 27 15:54:37 UTC 2026
Cache sync 8 at Wed May 27 15:54:37 UTC 2026
Cache sync 9 at Wed May 27 15:54:37 UTC 2026
Cache sync 10 at Wed May 27 15:54:37 UTC 2026
Cache sync 11 at Wed May 27 15:54:37 UTC 2026
Cache sync 12 at Wed May 27 15:54:37 UTC 2026
Cache sync 13 at Wed May 27 15:54:37 UTC 2026
Cache sync 14 at Wed May 27 15:54:37 UTC 2026
Cache sync 15 at Wed May 27 15:54:37 UTC 2026
Cache sync 16 at Wed May 27 15:54:37 UTC 2026
Cache sync 17 at Wed May 27 15:54:37 UTC 2026
Cache sync 18 at Wed May 27 15:54:37 UTC 2026
Cache sync 19 at Wed May 27 15:54:37 UTC 2026
Cache sync 20 at Wed May 27 15:54:37 UTC 2026
Cache sync 21 at Wed May 27 15:54:37 UTC 2026
Cache sync 22 at Wed May 27 15:54:37 UTC 2026
Cache sync 23 at Wed May 27 15:54:37 UTC 2026
Cache sync 24 at Wed May 27 15:54:37 UTC 2026
Cache sync 1 at Wed May 27 20:23:25 UTC 2026
Cache sync 2 at Wed May 27 20:23:25 UTC 2026
Cache sync 3 at Wed May 27 20:23:25 UTC 2026
Cache sync 4 at Wed May 27 20:23:25 UTC 2026
Cache sync 5 at Wed May 27 20:23:25 UTC 2026
Cache sync 6 at Wed May 27 20:23:25 UTC 2026
Cache sync 7 at Wed May 27 20:23:25 UTC 2026
Cache sync 8 at Wed May 27 20:23:25 UTC 2026
Cache sync 9 at Wed May 27 20:23:25 UTC 2026
Cache sync 10 at Wed May 27 20:23:25 UTC 2026
Cache sync 11 at Wed May 27 20:23:25 UTC 2026
Cache sync 12 at Wed May 27 20:23:25 UTC 2026
Cache sync 13 at Wed May 27 20:23:25 UTC 2026
Cache sync 14 at Wed May 27 20:23:25 UTC 2026
Cache sync 15 at Wed May 27 20:23:25 UTC 2026
Cache sync 16 at Wed May 27 20:23:25 UTC 2026
Cache sync 17 at Wed May 27 20:23:25 UTC 2026
Cache sync 18 at Wed May 27 20:23:25 UTC 2026
Cache sync 19 at Wed May 27 20:23:25 UTC 2026
Cache sync 20 at Wed May 27 20:23:25 UTC 2026
Cache sync 21 at Wed May 27 20:23:25 UTC 2026
Cache sync 22 at Wed May 27 20:23:25 UTC 2026
Cache sync 23 at Wed May 27 20:23:25 UTC 2026
Cache sync 24 at Wed May 27 20:23:25 UTC 2026
Cache sync 25 at Wed May 27 20:23:25 UTC 2026
Cache sync 26 at Wed May 27 20:23:25 UTC 2026
Cache sync 27 at Wed May 27 20:23:25 UTC 2026
Cache sync 28 at Wed May 27 20:23:25 UTC 2026
Cache sync 29 at Wed May 27 20:23:25 UTC 2026
Cache sync 30 at Wed May 27 20:23:25 UTC 2026
Cache sync 31 at Wed May 27 20:23:25 UTC 2026
Cache sync 32 at Wed May 27 20:23:25 UTC 2026
Cache sync 33 at Wed May 27 20:23:25 UTC 2026
Cache sync 34 at Wed May 27 20:23:25 UTC 2026
Cache sync 35 at Wed May 27 20:23:25 UTC 2026
Cache sync 36 at Wed May 27 20:23:25 UTC 2026
Cache sync 37 at Wed May 27 20:23:26 UTC 2026
Cache sync 38 at Wed May 27 20:23:26 UTC 2026
Cache sync 39 at Wed May 27 20:23:26 UTC 2026
Cache sync 40 at Wed May 27 20:23:26 UTC 2026
Cache sync 41 at Wed May 27 20:23:26 UTC 2026
Cache sync 42 at Wed May 27 20:23:26 UTC 2026
Cache sync 43 at Wed May 27 20:23:26 UTC 2026
Cache sync 44 at Wed May 27 20:23:26 UTC 2026
Cache sync 45 at Wed May 27 20:23:26 UTC 2026
Cache sync 46 at Wed May 27 20:23:26 UTC 2026
Cache sync 47 at Wed May 27 20:23:26 UTC 2026
Cache sync 48 at Wed May 27 20:23:26 UTC 2026
Cache sync 49 at Wed May 27 20:23:26 UTC 2026
Cache sync 50 at Wed May 27 20:23:26 UTC 2026
Cache sync 1 at Thu May 28 03:58:04 UTC 2026
Cache sync 2 at Thu May 28 03:58:04 UTC 2026
Cache sync 3 at Thu May 28 03:58:04 UTC 2026
Cache sync 4 at Thu May 28 03:58:04 UTC 2026
Cache sync 5 at Thu May 28 03:58:04 UTC 2026
Cache sync 6 at Thu May 28 03:58:04 UTC 2026
Cache sync 7 at Thu May 28 03:58:04 UTC 2026
Cache sync 8 at Thu May 28 03:58:04 UTC 2026
Cache sync 9 at Thu May 28 03:58:04 UTC 2026
Cache sync 10 at Thu May 28 03:58:04 UTC 2026
Cache sync 11 at Thu May 28 03:58:04 UTC 2026
Cache sync 12 at Thu May 28 03:58:04 UTC 2026
Cache sync 13 at Thu May 28 03:58:04 UTC 2026
Cache sync 14 at Thu May 28 03:58:04 UTC 2026
Cache sync 15 at Thu May 28 03:58:04 UTC 2026
Cache sync 16 at Thu May 28 03:58:04 UTC 2026
Cache sync 17 at Thu May 28 03:58:04 UTC 2026
Cache sync 18 at Thu May 28 03:58:04 UTC 2026
Cache sync 19 at Thu May 28 03:58:04 UTC 2026
Cache sync 20 at Thu May 28 03:58:04 UTC 2026
Cache sync 21 at Thu May 28 03:58:04 UTC 2026
Cache sync 22 at Thu May 28 03:58:04 UTC 2026
Cache sync 23 at Thu May 28 03:58:04 UTC 2026
Cache sync 24 at Thu May 28 03:58:04 UTC 2026
Cache sync 25 at Thu May 28 03:58:04 UTC 2026
Cache sync 26 at Thu May 28 03:58:04 UTC 2026
Cache sync 27 at Thu May 28 03:58:04 UTC 2026
Cache sync 28 at Thu May 28 03:58:04 UTC 2026
Cache sync 29 at Thu May 28 03:58:04 UTC 2026
Cache sync 30 at Thu May 28 03:58:04 UTC 2026
Cache sync 31 at Thu May 28 03:58:04 UTC 2026
Cache sync 32 at Thu May 28 03:58:04 UTC 2026
Cache sync 33 at Thu May 28 03:58:04 UTC 2026
Cache sync 34 at Thu May 28 03:58:04 UTC 2026
Cache sync 35 at Thu May 28 03:58:04 UTC 2026
Cache sync 36 at Thu May 28 03:58:04 UTC 2026
Cache sync 37 at Thu May 28 03:58:04 UTC 2026
Cache sync 38 at Thu May 28 03:58:04 UTC 2026
Cache sync 39 at Thu May 28 03:58:04 UTC 2026
Cache sync 40 at Thu May 28 03:58:05 UTC 2026
Cache sync 41 at Thu May 28 03:58:05 UTC 2026
Cache sync 42 at Thu May 28 03:58:05 UTC 2026
Cache sync 43 at Thu May 28 03:58:05 UTC 2026
Cache sync 44 at Thu May 28 03:58:05 UTC 2026
Cache sync 45 at Thu May 28 03:58:05 UTC 2026
Cache sync 1 at Thu May 28 10:10:01 UTC 2026
Cache sync 2 at Thu May 28 10:10:01 UTC 2026
Cache sync 3 at Thu May 28 10:10:01 UTC 2026
Cache sync 4 at Thu May 28 10:10:01 UTC 2026
Cache sync 5 at Thu May 28 10:10:01 UTC 2026
Cache sync 6 at Thu May 28 10:10:01 UTC 2026
Cache sync 7 at Thu May 28 10:10:01 UTC 2026
Cache sync 8 at Thu May 28 10:10:01 UTC 2026
Cache sync 9 at Thu May 28 10:10:01 UTC 2026
Cache sync 10 at Thu May 28 10:10:01 UTC 2026
Cache sync 11 at Thu May 28 10:10:01 UTC 2026
Cache sync 12 at Thu May 28 10:10:01 UTC 2026
Cache sync 13 at Thu May 28 10:10:01 UTC 2026
Cache sync 14 at Thu May 28 10:10:02 UTC 2026
Cache sync 15 at Thu May 28 10:10:02 UTC 2026
Cache sync 16 at Thu May 28 10:10:02 UTC 2026
Cache sync 17 at Thu May 28 10:10:02 UTC 2026
Cache sync 18 at Thu May 28 10:10:02 UTC 2026
Cache sync 19 at Thu May 28 10:10:02 UTC 2026
Cache sync 20 at Thu May 28 10:10:02 UTC 2026
Cache sync 21 at Thu May 28 10:10:02 UTC 2026
Cache sync 22 at Thu May 28 10:10:02 UTC 2026
Cache sync 23 at Thu May 28 10:10:02 UTC 2026
Cache sync 24 at Thu May 28 10:10:02 UTC 2026
Cache sync 25 at Thu May 28 10:10:02 UTC 2026
Cache sync 26 at Thu May 28 10:10:02 UTC 2026
Cache sync 27 at Thu May 28 10:10:02 UTC 2026
Cache sync 28 at Thu May 28 10:10:02 UTC 2026
Cache sync 29 at Thu May 28 10:10:02 UTC 2026
Cache sync 30 at Thu May 28 10:10:02 UTC 2026
Cache sync 31 at Thu May 28 10:10:02 UTC 2026
Cache sync 32 at Thu May 28 10:10:02 UTC 2026
Cache sync 33 at Thu May 28 10:10:02 UTC 2026
Cache sync 34 at Thu May 28 10:10:02 UTC 2026
Cache sync 35 at Thu May 28 10:10:02 UTC 2026
Cache sync 36 at Thu May 28 10:10:02 UTC 2026
Cache sync 37 at Thu May 28 10:10:02 UTC 2026
Cache sync 38 at Thu May 28 10:10:02 UTC 2026
Cache sync 39 at Thu May 28 10:10:02 UTC 2026
Cache sync 40 at Thu May 28 10:10:02 UTC 2026
Cache sync 41 at Thu May 28 10:10:02 UTC 2026
Cache sync 42 at Thu May 28 10:10:02 UTC 2026
Cache sync 43 at Thu May 28 10:10:02 UTC 2026
Cache sync 44 at Thu May 28 10:10:02 UTC 2026
Cache sync 45 at Thu May 28 10:10:02 UTC 2026
Cache sync 46 at Thu May 28 10:10:02 UTC 2026
Cache sync 47 at Thu May 28 10:10:02 UTC 2026
Cache sync 48 at Thu May 28 10:10:02 UTC 2026
Cache sync 49 at Thu May 28 10:10:02 UTC 2026
Cache sync 50 at Thu May 28 10:10:02 UTC 2026
Cache sync 51 at Thu May 28 10:10:02 UTC 2026
Cache sync 52 at Thu May 28 10:10:02 UTC 2026
Cache sync 53 at Thu May 28 10:10:02 UTC 2026
Cache sync 54 at Thu May 28 10:10:02 UTC 2026
Cache sync 55 at Thu May 28 10:10:02 UTC 2026
Cache sync 56 at Thu May 28 10:10:02 UTC 2026
Cache sync 57 at Thu May 28 10:10:02 UTC 2026
Cache sync 58 at Thu May 28 10:10:02 UTC 2026
Cache sync 59 at Thu May 28 10:10:02 UTC 2026
Cache sync 60 at Thu May 28 10:10:02 UTC 2026
Cache sync 61 at Thu May 28 10:10:02 UTC 2026
Cache sync 62 at Thu May 28 10:10:02 UTC 2026
Cache sync 63 at Thu May 28 10:10:02 UTC 2026
Cache sync 64 at Thu May 28 10:10:02 UTC 2026
Cache sync 65 at Thu May 28 10:10:02 UTC 2026
Cache sync 66 at Thu May 28 10:10:02 UTC 2026
Cache sync 67 at Thu May 28 10:10:02 UTC 2026
Cache sync 68 at Thu May 28 10:10:02 UTC 2026
Cache sync 69 at Thu May 28 10:10:02 UTC 2026
Cache sync 70 at Thu May 28 10:10:02 UTC 2026
Cache sync 71 at Thu May 28 10:10:02 UTC 2026
Cache sync 72 at Thu May 28 10:10:02 UTC 2026
Cache sync 73 at Thu May 28 10:10:02 UTC 2026
Cache sync 74 at Thu May 28 10:10:02 UTC 2026
Cache sync 75 at Thu May 28 10:10:02 UTC 2026
Cache sync 76 at Thu May 28 10:10:02 UTC 2026
Cache sync 77 at Thu May 28 10:10:02 UTC 2026
Cache sync 78 at Thu May 28 10:10:02 UTC 2026
Cache sync 79 at Thu May 28 10:10:02 UTC 2026
Cache sync 80 at Thu May 28 10:10:02 UTC 2026
Cache sync 81 at Thu May 28 10:10:02 UTC 2026
Cache sync 82 at Thu May 28 10:10:02 UTC 2026
Cache sync 1 at Thu May 28 16:08:08 UTC 2026
Cache sync 2 at Thu May 28 16:08:08 UTC 2026
Cache sync 3 at Thu May 28 16:08:09 UTC 2026
Cache sync 4 at Thu May 28 16:08:09 UTC 2026
Cache sync 5 at Thu May 28 16:08:09 UTC 2026
Cache sync 6 at Thu May 28 16:08:09 UTC 2026
Cache sync 7 at Thu May 28 16:08:09 UTC 2026
Cache sync 8 at Thu May 28 16:08:09 UTC 2026
Cache sync 9 at Thu May 28 16:08:09 UTC 2026
Cache sync 10 at Thu May 28 16:08:09 UTC 2026
Cache sync 11 at Thu May 28 16:08:09 UTC 2026
Cache sync 12 at Thu May 28 16:08:09 UTC 2026
Cache sync 13 at Thu May 28 16:08:09 UTC 2026
Cache sync 14 at Thu May 28 16:08:09 UTC 2026
Cache sync 15 at Thu May 28 16:08:09 UTC 2026
Cache sync 16 at Thu May 28 16:08:09 UTC 2026
Cache sync 17 at Thu May 28 16:08:09 UTC 2026
Cache sync 18 at Thu May 28 16:08:09 UTC 2026
Cache sync 19 at Thu May 28 16:08:09 UTC 2026
Cache sync 20 at Thu May 28 16:08:09 UTC 2026
Cache sync 21 at Thu May 28 16:08:09 UTC 2026
Cache sync 22 at Thu May 28 16:08:09 UTC 2026
Cache sync 23 at Thu May 28 16:08:09 UTC 2026
Cache sync 24 at Thu May 28 16:08:09 UTC 2026
Cache sync 25 at Thu May 28 16:08:09 UTC 2026
Cache sync 26 at Thu May 28 16:08:09 UTC 2026
Cache sync 27 at Thu May 28 16:08:09 UTC 2026
Cache sync 28 at Thu May 28 16:08:09 UTC 2026
Cache sync 1 at Thu May 28 20:28:25 UTC 2026
Cache sync 2 at Thu May 28 20:28:25 UTC 2026
Cache sync 3 at Thu May 28 20:28:25 UTC 2026
Cache sync 4 at Thu May 28 20:28:25 UTC 2026
Cache sync 5 at Thu May 28 20:28:25 UTC 2026
Cache sync 6 at Thu May 28 20:28:25 UTC 2026
Cache sync 7 at Thu May 28 20:28:25 UTC 2026
Cache sync 8 at Thu May 28 20:28:25 UTC 2026
Cache sync 9 at Thu May 28 20:28:25 UTC 2026
Cache sync 10 at Thu May 28 20:28:25 UTC 2026
Cache sync 11 at Thu May 28 20:28:25 UTC 2026
Cache sync 12 at Thu May 28 20:28:25 UTC 2026
Cache sync 13 at Thu May 28 20:28:25 UTC 2026
Cache sync 14 at Thu May 28 20:28:25 UTC 2026
Cache sync 15 at Thu May 28 20:28:25 UTC 2026
Cache sync 16 at Thu May 28 20:28:25 UTC 2026
Cache sync 17 at Thu May 28 20:28:25 UTC 2026
Cache sync 18 at Thu May 28 20:28:25 UTC 2026
Cache sync 19 at Thu May 28 20:28:25 UTC 2026
Cache sync 20 at Thu May 28 20:28:25 UTC 2026
Cache sync 21 at Thu May 28 20:28:25 UTC 2026
Cache sync 22 at Thu May 28 20:28:25 UTC 2026
Cache sync 23 at Thu May 28 20:28:25 UTC 2026
Cache sync 24 at Thu May 28 20:28:25 UTC 2026
Cache sync 25 at Thu May 28 20:28:25 UTC 2026
Cache sync 26 at Thu May 28 20:28:25 UTC 2026
Cache sync 27 at Thu May 28 20:28:25 UTC 2026
Cache sync 28 at Thu May 28 20:28:25 UTC 2026
Cache sync 29 at Thu May 28 20:28:25 UTC 2026
Cache sync 30 at Thu May 28 20:28:25 UTC 2026
Cache sync 31 at Thu May 28 20:28:25 UTC 2026
Cache sync 32 at Thu May 28 20:28:25 UTC 2026
Cache sync 33 at Thu May 28 20:28:25 UTC 2026
Cache sync 34 at Thu May 28 20:28:25 UTC 2026
Cache sync 35 at Thu May 28 20:28:25 UTC 2026
Cache sync 36 at Thu May 28 20:28:25 UTC 2026
Cache sync 37 at Thu May 28 20:28:25 UTC 2026
Cache sync 38 at Thu May 28 20:28:25 UTC 2026
Cache sync 39 at Thu May 28 20:28:25 UTC 2026
Cache sync 40 at Thu May 28 20:28:25 UTC 2026
Cache sync 41 at Thu May 28 20:28:25 UTC 2026
Cache sync 42 at Thu May 28 20:28:25 UTC 2026
Cache sync 43 at Thu May 28 20:28:25 UTC 2026
Cache sync 44 at Thu May 28 20:28:25 UTC 2026
Cache sync 45 at Thu May 28 20:28:25 UTC 2026
Cache sync 46 at Thu May 28 20:28:25 UTC 2026
Cache sync 47 at Thu May 28 20:28:25 UTC 2026
Cache sync 48 at Thu May 28 20:28:25 UTC 2026
Cache sync 49 at Thu May 28 20:28:25 UTC 2026
Cache sync 50 at Thu May 28 20:28:25 UTC 2026
Cache sync 51 at Thu May 28 20:28:25 UTC 2026
Cache sync 52 at Thu May 28 20:28:25 UTC 2026
Cache sync 53 at Thu May 28 20:28:25 UTC 2026
Cache sync 54 at Thu May 28 20:28:25 UTC 2026
Cache sync 1 at Fri May 29 04:00:08 UTC 2026
Cache sync 1 at Fri May 29 09:59:45 UTC 2026
Cache sync 2 at Fri May 29 09:59:45 UTC 2026
Cache sync 3 at Fri May 29 09:59:45 UTC 2026
Cache sync 4 at Fri May 29 09:59:45 UTC 2026
Cache sync 5 at Fri May 29 09:59:45 UTC 2026
Cache sync 6 at Fri May 29 09:59:45 UTC 2026
Cache sync 7 at Fri May 29 09:59:45 UTC 2026
Cache sync 8 at Fri May 29 09:59:45 UTC 2026
Cache sync 9 at Fri May 29 09:59:45 UTC 2026
Cache sync 10 at Fri May 29 09:59:45 UTC 2026
Cache sync 11 at Fri May 29 09:59:45 UTC 2026
Cache sync 12 at Fri May 29 09:59:45 UTC 2026
Cache sync 13 at Fri May 29 09:59:45 UTC 2026
Cache sync 14 at Fri May 29 09:59:45 UTC 2026
Cache sync 15 at Fri May 29 09:59:45 UTC 2026
Cache sync 16 at Fri May 29 09:59:45 UTC 2026
Cache sync 17 at Fri May 29 09:59:45 UTC 2026
Cache sync 18 at Fri May 29 09:59:45 UTC 2026
Cache sync 19 at Fri May 29 09:59:45 UTC 2026
Cache sync 20 at Fri May 29 09:59:45 UTC 2026
Cache sync 21 at Fri May 29 09:59:45 UTC 2026
Cache sync 22 at Fri May 29 09:59:45 UTC 2026
Cache sync 23 at Fri May 29 09:59:45 UTC 2026
Cache sync 24 at Fri May 29 09:59:45 UTC 2026
Cache sync 25 at Fri May 29 09:59:45 UTC 2026
Cache sync 26 at Fri May 29 09:59:45 UTC 2026
Cache sync 27 at Fri May 29 09:59:45 UTC 2026
Cache sync 28 at Fri May 29 09:59:45 UTC 2026
Cache sync 29 at Fri May 29 09:59:45 UTC 2026
Cache sync 30 at Fri May 29 09:59:45 UTC 2026
Cache sync 31 at Fri May 29 09:59:45 UTC 2026
Cache sync 32 at Fri May 29 09:59:45 UTC 2026
Cache sync 33 at Fri May 29 09:59:45 UTC 2026
Cache sync 34 at Fri May 29 09:59:45 UTC 2026
Cache sync 35 at Fri May 29 09:59:45 UTC 2026
Cache sync 36 at Fri May 29 09:59:45 UTC 2026
Cache sync 37 at Fri May 29 09:59:45 UTC 2026
Cache sync 38 at Fri May 29 09:59:45 UTC 2026
Cache sync 39 at Fri May 29 09:59:45 UTC 2026
Cache sync 40 at Fri May 29 09:59:45 UTC 2026
Cache sync 41 at Fri May 29 09:59:45 UTC 2026
Cache sync 42 at Fri May 29 09:59:45 UTC 2026
Cache sync 43 at Fri May 29 09:59:45 UTC 2026
Cache sync 44 at Fri May 29 09:59:45 UTC 2026
Cache sync 45 at Fri May 29 09:59:45 UTC 2026
Cache sync 46 at Fri May 29 09:59:45 UTC 2026
Cache sync 47 at Fri May 29 09:59:45 UTC 2026
Cache sync 48 at Fri May 29 09:59:45 UTC 2026
Cache sync 49 at Fri May 29 09:59:45 UTC 2026
Cache sync 50 at Fri May 29 09:59:45 UTC 2026
Cache sync 51 at Fri May 29 09:59:45 UTC 2026
Cache sync 52 at Fri May 29 09:59:45 UTC 2026
Cache sync 53 at Fri May 29 09:59:45 UTC 2026
Cache sync 54 at Fri May 29 09:59:45 UTC 2026
Cache sync 55 at Fri May 29 09:59:46 UTC 2026
Cache sync 56 at Fri May 29 09:59:46 UTC 2026
Cache sync 57 at Fri May 29 09:59:46 UTC 2026
Cache sync 58 at Fri May 29 09:59:46 UTC 2026
Cache sync 59 at Fri May 29 09:59:46 UTC 2026
Cache sync 60 at Fri May 29 09:59:46 UTC 2026
Cache sync 61 at Fri May 29 09:59:46 UTC 2026
Cache sync 62 at Fri May 29 09:59:46 UTC 2026
Cache sync 63 at Fri May 29 09:59:46 UTC 2026
Cache sync 64 at Fri May 29 09:59:46 UTC 2026
Cache sync 65 at Fri May 29 09:59:46 UTC 2026
Cache sync 66 at Fri May 29 09:59:46 UTC 2026
Cache sync 67 at Fri May 29 09:59:46 UTC 2026
Cache sync 68 at Fri May 29 09:59:46 UTC 2026
Cache sync 69 at Fri May 29 09:59:46 UTC 2026
Cache sync 70 at Fri May 29 09:59:46 UTC 2026
Cache sync 71 at Fri May 29 09:59:46 UTC 2026
Cache sync 72 at Fri May 29 09:59:46 UTC 2026
Cache sync 73 at Fri May 29 09:59:46 UTC 2026
Cache sync 74 at Fri May 29 09:59:46 UTC 2026
Cache sync 75 at Fri May 29 09:59:46 UTC 2026
Cache sync 76 at Fri May 29 09:59:46 UTC 2026
Cache sync 77 at Fri May 29 09:59:46 UTC 2026
Cache sync 78 at Fri May 29 09:59:46 UTC 2026
Cache sync 79 at Fri May 29 09:59:46 UTC 2026
Cache sync 80 at Fri May 29 09:59:46 UTC 2026
Cache sync 81 at Fri May 29 09:59:46 UTC 2026
Cache sync 82 at Fri May 29 09:59:46 UTC 2026
Cache sync 83 at Fri May 29 09:59:46 UTC 2026
Cache sync 84 at Fri May 29 09:59:46 UTC 2026
Cache sync 85 at Fri May 29 09:59:46 UTC 2026
Cache sync 1 at Fri May 29 20:30:53 UTC 2026
Cache sync 2 at Fri May 29 20:30:53 UTC 2026
Cache sync 3 at Fri May 29 20:30:53 UTC 2026
Cache sync 4 at Fri May 29 20:30:53 UTC 2026
Cache sync 5 at Fri May 29 20:30:53 UTC 2026
Cache sync 6 at Fri May 29 20:30:53 UTC 2026
Cache sync 7 at Fri May 29 20:30:53 UTC 2026
Cache sync 8 at Fri May 29 20:30:53 UTC 2026
Cache sync 9 at Fri May 29 20:30:53 UTC 2026
Cache sync 10 at Fri May 29 20:30:53 UTC 2026
Cache sync 11 at Fri May 29 20:30:53 UTC 2026
Cache sync 12 at Fri May 29 20:30:53 UTC 2026
Cache sync 1 at Sat May 30 03:46:35 UTC 2026
Cache sync 2 at Sat May 30 03:46:35 UTC 2026
Cache sync 3 at Sat May 30 03:46:35 UTC 2026
Cache sync 4 at Sat May 30 03:46:35 UTC 2026
Cache sync 5 at Sat May 30 03:46:35 UTC 2026
Cache sync 6 at Sat May 30 03:46:35 UTC 2026
Cache sync 7 at Sat May 30 03:46:35 UTC 2026
Cache sync 8 at Sat May 30 03:46:35 UTC 2026
Cache sync 9 at Sat May 30 03:46:35 UTC 2026
Cache sync 10 at Sat May 30 03:46:35 UTC 2026
Cache sync 11 at Sat May 30 03:46:35 UTC 2026
Cache sync 12 at Sat May 30 03:46:35 UTC 2026
Cache sync 13 at Sat May 30 03:46:35 UTC 2026
Cache sync 14 at Sat May 30 03:46:35 UTC 2026
Cache sync 15 at Sat May 30 03:46:35 UTC 2026
Cache sync 16 at Sat May 30 03:46:35 UTC 2026
Cache sync 17 at Sat May 30 03:46:35 UTC 2026
Cache sync 18 at Sat May 30 03:46:35 UTC 2026
Cache sync 19 at Sat May 30 03:46:35 UTC 2026
Cache sync 20 at Sat May 30 03:46:35 UTC 2026
Cache sync 21 at Sat May 30 03:46:35 UTC 2026
Cache sync 22 at Sat May 30 03:46:35 UTC 2026
Cache sync 23 at Sat May 30 03:46:35 UTC 2026
Cache sync 24 at Sat May 30 03:46:35 UTC 2026
Cache sync 25 at Sat May 30 03:46:35 UTC 2026
Cache sync 26 at Sat May 30 03:46:35 UTC 2026
Cache sync 27 at Sat May 30 03:46:35 UTC 2026
Cache sync 28 at Sat May 30 03:46:35 UTC 2026
Cache sync 29 at Sat May 30 03:46:35 UTC 2026
Cache sync 30 at Sat May 30 03:46:35 UTC 2026
Cache sync 31 at Sat May 30 03:46:35 UTC 2026
Cache sync 32 at Sat May 30 03:46:35 UTC 2026
Cache sync 33 at Sat May 30 03:46:35 UTC 2026
Cache sync 34 at Sat May 30 03:46:35 UTC 2026
Cache sync 35 at Sat May 30 03:46:35 UTC 2026
Cache sync 36 at Sat May 30 03:46:35 UTC 2026
Cache sync 1 at Sat May 30 08:32:12 UTC 2026
Cache sync 2 at Sat May 30 08:32:12 UTC 2026
Cache sync 3 at Sat May 30 08:32:12 UTC 2026
Cache sync 4 at Sat May 30 08:32:12 UTC 2026
Cache sync 5 at Sat May 30 08:32:12 UTC 2026
Cache sync 6 at Sat May 30 08:32:12 UTC 2026
Cache sync 7 at Sat May 30 08:32:12 UTC 2026
Cache sync 8 at Sat May 30 08:32:12 UTC 2026
Cache sync 9 at Sat May 30 08:32:12 UTC 2026
Cache sync 10 at Sat May 30 08:32:13 UTC 2026
Cache sync 11 at Sat May 30 08:32:13 UTC 2026
Cache sync 12 at Sat May 30 08:32:13 UTC 2026
Cache sync 13 at Sat May 30 08:32:13 UTC 2026
Cache sync 14 at Sat May 30 08:32:13 UTC 2026
Cache sync 15 at Sat May 30 08:32:13 UTC 2026
Cache sync 16 at Sat May 30 08:32:13 UTC 2026
Cache sync 17 at Sat May 30 08:32:13 UTC 2026
Cache sync 18 at Sat May 30 08:32:13 UTC 2026
Cache sync 19 at Sat May 30 08:32:13 UTC 2026
Cache sync 20 at Sat May 30 08:32:13 UTC 2026
Cache sync 21 at Sat May 30 08:32:13 UTC 2026
Cache sync 22 at Sat May 30 08:32:13 UTC 2026
Cache sync 23 at Sat May 30 08:32:13 UTC 2026
Cache sync 24 at Sat May 30 08:32:13 UTC 2026
Cache sync 25 at Sat May 30 08:32:13 UTC 2026
Cache sync 26 at Sat May 30 08:32:13 UTC 2026
Cache sync 27 at Sat May 30 08:32:13 UTC 2026
Cache sync 28 at Sat May 30 08:32:13 UTC 2026
Cache sync 29 at Sat May 30 08:32:13 UTC 2026
Cache sync 30 at Sat May 30 08:32:13 UTC 2026
Cache sync 31 at Sat May 30 08:32:13 UTC 2026
Cache sync 32 at Sat May 30 08:32:13 UTC 2026
Cache sync 1 at Sat May 30 13:47:03 UTC 2026
Cache sync 2 at Sat May 30 13:47:03 UTC 2026
Cache sync 3 at Sat May 30 13:47:03 UTC 2026
Cache sync 4 at Sat May 30 13:47:03 UTC 2026
Cache sync 5 at Sat May 30 13:47:03 UTC 2026
Cache sync 6 at Sat May 30 13:47:03 UTC 2026
Cache sync 7 at Sat May 30 13:47:03 UTC 2026
Cache sync 8 at Sat May 30 13:47:03 UTC 2026
Cache sync 9 at Sat May 30 13:47:03 UTC 2026
Cache sync 10 at Sat May 30 13:47:03 UTC 2026
Cache sync 11 at Sat May 30 13:47:03 UTC 2026
Cache sync 12 at Sat May 30 13:47:03 UTC 2026
Cache sync 13 at Sat May 30 13:47:03 UTC 2026
Cache sync 14 at Sat May 30 13:47:03 UTC 2026
Cache sync 15 at Sat May 30 13:47:03 UTC 2026
Cache sync 16 at Sat May 30 13:47:03 UTC 2026
Cache sync 17 at Sat May 30 13:47:03 UTC 2026
Cache sync 18 at Sat May 30 13:47:03 UTC 2026
Cache sync 19 at Sat May 30 13:47:03 UTC 2026
Cache sync 20 at Sat May 30 13:47:03 UTC 2026
Cache sync 21 at Sat May 30 13:47:03 UTC 2026
Cache sync 22 at Sat May 30 13:47:03 UTC 2026
Cache sync 23 at Sat May 30 13:47:03 UTC 2026
Cache sync 24 at Sat May 30 13:47:03 UTC 2026
Cache sync 25 at Sat May 30 13:47:03 UTC 2026
Cache sync 26 at Sat May 30 13:47:03 UTC 2026
Cache sync 27 at Sat May 30 13:47:03 UTC 2026
Cache sync 28 at Sat May 30 13:47:03 UTC 2026
Cache sync 29 at Sat May 30 13:47:03 UTC 2026
Cache sync 30 at Sat May 30 13:47:03 UTC 2026
Cache sync 31 at Sat May 30 13:47:03 UTC 2026
Cache sync 32 at Sat May 30 13:47:03 UTC 2026
Cache sync 33 at Sat May 30 13:47:03 UTC 2026
Cache sync 34 at Sat May 30 13:47:03 UTC 2026
Cache sync 35 at Sat May 30 13:47:03 UTC 2026
Cache sync 36 at Sat May 30 13:47:03 UTC 2026
Cache sync 37 at Sat May 30 13:47:03 UTC 2026
Cache sync 38 at Sat May 30 13:47:03 UTC 2026
Cache sync 39 at Sat May 30 13:47:03 UTC 2026
Cache sync 40 at Sat May 30 13:47:03 UTC 2026
Cache sync 41 at Sat May 30 13:47:03 UTC 2026
Cache sync 42 at Sat May 30 13:47:03 UTC 2026
Cache sync 43 at Sat May 30 13:47:03 UTC 2026
Cache sync 44 at Sat May 30 13:47:03 UTC 2026
Cache sync 45 at Sat May 30 13:47:03 UTC 2026
Cache sync 46 at Sat May 30 13:47:03 UTC 2026
Cache sync 47 at Sat May 30 13:47:03 UTC 2026
Cache sync 48 at Sat May 30 13:47:03 UTC 2026
Cache sync 49 at Sat May 30 13:47:03 UTC 2026
Cache sync 50 at Sat May 30 13:47:03 UTC 2026
Cache sync 51 at Sat May 30 13:47:03 UTC 2026
Cache sync 52 at Sat May 30 13:47:03 UTC 2026
Cache sync 53 at Sat May 30 13:47:03 UTC 2026
Cache sync 54 at Sat May 30 13:47:03 UTC 2026
Cache sync 55 at Sat May 30 13:47:03 UTC 2026
Cache sync 56 at Sat May 30 13:47:03 UTC 2026
Cache sync 57 at Sat May 30 13:47:03 UTC 2026
Cache sync 58 at Sat May 30 13:47:03 UTC 2026
Cache sync 59 at Sat May 30 13:47:03 UTC 2026
Cache sync 60 at Sat May 30 13:47:03 UTC 2026
Cache sync 61 at Sat May 30 13:47:03 UTC 2026
Cache sync 62 at Sat May 30 13:47:03 UTC 2026
Cache sync 63 at Sat May 30 13:47:03 UTC 2026
Cache sync 64 at Sat May 30 13:47:03 UTC 2026
Cache sync 65 at Sat May 30 13:47:04 UTC 2026
Cache sync 66 at Sat May 30 13:47:04 UTC 2026
Cache sync 67 at Sat May 30 13:47:04 UTC 2026
Cache sync 68 at Sat May 30 13:47:04 UTC 2026
Cache sync 69 at Sat May 30 13:47:04 UTC 2026
Cache sync 70 at Sat May 30 13:47:04 UTC 2026
Cache sync 71 at Sat May 30 13:47:04 UTC 2026
Cache sync 72 at Sat May 30 13:47:04 UTC 2026
Cache sync 73 at Sat May 30 13:47:04 UTC 2026
Cache sync 74 at Sat May 30 13:47:04 UTC 2026
Cache sync 75 at Sat May 30 13:47:04 UTC 2026
Cache sync 76 at Sat May 30 13:47:04 UTC 2026
Cache sync 77 at Sat May 30 13:47:04 UTC 2026
Cache sync 78 at Sat May 30 13:47:04 UTC 2026
Cache sync 1 at Sat May 30 19:22:28 UTC 2026
Cache sync 2 at Sat May 30 19:22:28 UTC 2026
Cache sync 3 at Sat May 30 19:22:28 UTC 2026
Cache sync 4 at Sat May 30 19:22:28 UTC 2026
Cache sync 5 at Sat May 30 19:22:28 UTC 2026
Cache sync 6 at Sat May 30 19:22:28 UTC 2026
Cache sync 7 at Sat May 30 19:22:28 UTC 2026
Cache sync 8 at Sat May 30 19:22:28 UTC 2026
Cache sync 9 at Sat May 30 19:22:28 UTC 2026
Cache sync 10 at Sat May 30 19:22:28 UTC 2026
Cache sync 11 at Sat May 30 19:22:28 UTC 2026
Cache sync 12 at Sat May 30 19:22:28 UTC 2026
Cache sync 13 at Sat May 30 19:22:28 UTC 2026
Cache sync 14 at Sat May 30 19:22:28 UTC 2026
Cache sync 15 at Sat May 30 19:22:28 UTC 2026
Cache sync 16 at Sat May 30 19:22:28 UTC 2026
Cache sync 17 at Sat May 30 19:22:28 UTC 2026
Cache sync 18 at Sat May 30 19:22:28 UTC 2026
Cache sync 19 at Sat May 30 19:22:28 UTC 2026
Cache sync 20 at Sat May 30 19:22:28 UTC 2026
Cache sync 21 at Sat May 30 19:22:28 UTC 2026
Cache sync 22 at Sat May 30 19:22:28 UTC 2026
Cache sync 23 at Sat May 30 19:22:28 UTC 2026
Cache sync 24 at Sat May 30 19:22:28 UTC 2026
Cache sync 25 at Sat May 30 19:22:28 UTC 2026
Cache sync 26 at Sat May 30 19:22:28 UTC 2026
Cache sync 27 at Sat May 30 19:22:28 UTC 2026
Cache sync 28 at Sat May 30 19:22:28 UTC 2026
Cache sync 29 at Sat May 30 19:22:28 UTC 2026
Cache sync 30 at Sat May 30 19:22:28 UTC 2026
Cache sync 31 at Sat May 30 19:22:28 UTC 2026
Cache sync 32 at Sat May 30 19:22:28 UTC 2026
Cache sync 33 at Sat May 30 19:22:28 UTC 2026
Cache sync 34 at Sat May 30 19:22:28 UTC 2026
Cache sync 35 at Sat May 30 19:22:28 UTC 2026
Cache sync 36 at Sat May 30 19:22:28 UTC 2026
Cache sync 37 at Sat May 30 19:22:28 UTC 2026
Cache sync 38 at Sat May 30 19:22:28 UTC 2026
Cache sync 39 at Sat May 30 19:22:28 UTC 2026
Cache sync 40 at Sat May 30 19:22:28 UTC 2026
Cache sync 41 at Sat May 30 19:22:29 UTC 2026
Cache sync 42 at Sat May 30 19:22:29 UTC 2026
Cache sync 43 at Sat May 30 19:22:29 UTC 2026
Cache sync 44 at Sat May 30 19:22:29 UTC 2026
Cache sync 45 at Sat May 30 19:22:29 UTC 2026
Cache sync 46 at Sat May 30 19:22:29 UTC 2026
Cache sync 47 at Sat May 30 19:22:29 UTC 2026
Cache sync 48 at Sat May 30 19:22:29 UTC 2026
Cache sync 49 at Sat May 30 19:22:29 UTC 2026
Cache sync 1 at Sun May 31 04:12:11 UTC 2026
Cache sync 2 at Sun May 31 04:12:11 UTC 2026
Cache sync 3 at Sun May 31 04:12:11 UTC 2026
Cache sync 4 at Sun May 31 04:12:11 UTC 2026
Cache sync 5 at Sun May 31 04:12:11 UTC 2026
Cache sync 6 at Sun May 31 04:12:11 UTC 2026
Cache sync 7 at Sun May 31 04:12:11 UTC 2026
Cache sync 8 at Sun May 31 04:12:11 UTC 2026
Cache sync 9 at Sun May 31 04:12:11 UTC 2026
Cache sync 10 at Sun May 31 04:12:11 UTC 2026
Cache sync 11 at Sun May 31 04:12:11 UTC 2026
Cache sync 12 at Sun May 31 04:12:11 UTC 2026
Cache sync 13 at Sun May 31 04:12:11 UTC 2026
Cache sync 14 at Sun May 31 04:12:11 UTC 2026
Cache sync 15 at Sun May 31 04:12:11 UTC 2026
Cache sync 16 at Sun May 31 04:12:11 UTC 2026
Cache sync 17 at Sun May 31 04:12:11 UTC 2026
Cache sync 18 at Sun May 31 04:12:11 UTC 2026
Cache sync 19 at Sun May 31 04:12:11 UTC 2026
Cache sync 20 at Sun May 31 04:12:11 UTC 2026
Cache sync 21 at Sun May 31 04:12:11 UTC 2026
Cache sync 22 at Sun May 31 04:12:11 UTC 2026
Cache sync 23 at Sun May 31 04:12:11 UTC 2026
Cache sync 24 at Sun May 31 04:12:11 UTC 2026
Cache sync 25 at Sun May 31 04:12:11 UTC 2026
Cache sync 26 at Sun May 31 04:12:11 UTC 2026
Cache sync 27 at Sun May 31 04:12:11 UTC 2026
Cache sync 28 at Sun May 31 04:12:11 UTC 2026
Cache sync 29 at Sun May 31 04:12:11 UTC 2026
Cache sync 30 at Sun May 31 04:12:11 UTC 2026
Cache sync 31 at Sun May 31 04:12:11 UTC 2026
Cache sync 32 at Sun May 31 04:12:11 UTC 2026
Cache sync 33 at Sun May 31 04:12:11 UTC 2026
Cache sync 34 at Sun May 31 04:12:11 UTC 2026
Cache sync 35 at Sun May 31 04:12:11 UTC 2026
Cache sync 36 at Sun May 31 04:12:11 UTC 2026
Cache sync 37 at Sun May 31 04:12:11 UTC 2026
Cache sync 38 at Sun May 31 04:12:11 UTC 2026
Cache sync 39 at Sun May 31 04:12:12 UTC 2026
Cache sync 40 at Sun May 31 04:12:12 UTC 2026
Cache sync 41 at Sun May 31 04:12:12 UTC 2026
Cache sync 42 at Sun May 31 04:12:12 UTC 2026
Cache sync 43 at Sun May 31 04:12:12 UTC 2026
Cache sync 44 at Sun May 31 04:12:12 UTC 2026
Cache sync 45 at Sun May 31 04:12:12 UTC 2026
Cache sync 46 at Sun May 31 04:12:12 UTC 2026
Cache sync 47 at Sun May 31 04:12:12 UTC 2026
Cache sync 48 at Sun May 31 04:12:12 UTC 2026
Cache sync 49 at Sun May 31 04:12:12 UTC 2026
Cache sync 50 at Sun May 31 04:12:12 UTC 2026
Cache sync 51 at Sun May 31 04:12:12 UTC 2026
Cache sync 52 at Sun May 31 04:12:12 UTC 2026
Cache sync 53 at Sun May 31 04:12:12 UTC 2026
Cache sync 54 at Sun May 31 04:12:12 UTC 2026
Cache sync 55 at Sun May 31 04:12:12 UTC 2026
Cache sync 56 at Sun May 31 04:12:12 UTC 2026
Cache sync 57 at Sun May 31 04:12:12 UTC 2026
Cache sync 58 at Sun May 31 04:12:12 UTC 2026
Cache sync 59 at Sun May 31 04:12:12 UTC 2026
Cache sync 60 at Sun May 31 04:12:12 UTC 2026
Cache sync 61 at Sun May 31 04:12:12 UTC 2026
Cache sync 62 at Sun May 31 04:12:12 UTC 2026
Cache sync 63 at Sun May 31 04:12:12 UTC 2026
Cache sync 64 at Sun May 31 04:12:12 UTC 2026
Cache sync 65 at Sun May 31 04:12:12 UTC 2026
Cache sync 66 at Sun May 31 04:12:12 UTC 2026
Cache sync 67 at Sun May 31 04:12:12 UTC 2026
Cache sync 68 at Sun May 31 04:12:12 UTC 2026
Cache sync 69 at Sun May 31 04:12:12 UTC 2026
Cache sync 70 at Sun May 31 04:12:12 UTC 2026
Cache sync 71 at Sun May 31 04:12:12 UTC 2026
Cache sync 72 at Sun May 31 04:12:12 UTC 2026
Cache sync 73 at Sun May 31 04:12:12 UTC 2026
Cache sync 74 at Sun May 31 04:12:12 UTC 2026
Cache sync 75 at Sun May 31 04:12:12 UTC 2026
Cache sync 76 at Sun May 31 04:12:12 UTC 2026
Cache sync 77 at Sun May 31 04:12:12 UTC 2026
Cache sync 78 at Sun May 31 04:12:12 UTC 2026
Cache sync 79 at Sun May 31 04:12:12 UTC 2026
Cache sync 80 at Sun May 31 04:12:12 UTC 2026
Cache sync 81 at Sun May 31 04:12:12 UTC 2026
Cache sync 82 at Sun May 31 04:12:12 UTC 2026
Cache sync 1 at Sun May 31 08:51:15 UTC 2026
Cache sync 2 at Sun May 31 08:51:15 UTC 2026
Cache sync 3 at Sun May 31 08:51:15 UTC 2026
Cache sync 4 at Sun May 31 08:51:15 UTC 2026
Cache sync 5 at Sun May 31 08:51:15 UTC 2026
Cache sync 6 at Sun May 31 08:51:15 UTC 2026
Cache sync 7 at Sun May 31 08:51:15 UTC 2026
Cache sync 8 at Sun May 31 08:51:15 UTC 2026
Cache sync 9 at Sun May 31 08:51:15 UTC 2026
Cache sync 10 at Sun May 31 08:51:15 UTC 2026
Cache sync 11 at Sun May 31 08:51:15 UTC 2026
Cache sync 12 at Sun May 31 08:51:15 UTC 2026
Cache sync 13 at Sun May 31 08:51:15 UTC 2026
Cache sync 14 at Sun May 31 08:51:15 UTC 2026
Cache sync 15 at Sun May 31 08:51:15 UTC 2026
Cache sync 16 at Sun May 31 08:51:15 UTC 2026
Cache sync 17 at Sun May 31 08:51:15 UTC 2026
Cache sync 18 at Sun May 31 08:51:15 UTC 2026
Cache sync 19 at Sun May 31 08:51:15 UTC 2026
Cache sync 20 at Sun May 31 08:51:15 UTC 2026
Cache sync 21 at Sun May 31 08:51:15 UTC 2026
Cache sync 22 at Sun May 31 08:51:15 UTC 2026
Cache sync 23 at Sun May 31 08:51:15 UTC 2026
Cache sync 24 at Sun May 31 08:51:15 UTC 2026
Cache sync 25 at Sun May 31 08:51:15 UTC 2026
Cache sync 26 at Sun May 31 08:51:15 UTC 2026
Cache sync 27 at Sun May 31 08:51:15 UTC 2026
Cache sync 28 at Sun May 31 08:51:15 UTC 2026
Cache sync 29 at Sun May 31 08:51:15 UTC 2026
Cache sync 30 at Sun May 31 08:51:15 UTC 2026
Cache sync 31 at Sun May 31 08:51:15 UTC 2026
Cache sync 32 at Sun May 31 08:51:15 UTC 2026
Cache sync 33 at Sun May 31 08:51:15 UTC 2026
Cache sync 34 at Sun May 31 08:51:15 UTC 2026
Cache sync 35 at Sun May 31 08:51:15 UTC 2026
Cache sync 36 at Sun May 31 08:51:15 UTC 2026
Cache sync 37 at Sun May 31 08:51:15 UTC 2026
Cache sync 38 at Sun May 31 08:51:15 UTC 2026
Cache sync 39 at Sun May 31 08:51:15 UTC 2026
Cache sync 40 at Sun May 31 08:51:15 UTC 2026
Cache sync 41 at Sun May 31 08:51:15 UTC 2026
Cache sync 42 at Sun May 31 08:51:15 UTC 2026
Cache sync 1 at Sun May 31 13:52:35 UTC 2026
Cache sync 2 at Sun May 31 13:52:35 UTC 2026
Cache sync 3 at Sun May 31 13:52:35 UTC 2026
Cache sync 4 at Sun May 31 13:52:35 UTC 2026
Cache sync 5 at Sun May 31 13:52:35 UTC 2026
Cache sync 6 at Sun May 31 13:52:35 UTC 2026
Cache sync 7 at Sun May 31 13:52:35 UTC 2026
Cache sync 8 at Sun May 31 13:52:35 UTC 2026
Cache sync 9 at Sun May 31 13:52:35 UTC 2026
Cache sync 10 at Sun May 31 13:52:35 UTC 2026
Cache sync 11 at Sun May 31 13:52:35 UTC 2026
Cache sync 12 at Sun May 31 13:52:35 UTC 2026
Cache sync 13 at Sun May 31 13:52:35 UTC 2026
Cache sync 14 at Sun May 31 13:52:35 UTC 2026
Cache sync 15 at Sun May 31 13:52:35 UTC 2026
Cache sync 16 at Sun May 31 13:52:35 UTC 2026
Cache sync 17 at Sun May 31 13:52:35 UTC 2026
Cache sync 18 at Sun May 31 13:52:35 UTC 2026
Cache sync 19 at Sun May 31 13:52:35 UTC 2026
Cache sync 20 at Sun May 31 13:52:35 UTC 2026
Cache sync 21 at Sun May 31 13:52:35 UTC 2026
Cache sync 22 at Sun May 31 13:52:35 UTC 2026
Cache sync 23 at Sun May 31 13:52:35 UTC 2026
Cache sync 24 at Sun May 31 13:52:35 UTC 2026
Cache sync 25 at Sun May 31 13:52:35 UTC 2026
Cache sync 26 at Sun May 31 13:52:35 UTC 2026
Cache sync 27 at Sun May 31 13:52:35 UTC 2026
Cache sync 28 at Sun May 31 13:52:35 UTC 2026
Cache sync 29 at Sun May 31 13:52:35 UTC 2026
Cache sync 30 at Sun May 31 13:52:35 UTC 2026
Cache sync 31 at Sun May 31 13:52:35 UTC 2026
Cache sync 32 at Sun May 31 13:52:35 UTC 2026
Cache sync 33 at Sun May 31 13:52:35 UTC 2026
Cache sync 34 at Sun May 31 13:52:35 UTC 2026
Cache sync 35 at Sun May 31 13:52:35 UTC 2026
Cache sync 36 at Sun May 31 13:52:35 UTC 2026
Cache sync 37 at Sun May 31 13:52:35 UTC 2026
Cache sync 38 at Sun May 31 13:52:36 UTC 2026
Cache sync 39 at Sun May 31 13:52:36 UTC 2026
Cache sync 40 at Sun May 31 13:52:36 UTC 2026
Cache sync 41 at Sun May 31 13:52:36 UTC 2026
Cache sync 42 at Sun May 31 13:52:36 UTC 2026
Cache sync 43 at Sun May 31 13:52:36 UTC 2026
Cache sync 44 at Sun May 31 13:52:36 UTC 2026
Cache sync 45 at Sun May 31 13:52:36 UTC 2026
Cache sync 46 at Sun May 31 13:52:36 UTC 2026
Cache sync 47 at Sun May 31 13:52:36 UTC 2026
Cache sync 48 at Sun May 31 13:52:36 UTC 2026
Cache sync 49 at Sun May 31 13:52:36 UTC 2026
Cache sync 1 at Sun May 31 19:21:49 UTC 2026
Cache sync 2 at Sun May 31 19:21:49 UTC 2026
Cache sync 3 at Sun May 31 19:21:49 UTC 2026
Cache sync 4 at Sun May 31 19:21:49 UTC 2026
Cache sync 5 at Sun May 31 19:21:49 UTC 2026
Cache sync 6 at Sun May 31 19:21:49 UTC 2026
Cache sync 7 at Sun May 31 19:21:50 UTC 2026
Cache sync 8 at Sun May 31 19:21:50 UTC 2026
Cache sync 9 at Sun May 31 19:21:50 UTC 2026
Cache sync 10 at Sun May 31 19:21:50 UTC 2026
Cache sync 11 at Sun May 31 19:21:50 UTC 2026
Cache sync 12 at Sun May 31 19:21:50 UTC 2026
Cache sync 13 at Sun May 31 19:21:50 UTC 2026
Cache sync 14 at Sun May 31 19:21:50 UTC 2026
Cache sync 15 at Sun May 31 19:21:50 UTC 2026
Cache sync 16 at Sun May 31 19:21:50 UTC 2026
Cache sync 17 at Sun May 31 19:21:50 UTC 2026
Cache sync 18 at Sun May 31 19:21:50 UTC 2026
Cache sync 19 at Sun May 31 19:21:50 UTC 2026
Cache sync 20 at Sun May 31 19:21:50 UTC 2026
Cache sync 21 at Sun May 31 19:21:50 UTC 2026
Cache sync 22 at Sun May 31 19:21:50 UTC 2026
Cache sync 23 at Sun May 31 19:21:50 UTC 2026
Cache sync 24 at Sun May 31 19:21:50 UTC 2026
Cache sync 25 at Sun May 31 19:21:50 UTC 2026
Cache sync 26 at Sun May 31 19:21:50 UTC 2026
Cache sync 27 at Sun May 31 19:21:50 UTC 2026
Cache sync 28 at Sun May 31 19:21:50 UTC 2026
Cache sync 29 at Sun May 31 19:21:50 UTC 2026
Cache sync 1 at Mon Jun  1 04:26:21 UTC 2026
Cache sync 2 at Mon Jun  1 04:26:21 UTC 2026
Cache sync 3 at Mon Jun  1 04:26:21 UTC 2026
Cache sync 4 at Mon Jun  1 04:26:21 UTC 2026
Cache sync 5 at Mon Jun  1 04:26:21 UTC 2026
Cache sync 6 at Mon Jun  1 04:26:21 UTC 2026
Cache sync 7 at Mon Jun  1 04:26:21 UTC 2026
Cache sync 8 at Mon Jun  1 04:26:21 UTC 2026
Cache sync 9 at Mon Jun  1 04:26:21 UTC 2026
Cache sync 10 at Mon Jun  1 04:26:21 UTC 2026
Cache sync 11 at Mon Jun  1 04:26:21 UTC 2026
Cache sync 12 at Mon Jun  1 04:26:21 UTC 2026
Cache sync 13 at Mon Jun  1 04:26:21 UTC 2026
Cache sync 14 at Mon Jun  1 04:26:21 UTC 2026
Cache sync 15 at Mon Jun  1 04:26:21 UTC 2026
Cache sync 16 at Mon Jun  1 04:26:21 UTC 2026
Cache sync 17 at Mon Jun  1 04:26:21 UTC 2026
Cache sync 18 at Mon Jun  1 04:26:21 UTC 2026
Cache sync 19 at Mon Jun  1 04:26:21 UTC 2026
Cache sync 20 at Mon Jun  1 04:26:21 UTC 2026
Cache sync 21 at Mon Jun  1 04:26:21 UTC 2026
Cache sync 22 at Mon Jun  1 04:26:21 UTC 2026
Cache sync 23 at Mon Jun  1 04:26:21 UTC 2026
Cache sync 24 at Mon Jun  1 04:26:21 UTC 2026
Cache sync 25 at Mon Jun  1 04:26:21 UTC 2026
Cache sync 26 at Mon Jun  1 04:26:21 UTC 2026
Cache sync 27 at Mon Jun  1 04:26:21 UTC 2026
Cache sync 28 at Mon Jun  1 04:26:21 UTC 2026
Cache sync 29 at Mon Jun  1 04:26:21 UTC 2026
Cache sync 30 at Mon Jun  1 04:26:21 UTC 2026
Cache sync 31 at Mon Jun  1 04:26:21 UTC 2026
Cache sync 32 at Mon Jun  1 04:26:21 UTC 2026
Cache sync 33 at Mon Jun  1 04:26:21 UTC 2026
Cache sync 34 at Mon Jun  1 04:26:21 UTC 2026
Cache sync 35 at Mon Jun  1 04:26:21 UTC 2026
Cache sync 36 at Mon Jun  1 04:26:21 UTC 2026
Cache sync 37 at Mon Jun  1 04:26:21 UTC 2026
Cache sync 38 at Mon Jun  1 04:26:21 UTC 2026
Cache sync 39 at Mon Jun  1 04:26:21 UTC 2026
Cache sync 40 at Mon Jun  1 04:26:21 UTC 2026
Cache sync 41 at Mon Jun  1 04:26:21 UTC 2026
Cache sync 42 at Mon Jun  1 04:26:21 UTC 2026
Cache sync 43 at Mon Jun  1 04:26:21 UTC 2026
Cache sync 44 at Mon Jun  1 04:26:21 UTC 2026
Cache sync 45 at Mon Jun  1 04:26:21 UTC 2026
Cache sync 46 at Mon Jun  1 04:26:21 UTC 2026
Cache sync 47 at Mon Jun  1 04:26:21 UTC 2026
Cache sync 48 at Mon Jun  1 04:26:21 UTC 2026
Cache sync 49 at Mon Jun  1 04:26:21 UTC 2026
Cache sync 50 at Mon Jun  1 04:26:21 UTC 2026
Cache sync 51 at Mon Jun  1 04:26:21 UTC 2026
Cache sync 52 at Mon Jun  1 04:26:21 UTC 2026
Cache sync 53 at Mon Jun  1 04:26:21 UTC 2026
Cache sync 54 at Mon Jun  1 04:26:21 UTC 2026
Cache sync 55 at Mon Jun  1 04:26:21 UTC 2026
Cache sync 56 at Mon Jun  1 04:26:21 UTC 2026
Cache sync 57 at Mon Jun  1 04:26:21 UTC 2026
Cache sync 58 at Mon Jun  1 04:26:21 UTC 2026
Cache sync 59 at Mon Jun  1 04:26:21 UTC 2026
Cache sync 60 at Mon Jun  1 04:26:21 UTC 2026
Cache sync 61 at Mon Jun  1 04:26:21 UTC 2026
Cache sync 62 at Mon Jun  1 04:26:21 UTC 2026
Cache sync 63 at Mon Jun  1 04:26:21 UTC 2026
Cache sync 64 at Mon Jun  1 04:26:21 UTC 2026
Cache sync 65 at Mon Jun  1 04:26:21 UTC 2026
Cache sync 66 at Mon Jun  1 04:26:21 UTC 2026
Cache sync 67 at Mon Jun  1 04:26:21 UTC 2026
Cache sync 68 at Mon Jun  1 04:26:22 UTC 2026
Cache sync 69 at Mon Jun  1 04:26:22 UTC 2026
Cache sync 70 at Mon Jun  1 04:26:22 UTC 2026
Cache sync 71 at Mon Jun  1 04:26:22 UTC 2026
Cache sync 72 at Mon Jun  1 04:26:22 UTC 2026
Cache sync 1 at Mon Jun  1 11:42:43 UTC 2026
Cache sync 2 at Mon Jun  1 11:42:43 UTC 2026
Cache sync 3 at Mon Jun  1 11:42:43 UTC 2026
Cache sync 4 at Mon Jun  1 11:42:43 UTC 2026
Cache sync 5 at Mon Jun  1 11:42:43 UTC 2026
Cache sync 6 at Mon Jun  1 11:42:43 UTC 2026
Cache sync 7 at Mon Jun  1 11:42:43 UTC 2026
Cache sync 8 at Mon Jun  1 11:42:43 UTC 2026
Cache sync 9 at Mon Jun  1 11:42:43 UTC 2026
Cache sync 10 at Mon Jun  1 11:42:43 UTC 2026
Cache sync 11 at Mon Jun  1 11:42:43 UTC 2026
Cache sync 12 at Mon Jun  1 11:42:43 UTC 2026
Cache sync 13 at Mon Jun  1 11:42:43 UTC 2026
Cache sync 14 at Mon Jun  1 11:42:43 UTC 2026
Cache sync 15 at Mon Jun  1 11:42:43 UTC 2026
Cache sync 16 at Mon Jun  1 11:42:43 UTC 2026
Cache sync 17 at Mon Jun  1 11:42:43 UTC 2026
Cache sync 18 at Mon Jun  1 11:42:43 UTC 2026
Cache sync 19 at Mon Jun  1 11:42:43 UTC 2026
Cache sync 20 at Mon Jun  1 11:42:43 UTC 2026
Cache sync 21 at Mon Jun  1 11:42:43 UTC 2026
Cache sync 22 at Mon Jun  1 11:42:43 UTC 2026
Cache sync 23 at Mon Jun  1 11:42:43 UTC 2026
Cache sync 24 at Mon Jun  1 11:42:43 UTC 2026
Cache sync 25 at Mon Jun  1 11:42:43 UTC 2026
Cache sync 26 at Mon Jun  1 11:42:43 UTC 2026
Cache sync 27 at Mon Jun  1 11:42:43 UTC 2026
Cache sync 28 at Mon Jun  1 11:42:43 UTC 2026
Cache sync 29 at Mon Jun  1 11:42:43 UTC 2026
Cache sync 30 at Mon Jun  1 11:42:43 UTC 2026
Cache sync 31 at Mon Jun  1 11:42:43 UTC 2026
Cache sync 32 at Mon Jun  1 11:42:43 UTC 2026
Cache sync 33 at Mon Jun  1 11:42:43 UTC 2026
Cache sync 34 at Mon Jun  1 11:42:43 UTC 2026
Cache sync 35 at Mon Jun  1 11:42:43 UTC 2026
Cache sync 36 at Mon Jun  1 11:42:43 UTC 2026
Cache sync 37 at Mon Jun  1 11:42:43 UTC 2026
Cache sync 38 at Mon Jun  1 11:42:43 UTC 2026
Cache sync 39 at Mon Jun  1 11:42:43 UTC 2026
Cache sync 40 at Mon Jun  1 11:42:43 UTC 2026
Cache sync 41 at Mon Jun  1 11:42:43 UTC 2026
Cache sync 42 at Mon Jun  1 11:42:43 UTC 2026
Cache sync 43 at Mon Jun  1 11:42:43 UTC 2026
Cache sync 44 at Mon Jun  1 11:42:43 UTC 2026
Cache sync 45 at Mon Jun  1 11:42:43 UTC 2026
Cache sync 46 at Mon Jun  1 11:42:43 UTC 2026
Cache sync 47 at Mon Jun  1 11:42:43 UTC 2026
Cache sync 48 at Mon Jun  1 11:42:43 UTC 2026
Cache sync 49 at Mon Jun  1 11:42:43 UTC 2026
Cache sync 50 at Mon Jun  1 11:42:43 UTC 2026
Cache sync 51 at Mon Jun  1 11:42:43 UTC 2026
Cache sync 52 at Mon Jun  1 11:42:43 UTC 2026
Cache sync 53 at Mon Jun  1 11:42:43 UTC 2026
Cache sync 54 at Mon Jun  1 11:42:43 UTC 2026
Cache sync 55 at Mon Jun  1 11:42:43 UTC 2026
Cache sync 56 at Mon Jun  1 11:42:43 UTC 2026
Cache sync 57 at Mon Jun  1 11:42:43 UTC 2026
Cache sync 58 at Mon Jun  1 11:42:43 UTC 2026
Cache sync 59 at Mon Jun  1 11:42:43 UTC 2026
Cache sync 60 at Mon Jun  1 11:42:43 UTC 2026
Cache sync 61 at Mon Jun  1 11:42:43 UTC 2026
Cache sync 62 at Mon Jun  1 11:42:43 UTC 2026
Cache sync 63 at Mon Jun  1 11:42:43 UTC 2026
Cache sync 64 at Mon Jun  1 11:42:43 UTC 2026
Cache sync 65 at Mon Jun  1 11:42:43 UTC 2026
Cache sync 66 at Mon Jun  1 11:42:43 UTC 2026
Cache sync 67 at Mon Jun  1 11:42:43 UTC 2026
Cache sync 68 at Mon Jun  1 11:42:43 UTC 2026
Cache sync 69 at Mon Jun  1 11:42:43 UTC 2026
Cache sync 70 at Mon Jun  1 11:42:43 UTC 2026
Cache sync 1 at Mon Jun  1 17:48:39 UTC 2026
Cache sync 2 at Mon Jun  1 17:48:39 UTC 2026
Cache sync 3 at Mon Jun  1 17:48:39 UTC 2026
Cache sync 4 at Mon Jun  1 17:48:39 UTC 2026
Cache sync 5 at Mon Jun  1 17:48:39 UTC 2026
Cache sync 6 at Mon Jun  1 17:48:39 UTC 2026
Cache sync 7 at Mon Jun  1 17:48:39 UTC 2026
Cache sync 8 at Mon Jun  1 17:48:39 UTC 2026
Cache sync 9 at Mon Jun  1 17:48:39 UTC 2026
Cache sync 10 at Mon Jun  1 17:48:39 UTC 2026
Cache sync 11 at Mon Jun  1 17:48:39 UTC 2026
Cache sync 12 at Mon Jun  1 17:48:39 UTC 2026
Cache sync 13 at Mon Jun  1 17:48:40 UTC 2026
Cache sync 14 at Mon Jun  1 17:48:40 UTC 2026
Cache sync 15 at Mon Jun  1 17:48:40 UTC 2026
Cache sync 16 at Mon Jun  1 17:48:40 UTC 2026
Cache sync 17 at Mon Jun  1 17:48:40 UTC 2026
Cache sync 18 at Mon Jun  1 17:48:40 UTC 2026
Cache sync 19 at Mon Jun  1 17:48:40 UTC 2026
Cache sync 20 at Mon Jun  1 17:48:40 UTC 2026
Cache sync 21 at Mon Jun  1 17:48:40 UTC 2026
Cache sync 22 at Mon Jun  1 17:48:40 UTC 2026
Cache sync 23 at Mon Jun  1 17:48:40 UTC 2026
Cache sync 24 at Mon Jun  1 17:48:40 UTC 2026
Cache sync 25 at Mon Jun  1 17:48:40 UTC 2026
Cache sync 26 at Mon Jun  1 17:48:40 UTC 2026
Cache sync 27 at Mon Jun  1 17:48:40 UTC 2026
Cache sync 28 at Mon Jun  1 17:48:40 UTC 2026
Cache sync 29 at Mon Jun  1 17:48:40 UTC 2026
Cache sync 30 at Mon Jun  1 17:48:40 UTC 2026
Cache sync 31 at Mon Jun  1 17:48:40 UTC 2026
Cache sync 32 at Mon Jun  1 17:48:40 UTC 2026
Cache sync 33 at Mon Jun  1 17:48:40 UTC 2026
Cache sync 34 at Mon Jun  1 17:48:40 UTC 2026
Cache sync 35 at Mon Jun  1 17:48:40 UTC 2026
Cache sync 36 at Mon Jun  1 17:48:40 UTC 2026
Cache sync 37 at Mon Jun  1 17:48:40 UTC 2026
Cache sync 38 at Mon Jun  1 17:48:40 UTC 2026
Cache sync 39 at Mon Jun  1 17:48:40 UTC 2026
Cache sync 40 at Mon Jun  1 17:48:40 UTC 2026
Cache sync 41 at Mon Jun  1 17:48:40 UTC 2026
Cache sync 42 at Mon Jun  1 17:48:40 UTC 2026
Cache sync 43 at Mon Jun  1 17:48:40 UTC 2026
Cache sync 44 at Mon Jun  1 17:48:40 UTC 2026
Cache sync 45 at Mon Jun  1 17:48:40 UTC 2026
Cache sync 46 at Mon Jun  1 17:48:40 UTC 2026
Cache sync 47 at Mon Jun  1 17:48:40 UTC 2026
Cache sync 48 at Mon Jun  1 17:48:40 UTC 2026
Cache sync 49 at Mon Jun  1 17:48:40 UTC 2026
Cache sync 50 at Mon Jun  1 17:48:40 UTC 2026
Cache sync 51 at Mon Jun  1 17:48:40 UTC 2026
Cache sync 52 at Mon Jun  1 17:48:40 UTC 2026
Cache sync 53 at Mon Jun  1 17:48:40 UTC 2026
Cache sync 54 at Mon Jun  1 17:48:40 UTC 2026
Cache sync 55 at Mon Jun  1 17:48:40 UTC 2026
Cache sync 56 at Mon Jun  1 17:48:40 UTC 2026
Cache sync 57 at Mon Jun  1 17:48:40 UTC 2026
Cache sync 58 at Mon Jun  1 17:48:40 UTC 2026
Cache sync 1 at Mon Jun  1 21:37:15 UTC 2026
Cache sync 2 at Mon Jun  1 21:37:15 UTC 2026
Cache sync 3 at Mon Jun  1 21:37:15 UTC 2026
Cache sync 4 at Mon Jun  1 21:37:15 UTC 2026
Cache sync 5 at Mon Jun  1 21:37:15 UTC 2026
Cache sync 6 at Mon Jun  1 21:37:15 UTC 2026
Cache sync 7 at Mon Jun  1 21:37:15 UTC 2026
Cache sync 8 at Mon Jun  1 21:37:15 UTC 2026
Cache sync 9 at Mon Jun  1 21:37:15 UTC 2026
Cache sync 10 at Mon Jun  1 21:37:15 UTC 2026
Cache sync 11 at Mon Jun  1 21:37:15 UTC 2026
Cache sync 12 at Mon Jun  1 21:37:15 UTC 2026
Cache sync 13 at Mon Jun  1 21:37:15 UTC 2026
Cache sync 14 at Mon Jun  1 21:37:15 UTC 2026
Cache sync 15 at Mon Jun  1 21:37:15 UTC 2026
Cache sync 16 at Mon Jun  1 21:37:15 UTC 2026
Cache sync 17 at Mon Jun  1 21:37:15 UTC 2026
Cache sync 18 at Mon Jun  1 21:37:15 UTC 2026
Cache sync 19 at Mon Jun  1 21:37:16 UTC 2026
Cache sync 20 at Mon Jun  1 21:37:16 UTC 2026
Cache sync 21 at Mon Jun  1 21:37:16 UTC 2026
Cache sync 22 at Mon Jun  1 21:37:16 UTC 2026
Cache sync 23 at Mon Jun  1 21:37:16 UTC 2026
Cache sync 24 at Mon Jun  1 21:37:16 UTC 2026
Cache sync 25 at Mon Jun  1 21:37:16 UTC 2026
Cache sync 26 at Mon Jun  1 21:37:16 UTC 2026
Cache sync 27 at Mon Jun  1 21:37:16 UTC 2026
Cache sync 28 at Mon Jun  1 21:37:16 UTC 2026
Cache sync 29 at Mon Jun  1 21:37:16 UTC 2026
Cache sync 30 at Mon Jun  1 21:37:16 UTC 2026
Cache sync 31 at Mon Jun  1 21:37:16 UTC 2026
Cache sync 32 at Mon Jun  1 21:37:16 UTC 2026
Cache sync 33 at Mon Jun  1 21:37:16 UTC 2026
Cache sync 34 at Mon Jun  1 21:37:16 UTC 2026
Cache sync 35 at Mon Jun  1 21:37:16 UTC 2026
Cache sync 36 at Mon Jun  1 21:37:16 UTC 2026
Cache sync 37 at Mon Jun  1 21:37:16 UTC 2026
Cache sync 38 at Mon Jun  1 21:37:16 UTC 2026
Cache sync 39 at Mon Jun  1 21:37:16 UTC 2026
Cache sync 40 at Mon Jun  1 21:37:16 UTC 2026
Cache sync 41 at Mon Jun  1 21:37:16 UTC 2026
Cache sync 42 at Mon Jun  1 21:37:16 UTC 2026
Cache sync 43 at Mon Jun  1 21:37:16 UTC 2026
Cache sync 44 at Mon Jun  1 21:37:16 UTC 2026
Cache sync 45 at Mon Jun  1 21:37:16 UTC 2026
Cache sync 46 at Mon Jun  1 21:37:16 UTC 2026
Cache sync 47 at Mon Jun  1 21:37:16 UTC 2026
Cache sync 48 at Mon Jun  1 21:37:16 UTC 2026
Cache sync 49 at Mon Jun  1 21:37:16 UTC 2026
Cache sync 50 at Mon Jun  1 21:37:16 UTC 2026
Cache sync 51 at Mon Jun  1 21:37:16 UTC 2026
Cache sync 52 at Mon Jun  1 21:37:16 UTC 2026
Cache sync 53 at Mon Jun  1 21:37:16 UTC 2026
Cache sync 54 at Mon Jun  1 21:37:16 UTC 2026
Cache sync 55 at Mon Jun  1 21:37:16 UTC 2026
Cache sync 56 at Mon Jun  1 21:37:16 UTC 2026
Cache sync 57 at Mon Jun  1 21:37:16 UTC 2026
Cache sync 58 at Mon Jun  1 21:37:16 UTC 2026
Cache sync 59 at Mon Jun  1 21:37:16 UTC 2026
Cache sync 60 at Mon Jun  1 21:37:16 UTC 2026
Cache sync 61 at Mon Jun  1 21:37:16 UTC 2026
Cache sync 62 at Mon Jun  1 21:37:16 UTC 2026
Cache sync 63 at Mon Jun  1 21:37:16 UTC 2026
Cache sync 64 at Mon Jun  1 21:37:16 UTC 2026
Cache sync 65 at Mon Jun  1 21:37:16 UTC 2026
Cache sync 66 at Mon Jun  1 21:37:16 UTC 2026
Cache sync 67 at Mon Jun  1 21:37:16 UTC 2026
Cache sync 68 at Mon Jun  1 21:37:16 UTC 2026
Cache sync 69 at Mon Jun  1 21:37:16 UTC 2026
Cache sync 70 at Mon Jun  1 21:37:16 UTC 2026
Cache sync 71 at Mon Jun  1 21:37:16 UTC 2026
Cache sync 72 at Mon Jun  1 21:37:16 UTC 2026
Cache sync 73 at Mon Jun  1 21:37:16 UTC 2026
Cache sync 74 at Mon Jun  1 21:37:16 UTC 2026
Cache sync 75 at Mon Jun  1 21:37:16 UTC 2026
Cache sync 1 at Tue Jun  2 04:19:28 UTC 2026
Cache sync 2 at Tue Jun  2 04:19:28 UTC 2026
Cache sync 3 at Tue Jun  2 04:19:28 UTC 2026
Cache sync 4 at Tue Jun  2 04:19:28 UTC 2026
Cache sync 5 at Tue Jun  2 04:19:28 UTC 2026
Cache sync 6 at Tue Jun  2 04:19:28 UTC 2026
Cache sync 7 at Tue Jun  2 04:19:28 UTC 2026
Cache sync 8 at Tue Jun  2 04:19:28 UTC 2026
Cache sync 9 at Tue Jun  2 04:19:29 UTC 2026
Cache sync 10 at Tue Jun  2 04:19:29 UTC 2026
Cache sync 11 at Tue Jun  2 04:19:29 UTC 2026
Cache sync 12 at Tue Jun  2 04:19:29 UTC 2026
Cache sync 13 at Tue Jun  2 04:19:29 UTC 2026
Cache sync 14 at Tue Jun  2 04:19:29 UTC 2026
Cache sync 15 at Tue Jun  2 04:19:29 UTC 2026
Cache sync 16 at Tue Jun  2 04:19:29 UTC 2026
Cache sync 17 at Tue Jun  2 04:19:29 UTC 2026
Cache sync 18 at Tue Jun  2 04:19:29 UTC 2026
Cache sync 19 at Tue Jun  2 04:19:29 UTC 2026
Cache sync 20 at Tue Jun  2 04:19:29 UTC 2026
Cache sync 21 at Tue Jun  2 04:19:29 UTC 2026
Cache sync 22 at Tue Jun  2 04:19:29 UTC 2026
Cache sync 23 at Tue Jun  2 04:19:29 UTC 2026
Cache sync 24 at Tue Jun  2 04:19:29 UTC 2026
Cache sync 25 at Tue Jun  2 04:19:29 UTC 2026
Cache sync 26 at Tue Jun  2 04:19:29 UTC 2026
Cache sync 27 at Tue Jun  2 04:19:29 UTC 2026
Cache sync 28 at Tue Jun  2 04:19:29 UTC 2026
Cache sync 29 at Tue Jun  2 04:19:29 UTC 2026
Cache sync 30 at Tue Jun  2 04:19:29 UTC 2026
Cache sync 31 at Tue Jun  2 04:19:29 UTC 2026
Cache sync 32 at Tue Jun  2 04:19:29 UTC 2026
Cache sync 33 at Tue Jun  2 04:19:29 UTC 2026
Cache sync 34 at Tue Jun  2 04:19:29 UTC 2026
Cache sync 35 at Tue Jun  2 04:19:29 UTC 2026
Cache sync 36 at Tue Jun  2 04:19:29 UTC 2026
Cache sync 37 at Tue Jun  2 04:19:29 UTC 2026
Cache sync 38 at Tue Jun  2 04:19:29 UTC 2026
Cache sync 39 at Tue Jun  2 04:19:29 UTC 2026
Cache sync 40 at Tue Jun  2 04:19:29 UTC 2026
Cache sync 41 at Tue Jun  2 04:19:29 UTC 2026
Cache sync 42 at Tue Jun  2 04:19:29 UTC 2026
Cache sync 43 at Tue Jun  2 04:19:29 UTC 2026
Cache sync 44 at Tue Jun  2 04:19:29 UTC 2026
Cache sync 45 at Tue Jun  2 04:19:29 UTC 2026
Cache sync 46 at Tue Jun  2 04:19:29 UTC 2026
Cache sync 47 at Tue Jun  2 04:19:29 UTC 2026
Cache sync 48 at Tue Jun  2 04:19:29 UTC 2026
Cache sync 49 at Tue Jun  2 04:19:29 UTC 2026
Cache sync 50 at Tue Jun  2 04:19:29 UTC 2026
Cache sync 51 at Tue Jun  2 04:19:29 UTC 2026
Cache sync 52 at Tue Jun  2 04:19:29 UTC 2026
Cache sync 53 at Tue Jun  2 04:19:29 UTC 2026
Cache sync 54 at Tue Jun  2 04:19:29 UTC 2026
Cache sync 55 at Tue Jun  2 04:19:29 UTC 2026
Cache sync 56 at Tue Jun  2 04:19:29 UTC 2026
Cache sync 57 at Tue Jun  2 04:19:29 UTC 2026
Cache sync 58 at Tue Jun  2 04:19:29 UTC 2026
Cache sync 59 at Tue Jun  2 04:19:29 UTC 2026
Cache sync 60 at Tue Jun  2 04:19:29 UTC 2026
Cache sync 61 at Tue Jun  2 04:19:29 UTC 2026
Cache sync 62 at Tue Jun  2 04:19:29 UTC 2026
Cache sync 63 at Tue Jun  2 04:19:29 UTC 2026
Cache sync 64 at Tue Jun  2 04:19:29 UTC 2026
Cache sync 65 at Tue Jun  2 04:19:29 UTC 2026
Cache sync 66 at Tue Jun  2 04:19:29 UTC 2026
Cache sync 67 at Tue Jun  2 04:19:29 UTC 2026
Cache sync 68 at Tue Jun  2 04:19:29 UTC 2026
Cache sync 69 at Tue Jun  2 04:19:29 UTC 2026
Cache sync 70 at Tue Jun  2 04:19:29 UTC 2026
Cache sync 71 at Tue Jun  2 04:19:29 UTC 2026
Cache sync 72 at Tue Jun  2 04:19:29 UTC 2026
Cache sync 73 at Tue Jun  2 04:19:29 UTC 2026
Cache sync 74 at Tue Jun  2 04:19:29 UTC 2026
Cache sync 75 at Tue Jun  2 04:19:29 UTC 2026
Cache sync 76 at Tue Jun  2 04:19:29 UTC 2026
Cache sync 77 at Tue Jun  2 04:19:29 UTC 2026
Cache sync 78 at Tue Jun  2 04:19:29 UTC 2026
Cache sync 79 at Tue Jun  2 04:19:29 UTC 2026
Cache sync 80 at Tue Jun  2 04:19:29 UTC 2026
Cache sync 1 at Tue Jun  2 10:43:02 UTC 2026
Cache sync 2 at Tue Jun  2 10:43:02 UTC 2026
Cache sync 3 at Tue Jun  2 10:43:02 UTC 2026
Cache sync 4 at Tue Jun  2 10:43:02 UTC 2026
Cache sync 5 at Tue Jun  2 10:43:02 UTC 2026
Cache sync 6 at Tue Jun  2 10:43:02 UTC 2026
Cache sync 7 at Tue Jun  2 10:43:02 UTC 2026
Cache sync 8 at Tue Jun  2 10:43:02 UTC 2026
Cache sync 9 at Tue Jun  2 10:43:02 UTC 2026
Cache sync 10 at Tue Jun  2 10:43:02 UTC 2026
Cache sync 11 at Tue Jun  2 10:43:02 UTC 2026
Cache sync 12 at Tue Jun  2 10:43:02 UTC 2026
Cache sync 13 at Tue Jun  2 10:43:02 UTC 2026
Cache sync 14 at Tue Jun  2 10:43:02 UTC 2026
Cache sync 15 at Tue Jun  2 10:43:02 UTC 2026
Cache sync 16 at Tue Jun  2 10:43:02 UTC 2026
Cache sync 17 at Tue Jun  2 10:43:02 UTC 2026
Cache sync 18 at Tue Jun  2 10:43:02 UTC 2026
Cache sync 19 at Tue Jun  2 10:43:02 UTC 2026
Cache sync 20 at Tue Jun  2 10:43:02 UTC 2026
Cache sync 21 at Tue Jun  2 10:43:02 UTC 2026
Cache sync 22 at Tue Jun  2 10:43:02 UTC 2026
Cache sync 23 at Tue Jun  2 10:43:02 UTC 2026
Cache sync 24 at Tue Jun  2 10:43:03 UTC 2026
Cache sync 25 at Tue Jun  2 10:43:03 UTC 2026
Cache sync 26 at Tue Jun  2 10:43:03 UTC 2026
Cache sync 27 at Tue Jun  2 10:43:03 UTC 2026
Cache sync 28 at Tue Jun  2 10:43:03 UTC 2026
Cache sync 29 at Tue Jun  2 10:43:03 UTC 2026
Cache sync 30 at Tue Jun  2 10:43:03 UTC 2026
Cache sync 31 at Tue Jun  2 10:43:03 UTC 2026
Cache sync 32 at Tue Jun  2 10:43:03 UTC 2026
Cache sync 33 at Tue Jun  2 10:43:03 UTC 2026
Cache sync 34 at Tue Jun  2 10:43:03 UTC 2026
Cache sync 35 at Tue Jun  2 10:43:03 UTC 2026
Cache sync 36 at Tue Jun  2 10:43:03 UTC 2026
Cache sync 37 at Tue Jun  2 10:43:03 UTC 2026
Cache sync 38 at Tue Jun  2 10:43:03 UTC 2026
Cache sync 39 at Tue Jun  2 10:43:03 UTC 2026
Cache sync 40 at Tue Jun  2 10:43:03 UTC 2026
Cache sync 41 at Tue Jun  2 10:43:03 UTC 2026
Cache sync 42 at Tue Jun  2 10:43:03 UTC 2026
Cache sync 43 at Tue Jun  2 10:43:03 UTC 2026
Cache sync 44 at Tue Jun  2 10:43:03 UTC 2026
Cache sync 45 at Tue Jun  2 10:43:03 UTC 2026
Cache sync 46 at Tue Jun  2 10:43:03 UTC 2026
Cache sync 47 at Tue Jun  2 10:43:03 UTC 2026
Cache sync 48 at Tue Jun  2 10:43:03 UTC 2026
Cache sync 49 at Tue Jun  2 10:43:03 UTC 2026
Cache sync 50 at Tue Jun  2 10:43:03 UTC 2026
Cache sync 51 at Tue Jun  2 10:43:03 UTC 2026
Cache sync 52 at Tue Jun  2 10:43:03 UTC 2026
Cache sync 53 at Tue Jun  2 10:43:03 UTC 2026
Cache sync 54 at Tue Jun  2 10:43:03 UTC 2026
Cache sync 55 at Tue Jun  2 10:43:03 UTC 2026
Cache sync 56 at Tue Jun  2 10:43:03 UTC 2026
Cache sync 57 at Tue Jun  2 10:43:03 UTC 2026
Cache sync 58 at Tue Jun  2 10:43:03 UTC 2026
Cache sync 59 at Tue Jun  2 10:43:03 UTC 2026
Cache sync 60 at Tue Jun  2 10:43:03 UTC 2026
Cache sync 61 at Tue Jun  2 10:43:03 UTC 2026
Cache sync 62 at Tue Jun  2 10:43:03 UTC 2026
Cache sync 63 at Tue Jun  2 10:43:03 UTC 2026
Cache sync 64 at Tue Jun  2 10:43:03 UTC 2026
Cache sync 1 at Tue Jun  2 16:40:13 UTC 2026
Cache sync 2 at Tue Jun  2 16:40:13 UTC 2026
Cache sync 3 at Tue Jun  2 16:40:13 UTC 2026
Cache sync 4 at Tue Jun  2 16:40:13 UTC 2026
Cache sync 5 at Tue Jun  2 16:40:13 UTC 2026
Cache sync 6 at Tue Jun  2 16:40:13 UTC 2026
Cache sync 7 at Tue Jun  2 16:40:13 UTC 2026
Cache sync 8 at Tue Jun  2 16:40:13 UTC 2026
Cache sync 9 at Tue Jun  2 16:40:13 UTC 2026
Cache sync 10 at Tue Jun  2 16:40:13 UTC 2026
Cache sync 11 at Tue Jun  2 16:40:13 UTC 2026
Cache sync 12 at Tue Jun  2 16:40:13 UTC 2026
Cache sync 13 at Tue Jun  2 16:40:13 UTC 2026
Cache sync 14 at Tue Jun  2 16:40:13 UTC 2026
Cache sync 15 at Tue Jun  2 16:40:13 UTC 2026
Cache sync 16 at Tue Jun  2 16:40:13 UTC 2026
Cache sync 17 at Tue Jun  2 16:40:13 UTC 2026
Cache sync 18 at Tue Jun  2 16:40:13 UTC 2026
Cache sync 19 at Tue Jun  2 16:40:13 UTC 2026
Cache sync 20 at Tue Jun  2 16:40:13 UTC 2026
Cache sync 21 at Tue Jun  2 16:40:13 UTC 2026
Cache sync 22 at Tue Jun  2 16:40:13 UTC 2026
Cache sync 23 at Tue Jun  2 16:40:13 UTC 2026
Cache sync 24 at Tue Jun  2 16:40:13 UTC 2026
Cache sync 25 at Tue Jun  2 16:40:13 UTC 2026
Cache sync 26 at Tue Jun  2 16:40:13 UTC 2026
Cache sync 27 at Tue Jun  2 16:40:13 UTC 2026
Cache sync 28 at Tue Jun  2 16:40:13 UTC 2026
Cache sync 29 at Tue Jun  2 16:40:13 UTC 2026
Cache sync 30 at Tue Jun  2 16:40:13 UTC 2026
Cache sync 31 at Tue Jun  2 16:40:13 UTC 2026
Cache sync 32 at Tue Jun  2 16:40:13 UTC 2026
Cache sync 33 at Tue Jun  2 16:40:13 UTC 2026
Cache sync 34 at Tue Jun  2 16:40:13 UTC 2026
Cache sync 35 at Tue Jun  2 16:40:13 UTC 2026
Cache sync 36 at Tue Jun  2 16:40:13 UTC 2026
Cache sync 37 at Tue Jun  2 16:40:13 UTC 2026
Cache sync 38 at Tue Jun  2 16:40:13 UTC 2026
Cache sync 39 at Tue Jun  2 16:40:13 UTC 2026
Cache sync 1 at Wed Jun  3 04:39:26 UTC 2026
Cache sync 2 at Wed Jun  3 04:39:26 UTC 2026
Cache sync 3 at Wed Jun  3 04:39:26 UTC 2026
Cache sync 4 at Wed Jun  3 04:39:26 UTC 2026
Cache sync 5 at Wed Jun  3 04:39:26 UTC 2026
Cache sync 6 at Wed Jun  3 04:39:26 UTC 2026
Cache sync 7 at Wed Jun  3 04:39:26 UTC 2026
Cache sync 8 at Wed Jun  3 04:39:26 UTC 2026
Cache sync 9 at Wed Jun  3 04:39:26 UTC 2026
Cache sync 10 at Wed Jun  3 04:39:26 UTC 2026
Cache sync 11 at Wed Jun  3 04:39:26 UTC 2026
Cache sync 12 at Wed Jun  3 04:39:26 UTC 2026
Cache sync 13 at Wed Jun  3 04:39:26 UTC 2026
Cache sync 14 at Wed Jun  3 04:39:26 UTC 2026
Cache sync 15 at Wed Jun  3 04:39:26 UTC 2026
Cache sync 16 at Wed Jun  3 04:39:26 UTC 2026
Cache sync 17 at Wed Jun  3 04:39:26 UTC 2026
Cache sync 18 at Wed Jun  3 04:39:26 UTC 2026
Cache sync 19 at Wed Jun  3 04:39:26 UTC 2026
Cache sync 20 at Wed Jun  3 04:39:26 UTC 2026
Cache sync 21 at Wed Jun  3 04:39:26 UTC 2026
Cache sync 22 at Wed Jun  3 04:39:26 UTC 2026
Cache sync 23 at Wed Jun  3 04:39:26 UTC 2026
Cache sync 24 at Wed Jun  3 04:39:26 UTC 2026
Cache sync 25 at Wed Jun  3 04:39:26 UTC 2026
Cache sync 26 at Wed Jun  3 04:39:26 UTC 2026
Cache sync 27 at Wed Jun  3 04:39:26 UTC 2026
Cache sync 28 at Wed Jun  3 04:39:26 UTC 2026
Cache sync 29 at Wed Jun  3 04:39:26 UTC 2026
Cache sync 30 at Wed Jun  3 04:39:26 UTC 2026
Cache sync 31 at Wed Jun  3 04:39:26 UTC 2026
Cache sync 32 at Wed Jun  3 04:39:26 UTC 2026
Cache sync 33 at Wed Jun  3 04:39:26 UTC 2026
Cache sync 34 at Wed Jun  3 04:39:26 UTC 2026
Cache sync 35 at Wed Jun  3 04:39:26 UTC 2026
Cache sync 36 at Wed Jun  3 04:39:26 UTC 2026
Cache sync 37 at Wed Jun  3 04:39:26 UTC 2026
Cache sync 38 at Wed Jun  3 04:39:26 UTC 2026
Cache sync 39 at Wed Jun  3 04:39:26 UTC 2026
Cache sync 40 at Wed Jun  3 04:39:26 UTC 2026
Cache sync 41 at Wed Jun  3 04:39:26 UTC 2026
Cache sync 42 at Wed Jun  3 04:39:26 UTC 2026
Cache sync 43 at Wed Jun  3 04:39:26 UTC 2026
Cache sync 44 at Wed Jun  3 04:39:26 UTC 2026
Cache sync 45 at Wed Jun  3 04:39:26 UTC 2026
Cache sync 46 at Wed Jun  3 04:39:26 UTC 2026
Cache sync 47 at Wed Jun  3 04:39:26 UTC 2026
Cache sync 48 at Wed Jun  3 04:39:26 UTC 2026
Cache sync 49 at Wed Jun  3 04:39:26 UTC 2026
Cache sync 50 at Wed Jun  3 04:39:26 UTC 2026
Cache sync 51 at Wed Jun  3 04:39:26 UTC 2026
Cache sync 52 at Wed Jun  3 04:39:26 UTC 2026
Cache sync 53 at Wed Jun  3 04:39:26 UTC 2026
Cache sync 54 at Wed Jun  3 04:39:26 UTC 2026
Cache sync 55 at Wed Jun  3 04:39:26 UTC 2026
Cache sync 56 at Wed Jun  3 04:39:26 UTC 2026
Cache sync 57 at Wed Jun  3 04:39:26 UTC 2026
Cache sync 58 at Wed Jun  3 04:39:26 UTC 2026
Cache sync 59 at Wed Jun  3 04:39:26 UTC 2026
Cache sync 60 at Wed Jun  3 04:39:26 UTC 2026
Cache sync 61 at Wed Jun  3 04:39:26 UTC 2026
Cache sync 62 at Wed Jun  3 04:39:26 UTC 2026
Cache sync 63 at Wed Jun  3 04:39:26 UTC 2026
Cache sync 64 at Wed Jun  3 04:39:26 UTC 2026
Cache sync 65 at Wed Jun  3 04:39:26 UTC 2026
Cache sync 66 at Wed Jun  3 04:39:26 UTC 2026
Cache sync 67 at Wed Jun  3 04:39:26 UTC 2026
Cache sync 68 at Wed Jun  3 04:39:26 UTC 2026
Cache sync 69 at Wed Jun  3 04:39:26 UTC 2026
Cache sync 70 at Wed Jun  3 04:39:26 UTC 2026
Cache sync 71 at Wed Jun  3 04:39:26 UTC 2026
Cache sync 72 at Wed Jun  3 04:39:26 UTC 2026
Cache sync 73 at Wed Jun  3 04:39:26 UTC 2026
Cache sync 74 at Wed Jun  3 04:39:26 UTC 2026
Cache sync 75 at Wed Jun  3 04:39:26 UTC 2026
Cache sync 76 at Wed Jun  3 04:39:26 UTC 2026
Cache sync 77 at Wed Jun  3 04:39:26 UTC 2026
Cache sync 78 at Wed Jun  3 04:39:26 UTC 2026
Cache sync 1 at Wed Jun  3 11:06:34 UTC 2026
Cache sync 2 at Wed Jun  3 11:06:34 UTC 2026
Cache sync 3 at Wed Jun  3 11:06:34 UTC 2026
Cache sync 4 at Wed Jun  3 11:06:34 UTC 2026
Cache sync 5 at Wed Jun  3 11:06:34 UTC 2026
Cache sync 6 at Wed Jun  3 11:06:34 UTC 2026
Cache sync 7 at Wed Jun  3 11:06:34 UTC 2026
Cache sync 8 at Wed Jun  3 11:06:34 UTC 2026
Cache sync 9 at Wed Jun  3 11:06:34 UTC 2026
Cache sync 10 at Wed Jun  3 11:06:34 UTC 2026
Cache sync 11 at Wed Jun  3 11:06:34 UTC 2026
Cache sync 12 at Wed Jun  3 11:06:34 UTC 2026
Cache sync 13 at Wed Jun  3 11:06:34 UTC 2026
Cache sync 14 at Wed Jun  3 11:06:34 UTC 2026
Cache sync 15 at Wed Jun  3 11:06:34 UTC 2026
Cache sync 1 at Wed Jun  3 16:57:11 UTC 2026
Cache sync 2 at Wed Jun  3 16:57:11 UTC 2026
Cache sync 3 at Wed Jun  3 16:57:11 UTC 2026
Cache sync 4 at Wed Jun  3 16:57:11 UTC 2026
Cache sync 5 at Wed Jun  3 16:57:11 UTC 2026
Cache sync 6 at Wed Jun  3 16:57:11 UTC 2026
Cache sync 7 at Wed Jun  3 16:57:11 UTC 2026
Cache sync 8 at Wed Jun  3 16:57:11 UTC 2026
Cache sync 9 at Wed Jun  3 16:57:11 UTC 2026
Cache sync 10 at Wed Jun  3 16:57:11 UTC 2026
Cache sync 11 at Wed Jun  3 16:57:11 UTC 2026
Cache sync 12 at Wed Jun  3 16:57:11 UTC 2026
Cache sync 13 at Wed Jun  3 16:57:11 UTC 2026
Cache sync 14 at Wed Jun  3 16:57:11 UTC 2026
Cache sync 15 at Wed Jun  3 16:57:11 UTC 2026
Cache sync 16 at Wed Jun  3 16:57:11 UTC 2026
Cache sync 17 at Wed Jun  3 16:57:11 UTC 2026
Cache sync 18 at Wed Jun  3 16:57:11 UTC 2026
Cache sync 19 at Wed Jun  3 16:57:11 UTC 2026
Cache sync 20 at Wed Jun  3 16:57:11 UTC 2026
Cache sync 21 at Wed Jun  3 16:57:11 UTC 2026
Cache sync 22 at Wed Jun  3 16:57:11 UTC 2026
Cache sync 23 at Wed Jun  3 16:57:11 UTC 2026
Cache sync 24 at Wed Jun  3 16:57:11 UTC 2026
Cache sync 25 at Wed Jun  3 16:57:11 UTC 2026
Cache sync 26 at Wed Jun  3 16:57:11 UTC 2026
Cache sync 27 at Wed Jun  3 16:57:11 UTC 2026
Cache sync 28 at Wed Jun  3 16:57:11 UTC 2026
Cache sync 29 at Wed Jun  3 16:57:11 UTC 2026
Cache sync 30 at Wed Jun  3 16:57:11 UTC 2026
Cache sync 31 at Wed Jun  3 16:57:11 UTC 2026
Cache sync 32 at Wed Jun  3 16:57:11 UTC 2026
Cache sync 33 at Wed Jun  3 16:57:11 UTC 2026
Cache sync 34 at Wed Jun  3 16:57:11 UTC 2026
Cache sync 35 at Wed Jun  3 16:57:11 UTC 2026
Cache sync 36 at Wed Jun  3 16:57:11 UTC 2026
Cache sync 37 at Wed Jun  3 16:57:11 UTC 2026
Cache sync 38 at Wed Jun  3 16:57:11 UTC 2026
Cache sync 39 at Wed Jun  3 16:57:11 UTC 2026
Cache sync 40 at Wed Jun  3 16:57:11 UTC 2026
Cache sync 41 at Wed Jun  3 16:57:11 UTC 2026
Cache sync 42 at Wed Jun  3 16:57:11 UTC 2026
Cache sync 43 at Wed Jun  3 16:57:11 UTC 2026
Cache sync 44 at Wed Jun  3 16:57:11 UTC 2026
Cache sync 45 at Wed Jun  3 16:57:12 UTC 2026
Cache sync 46 at Wed Jun  3 16:57:12 UTC 2026
Cache sync 47 at Wed Jun  3 16:57:12 UTC 2026
Cache sync 48 at Wed Jun  3 16:57:12 UTC 2026
Cache sync 49 at Wed Jun  3 16:57:12 UTC 2026
Cache sync 50 at Wed Jun  3 16:57:12 UTC 2026
Cache sync 51 at Wed Jun  3 16:57:12 UTC 2026
Cache sync 52 at Wed Jun  3 16:57:12 UTC 2026
Cache sync 53 at Wed Jun  3 16:57:12 UTC 2026
Cache sync 54 at Wed Jun  3 16:57:12 UTC 2026
Cache sync 55 at Wed Jun  3 16:57:12 UTC 2026
Cache sync 56 at Wed Jun  3 16:57:12 UTC 2026
Cache sync 57 at Wed Jun  3 16:57:12 UTC 2026
Cache sync 58 at Wed Jun  3 16:57:12 UTC 2026
Cache sync 59 at Wed Jun  3 16:57:12 UTC 2026
Cache sync 60 at Wed Jun  3 16:57:12 UTC 2026
Cache sync 61 at Wed Jun  3 16:57:12 UTC 2026
Cache sync 62 at Wed Jun  3 16:57:12 UTC 2026
Cache sync 63 at Wed Jun  3 16:57:12 UTC 2026
Cache sync 64 at Wed Jun  3 16:57:12 UTC 2026
Cache sync 65 at Wed Jun  3 16:57:12 UTC 2026
Cache sync 66 at Wed Jun  3 16:57:12 UTC 2026
Cache sync 67 at Wed Jun  3 16:57:12 UTC 2026
Cache sync 68 at Wed Jun  3 16:57:12 UTC 2026
Cache sync 69 at Wed Jun  3 16:57:12 UTC 2026
Cache sync 70 at Wed Jun  3 16:57:12 UTC 2026
Cache sync 71 at Wed Jun  3 16:57:12 UTC 2026
Cache sync 72 at Wed Jun  3 16:57:12 UTC 2026
Cache sync 73 at Wed Jun  3 16:57:12 UTC 2026
Cache sync 74 at Wed Jun  3 16:57:12 UTC 2026
Cache sync 75 at Wed Jun  3 16:57:12 UTC 2026
Cache sync 1 at Wed Jun  3 21:19:14 UTC 2026
Cache sync 2 at Wed Jun  3 21:19:14 UTC 2026
Cache sync 3 at Wed Jun  3 21:19:14 UTC 2026
Cache sync 4 at Wed Jun  3 21:19:14 UTC 2026
Cache sync 5 at Wed Jun  3 21:19:14 UTC 2026
Cache sync 6 at Wed Jun  3 21:19:14 UTC 2026
Cache sync 7 at Wed Jun  3 21:19:14 UTC 2026
Cache sync 8 at Wed Jun  3 21:19:14 UTC 2026
Cache sync 9 at Wed Jun  3 21:19:14 UTC 2026
Cache sync 10 at Wed Jun  3 21:19:14 UTC 2026
Cache sync 11 at Wed Jun  3 21:19:15 UTC 2026
Cache sync 12 at Wed Jun  3 21:19:15 UTC 2026
Cache sync 13 at Wed Jun  3 21:19:15 UTC 2026
Cache sync 14 at Wed Jun  3 21:19:15 UTC 2026
Cache sync 15 at Wed Jun  3 21:19:15 UTC 2026
Cache sync 16 at Wed Jun  3 21:19:15 UTC 2026
Cache sync 17 at Wed Jun  3 21:19:15 UTC 2026
Cache sync 18 at Wed Jun  3 21:19:15 UTC 2026
Cache sync 19 at Wed Jun  3 21:19:15 UTC 2026
Cache sync 20 at Wed Jun  3 21:19:15 UTC 2026
Cache sync 21 at Wed Jun  3 21:19:15 UTC 2026
Cache sync 22 at Wed Jun  3 21:19:15 UTC 2026
Cache sync 23 at Wed Jun  3 21:19:15 UTC 2026
Cache sync 24 at Wed Jun  3 21:19:15 UTC 2026
Cache sync 25 at Wed Jun  3 21:19:15 UTC 2026
Cache sync 26 at Wed Jun  3 21:19:15 UTC 2026
Cache sync 27 at Wed Jun  3 21:19:15 UTC 2026
Cache sync 28 at Wed Jun  3 21:19:15 UTC 2026
Cache sync 29 at Wed Jun  3 21:19:15 UTC 2026
Cache sync 30 at Wed Jun  3 21:19:15 UTC 2026
Cache sync 31 at Wed Jun  3 21:19:15 UTC 2026
Cache sync 32 at Wed Jun  3 21:19:15 UTC 2026
Cache sync 33 at Wed Jun  3 21:19:15 UTC 2026
Cache sync 34 at Wed Jun  3 21:19:15 UTC 2026
Cache sync 35 at Wed Jun  3 21:19:15 UTC 2026
Cache sync 36 at Wed Jun  3 21:19:15 UTC 2026
Cache sync 37 at Wed Jun  3 21:19:15 UTC 2026
Cache sync 38 at Wed Jun  3 21:19:15 UTC 2026
Cache sync 39 at Wed Jun  3 21:19:15 UTC 2026
Cache sync 40 at Wed Jun  3 21:19:15 UTC 2026
Cache sync 41 at Wed Jun  3 21:19:15 UTC 2026
Cache sync 42 at Wed Jun  3 21:19:15 UTC 2026
Cache sync 43 at Wed Jun  3 21:19:15 UTC 2026
Cache sync 44 at Wed Jun  3 21:19:15 UTC 2026
Cache sync 45 at Wed Jun  3 21:19:15 UTC 2026
Cache sync 46 at Wed Jun  3 21:19:15 UTC 2026
Cache sync 47 at Wed Jun  3 21:19:15 UTC 2026
Cache sync 48 at Wed Jun  3 21:19:15 UTC 2026
Cache sync 49 at Wed Jun  3 21:19:15 UTC 2026
Cache sync 50 at Wed Jun  3 21:19:15 UTC 2026
Cache sync 51 at Wed Jun  3 21:19:15 UTC 2026
Cache sync 52 at Wed Jun  3 21:19:15 UTC 2026
Cache sync 53 at Wed Jun  3 21:19:15 UTC 2026
Cache sync 54 at Wed Jun  3 21:19:15 UTC 2026
Cache sync 55 at Wed Jun  3 21:19:15 UTC 2026
Cache sync 56 at Wed Jun  3 21:19:15 UTC 2026
Cache sync 57 at Wed Jun  3 21:19:15 UTC 2026
Cache sync 58 at Wed Jun  3 21:19:15 UTC 2026
Cache sync 59 at Wed Jun  3 21:19:15 UTC 2026
Cache sync 60 at Wed Jun  3 21:19:15 UTC 2026
Cache sync 61 at Wed Jun  3 21:19:15 UTC 2026
Cache sync 62 at Wed Jun  3 21:19:15 UTC 2026
Cache sync 63 at Wed Jun  3 21:19:15 UTC 2026
Cache sync 64 at Wed Jun  3 21:19:15 UTC 2026
Cache sync 65 at Wed Jun  3 21:19:15 UTC 2026
Cache sync 66 at Wed Jun  3 21:19:15 UTC 2026
Cache sync 67 at Wed Jun  3 21:19:15 UTC 2026
Cache sync 68 at Wed Jun  3 21:19:15 UTC 2026
Cache sync 69 at Wed Jun  3 21:19:15 UTC 2026
Cache sync 1 at Thu Jun  4 04:23:53 UTC 2026
Cache sync 2 at Thu Jun  4 04:23:53 UTC 2026
Cache sync 3 at Thu Jun  4 04:23:53 UTC 2026
Cache sync 4 at Thu Jun  4 04:23:53 UTC 2026
Cache sync 5 at Thu Jun  4 04:23:53 UTC 2026
Cache sync 6 at Thu Jun  4 04:23:53 UTC 2026
Cache sync 7 at Thu Jun  4 04:23:53 UTC 2026
Cache sync 8 at Thu Jun  4 04:23:53 UTC 2026
Cache sync 9 at Thu Jun  4 04:23:53 UTC 2026
Cache sync 10 at Thu Jun  4 04:23:53 UTC 2026
Cache sync 11 at Thu Jun  4 04:23:53 UTC 2026
Cache sync 12 at Thu Jun  4 04:23:53 UTC 2026
Cache sync 13 at Thu Jun  4 04:23:53 UTC 2026
Cache sync 14 at Thu Jun  4 04:23:53 UTC 2026
Cache sync 15 at Thu Jun  4 04:23:53 UTC 2026
Cache sync 16 at Thu Jun  4 04:23:53 UTC 2026
Cache sync 17 at Thu Jun  4 04:23:53 UTC 2026
Cache sync 18 at Thu Jun  4 04:23:53 UTC 2026
Cache sync 19 at Thu Jun  4 04:23:53 UTC 2026
Cache sync 20 at Thu Jun  4 04:23:53 UTC 2026
Cache sync 21 at Thu Jun  4 04:23:53 UTC 2026
Cache sync 22 at Thu Jun  4 04:23:53 UTC 2026
Cache sync 23 at Thu Jun  4 04:23:53 UTC 2026
Cache sync 24 at Thu Jun  4 04:23:53 UTC 2026
Cache sync 25 at Thu Jun  4 04:23:53 UTC 2026
Cache sync 26 at Thu Jun  4 04:23:53 UTC 2026
Cache sync 27 at Thu Jun  4 04:23:54 UTC 2026
Cache sync 28 at Thu Jun  4 04:23:54 UTC 2026
Cache sync 29 at Thu Jun  4 04:23:54 UTC 2026
Cache sync 30 at Thu Jun  4 04:23:54 UTC 2026
Cache sync 31 at Thu Jun  4 04:23:54 UTC 2026
Cache sync 32 at Thu Jun  4 04:23:54 UTC 2026
Cache sync 33 at Thu Jun  4 04:23:54 UTC 2026
Cache sync 34 at Thu Jun  4 04:23:54 UTC 2026
Cache sync 35 at Thu Jun  4 04:23:54 UTC 2026
Cache sync 36 at Thu Jun  4 04:23:54 UTC 2026
Cache sync 37 at Thu Jun  4 04:23:54 UTC 2026
Cache sync 38 at Thu Jun  4 04:23:54 UTC 2026
Cache sync 39 at Thu Jun  4 04:23:54 UTC 2026
Cache sync 40 at Thu Jun  4 04:23:54 UTC 2026
Cache sync 41 at Thu Jun  4 04:23:54 UTC 2026
Cache sync 42 at Thu Jun  4 04:23:54 UTC 2026
Cache sync 43 at Thu Jun  4 04:23:54 UTC 2026
Cache sync 44 at Thu Jun  4 04:23:54 UTC 2026
Cache sync 45 at Thu Jun  4 04:23:54 UTC 2026
Cache sync 46 at Thu Jun  4 04:23:54 UTC 2026
Cache sync 47 at Thu Jun  4 04:23:54 UTC 2026
Cache sync 48 at Thu Jun  4 04:23:54 UTC 2026
Cache sync 49 at Thu Jun  4 04:23:54 UTC 2026
Cache sync 50 at Thu Jun  4 04:23:54 UTC 2026
Cache sync 51 at Thu Jun  4 04:23:54 UTC 2026
Cache sync 52 at Thu Jun  4 04:23:54 UTC 2026
Cache sync 53 at Thu Jun  4 04:23:54 UTC 2026
Cache sync 54 at Thu Jun  4 04:23:54 UTC 2026
Cache sync 55 at Thu Jun  4 04:23:54 UTC 2026
Cache sync 56 at Thu Jun  4 04:23:54 UTC 2026
Cache sync 57 at Thu Jun  4 04:23:54 UTC 2026
Cache sync 58 at Thu Jun  4 04:23:54 UTC 2026
Cache sync 59 at Thu Jun  4 04:23:54 UTC 2026
Cache sync 60 at Thu Jun  4 04:23:54 UTC 2026
Cache sync 61 at Thu Jun  4 04:23:54 UTC 2026
Cache sync 62 at Thu Jun  4 04:23:54 UTC 2026
Cache sync 63 at Thu Jun  4 04:23:54 UTC 2026
Cache sync 64 at Thu Jun  4 04:23:54 UTC 2026
Cache sync 65 at Thu Jun  4 04:23:54 UTC 2026
Cache sync 66 at Thu Jun  4 04:23:54 UTC 2026
Cache sync 67 at Thu Jun  4 04:23:54 UTC 2026
Cache sync 68 at Thu Jun  4 04:23:54 UTC 2026
Cache sync 69 at Thu Jun  4 04:23:54 UTC 2026
Cache sync 70 at Thu Jun  4 04:23:54 UTC 2026
Cache sync 71 at Thu Jun  4 04:23:54 UTC 2026
Cache sync 72 at Thu Jun  4 04:23:54 UTC 2026
Cache sync 1 at Thu Jun  4 15:26:25 UTC 2026
Cache sync 2 at Thu Jun  4 15:26:25 UTC 2026
Cache sync 3 at Thu Jun  4 15:26:25 UTC 2026
Cache sync 4 at Thu Jun  4 15:26:25 UTC 2026
Cache sync 5 at Thu Jun  4 15:26:25 UTC 2026
Cache sync 6 at Thu Jun  4 15:26:25 UTC 2026
Cache sync 7 at Thu Jun  4 15:26:25 UTC 2026
Cache sync 8 at Thu Jun  4 15:26:25 UTC 2026
Cache sync 9 at Thu Jun  4 15:26:25 UTC 2026
Cache sync 10 at Thu Jun  4 15:26:25 UTC 2026
Cache sync 11 at Thu Jun  4 15:26:25 UTC 2026
Cache sync 12 at Thu Jun  4 15:26:25 UTC 2026
Cache sync 13 at Thu Jun  4 15:26:25 UTC 2026
Cache sync 14 at Thu Jun  4 15:26:25 UTC 2026
Cache sync 15 at Thu Jun  4 15:26:25 UTC 2026
Cache sync 16 at Thu Jun  4 15:26:25 UTC 2026
Cache sync 17 at Thu Jun  4 15:26:25 UTC 2026
Cache sync 18 at Thu Jun  4 15:26:25 UTC 2026
Cache sync 19 at Thu Jun  4 15:26:25 UTC 2026
Cache sync 20 at Thu Jun  4 15:26:25 UTC 2026
Cache sync 21 at Thu Jun  4 15:26:25 UTC 2026
Cache sync 22 at Thu Jun  4 15:26:25 UTC 2026
Cache sync 23 at Thu Jun  4 15:26:25 UTC 2026
Cache sync 24 at Thu Jun  4 15:26:25 UTC 2026
Cache sync 25 at Thu Jun  4 15:26:25 UTC 2026
Cache sync 26 at Thu Jun  4 15:26:25 UTC 2026
Cache sync 27 at Thu Jun  4 15:26:25 UTC 2026
Cache sync 28 at Thu Jun  4 15:26:25 UTC 2026
Cache sync 29 at Thu Jun  4 15:26:25 UTC 2026
Cache sync 30 at Thu Jun  4 15:26:25 UTC 2026
Cache sync 31 at Thu Jun  4 15:26:25 UTC 2026
Cache sync 32 at Thu Jun  4 15:26:25 UTC 2026
Cache sync 33 at Thu Jun  4 15:26:25 UTC 2026
Cache sync 34 at Thu Jun  4 15:26:25 UTC 2026
Cache sync 35 at Thu Jun  4 15:26:25 UTC 2026
Cache sync 36 at Thu Jun  4 15:26:25 UTC 2026
Cache sync 37 at Thu Jun  4 15:26:25 UTC 2026
Cache sync 38 at Thu Jun  4 15:26:25 UTC 2026
Cache sync 39 at Thu Jun  4 15:26:26 UTC 2026
Cache sync 40 at Thu Jun  4 15:26:26 UTC 2026
Cache sync 41 at Thu Jun  4 15:26:26 UTC 2026
Cache sync 42 at Thu Jun  4 15:26:26 UTC 2026
Cache sync 43 at Thu Jun  4 15:26:26 UTC 2026
Cache sync 44 at Thu Jun  4 15:26:26 UTC 2026
Cache sync 45 at Thu Jun  4 15:26:26 UTC 2026
Cache sync 46 at Thu Jun  4 15:26:26 UTC 2026
Cache sync 47 at Thu Jun  4 15:26:26 UTC 2026
Cache sync 48 at Thu Jun  4 15:26:26 UTC 2026
Cache sync 49 at Thu Jun  4 15:26:26 UTC 2026
Cache sync 50 at Thu Jun  4 15:26:26 UTC 2026
Cache sync 51 at Thu Jun  4 15:26:26 UTC 2026
Cache sync 52 at Thu Jun  4 15:26:26 UTC 2026
Cache sync 53 at Thu Jun  4 15:26:26 UTC 2026
Cache sync 54 at Thu Jun  4 15:26:26 UTC 2026
Cache sync 55 at Thu Jun  4 15:26:26 UTC 2026
Cache sync 56 at Thu Jun  4 15:26:26 UTC 2026
Cache sync 57 at Thu Jun  4 15:26:26 UTC 2026
Cache sync 58 at Thu Jun  4 15:26:26 UTC 2026
Cache sync 59 at Thu Jun  4 15:26:26 UTC 2026
Cache sync 60 at Thu Jun  4 15:26:26 UTC 2026
Cache sync 61 at Thu Jun  4 15:26:26 UTC 2026
Cache sync 62 at Thu Jun  4 15:26:26 UTC 2026
Cache sync 63 at Thu Jun  4 15:26:26 UTC 2026
Cache sync 1 at Thu Jun  4 20:09:34 UTC 2026
Cache sync 2 at Thu Jun  4 20:09:34 UTC 2026
Cache sync 3 at Thu Jun  4 20:09:34 UTC 2026
Cache sync 4 at Thu Jun  4 20:09:34 UTC 2026
Cache sync 5 at Thu Jun  4 20:09:34 UTC 2026
Cache sync 6 at Thu Jun  4 20:09:34 UTC 2026
Cache sync 7 at Thu Jun  4 20:09:34 UTC 2026
Cache sync 8 at Thu Jun  4 20:09:34 UTC 2026
Cache sync 9 at Thu Jun  4 20:09:34 UTC 2026
Cache sync 10 at Thu Jun  4 20:09:34 UTC 2026
Cache sync 11 at Thu Jun  4 20:09:34 UTC 2026
Cache sync 12 at Thu Jun  4 20:09:34 UTC 2026
Cache sync 13 at Thu Jun  4 20:09:34 UTC 2026
Cache sync 14 at Thu Jun  4 20:09:34 UTC 2026
Cache sync 15 at Thu Jun  4 20:09:34 UTC 2026
Cache sync 16 at Thu Jun  4 20:09:34 UTC 2026
Cache sync 17 at Thu Jun  4 20:09:34 UTC 2026
Cache sync 18 at Thu Jun  4 20:09:34 UTC 2026
Cache sync 19 at Thu Jun  4 20:09:34 UTC 2026
Cache sync 20 at Thu Jun  4 20:09:34 UTC 2026
Cache sync 21 at Thu Jun  4 20:09:34 UTC 2026
Cache sync 22 at Thu Jun  4 20:09:34 UTC 2026
Cache sync 23 at Thu Jun  4 20:09:34 UTC 2026
Cache sync 24 at Thu Jun  4 20:09:34 UTC 2026
Cache sync 25 at Thu Jun  4 20:09:34 UTC 2026
Cache sync 26 at Thu Jun  4 20:09:34 UTC 2026
Cache sync 27 at Thu Jun  4 20:09:34 UTC 2026
Cache sync 28 at Thu Jun  4 20:09:34 UTC 2026
Cache sync 29 at Thu Jun  4 20:09:34 UTC 2026
Cache sync 30 at Thu Jun  4 20:09:34 UTC 2026
Cache sync 31 at Thu Jun  4 20:09:34 UTC 2026
Cache sync 32 at Thu Jun  4 20:09:34 UTC 2026
Cache sync 33 at Thu Jun  4 20:09:34 UTC 2026
Cache sync 34 at Thu Jun  4 20:09:34 UTC 2026
Cache sync 35 at Thu Jun  4 20:09:34 UTC 2026
Cache sync 36 at Thu Jun  4 20:09:34 UTC 2026
Cache sync 37 at Thu Jun  4 20:09:34 UTC 2026
Cache sync 38 at Thu Jun  4 20:09:34 UTC 2026
Cache sync 39 at Thu Jun  4 20:09:34 UTC 2026
Cache sync 40 at Thu Jun  4 20:09:34 UTC 2026
Cache sync 41 at Thu Jun  4 20:09:34 UTC 2026
Cache sync 42 at Thu Jun  4 20:09:34 UTC 2026
Cache sync 43 at Thu Jun  4 20:09:34 UTC 2026
Cache sync 44 at Thu Jun  4 20:09:34 UTC 2026
Cache sync 45 at Thu Jun  4 20:09:34 UTC 2026
Cache sync 46 at Thu Jun  4 20:09:34 UTC 2026
Cache sync 47 at Thu Jun  4 20:09:34 UTC 2026
Cache sync 48 at Thu Jun  4 20:09:34 UTC 2026
Cache sync 49 at Thu Jun  4 20:09:34 UTC 2026
Cache sync 50 at Thu Jun  4 20:09:34 UTC 2026
Cache sync 51 at Thu Jun  4 20:09:34 UTC 2026
Cache sync 52 at Thu Jun  4 20:09:34 UTC 2026
Cache sync 53 at Thu Jun  4 20:09:35 UTC 2026
Cache sync 54 at Thu Jun  4 20:09:35 UTC 2026
Cache sync 55 at Thu Jun  4 20:09:35 UTC 2026
Cache sync 56 at Thu Jun  4 20:09:35 UTC 2026
Cache sync 57 at Thu Jun  4 20:09:35 UTC 2026
Cache sync 58 at Thu Jun  4 20:09:35 UTC 2026
Cache sync 59 at Thu Jun  4 20:09:35 UTC 2026
Cache sync 60 at Thu Jun  4 20:09:35 UTC 2026
Cache sync 61 at Thu Jun  4 20:09:35 UTC 2026
Cache sync 62 at Thu Jun  4 20:09:35 UTC 2026
Cache sync 63 at Thu Jun  4 20:09:35 UTC 2026
Cache sync 64 at Thu Jun  4 20:09:35 UTC 2026
Cache sync 65 at Thu Jun  4 20:09:35 UTC 2026
Cache sync 66 at Thu Jun  4 20:09:35 UTC 2026
Cache sync 67 at Thu Jun  4 20:09:35 UTC 2026
Cache sync 68 at Thu Jun  4 20:09:35 UTC 2026
Cache sync 69 at Thu Jun  4 20:09:35 UTC 2026
Cache sync 70 at Thu Jun  4 20:09:35 UTC 2026
Cache sync 71 at Thu Jun  4 20:09:35 UTC 2026
Cache sync 72 at Thu Jun  4 20:09:35 UTC 2026
Cache sync 73 at Thu Jun  4 20:09:35 UTC 2026
Cache sync 74 at Thu Jun  4 20:09:35 UTC 2026
Cache sync 75 at Thu Jun  4 20:09:35 UTC 2026
Cache sync 76 at Thu Jun  4 20:09:35 UTC 2026
Cache sync 77 at Thu Jun  4 20:09:35 UTC 2026
Cache sync 78 at Thu Jun  4 20:09:35 UTC 2026
Cache sync 79 at Thu Jun  4 20:09:35 UTC 2026
Cache sync 80 at Thu Jun  4 20:09:35 UTC 2026
Cache sync 81 at Thu Jun  4 20:09:35 UTC 2026
Cache sync 1 at Fri Jun  5 15:12:32 UTC 2026
Cache sync 2 at Fri Jun  5 15:12:32 UTC 2026
Cache sync 3 at Fri Jun  5 15:12:32 UTC 2026
Cache sync 4 at Fri Jun  5 15:12:32 UTC 2026
Cache sync 5 at Fri Jun  5 15:12:32 UTC 2026
Cache sync 6 at Fri Jun  5 15:12:32 UTC 2026
Cache sync 7 at Fri Jun  5 15:12:32 UTC 2026
Cache sync 8 at Fri Jun  5 15:12:32 UTC 2026
Cache sync 9 at Fri Jun  5 15:12:32 UTC 2026
Cache sync 10 at Fri Jun  5 15:12:32 UTC 2026
Cache sync 11 at Fri Jun  5 15:12:32 UTC 2026
Cache sync 12 at Fri Jun  5 15:12:32 UTC 2026
Cache sync 13 at Fri Jun  5 15:12:32 UTC 2026
Cache sync 14 at Fri Jun  5 15:12:32 UTC 2026
Cache sync 15 at Fri Jun  5 15:12:32 UTC 2026
Cache sync 16 at Fri Jun  5 15:12:32 UTC 2026
Cache sync 17 at Fri Jun  5 15:12:32 UTC 2026
Cache sync 18 at Fri Jun  5 15:12:32 UTC 2026
Cache sync 19 at Fri Jun  5 15:12:32 UTC 2026
Cache sync 20 at Fri Jun  5 15:12:32 UTC 2026
Cache sync 21 at Fri Jun  5 15:12:32 UTC 2026
Cache sync 22 at Fri Jun  5 15:12:32 UTC 2026
Cache sync 23 at Fri Jun  5 15:12:32 UTC 2026
Cache sync 1 at Sat Jun  6 03:51:16 UTC 2026
Cache sync 2 at Sat Jun  6 03:51:16 UTC 2026
Cache sync 3 at Sat Jun  6 03:51:16 UTC 2026
Cache sync 4 at Sat Jun  6 03:51:16 UTC 2026
Cache sync 5 at Sat Jun  6 03:51:16 UTC 2026
Cache sync 6 at Sat Jun  6 03:51:16 UTC 2026
Cache sync 7 at Sat Jun  6 03:51:16 UTC 2026
Cache sync 8 at Sat Jun  6 03:51:16 UTC 2026
Cache sync 9 at Sat Jun  6 03:51:16 UTC 2026
Cache sync 10 at Sat Jun  6 03:51:16 UTC 2026
Cache sync 11 at Sat Jun  6 03:51:16 UTC 2026
Cache sync 12 at Sat Jun  6 03:51:16 UTC 2026
Cache sync 13 at Sat Jun  6 03:51:16 UTC 2026
Cache sync 14 at Sat Jun  6 03:51:16 UTC 2026
Cache sync 15 at Sat Jun  6 03:51:16 UTC 2026
Cache sync 16 at Sat Jun  6 03:51:17 UTC 2026
Cache sync 17 at Sat Jun  6 03:51:17 UTC 2026
Cache sync 18 at Sat Jun  6 03:51:17 UTC 2026
Cache sync 19 at Sat Jun  6 03:51:17 UTC 2026
Cache sync 1 at Sat Jun  6 08:38:27 UTC 2026
Cache sync 2 at Sat Jun  6 08:38:27 UTC 2026
Cache sync 3 at Sat Jun  6 08:38:27 UTC 2026
Cache sync 4 at Sat Jun  6 08:38:27 UTC 2026
Cache sync 5 at Sat Jun  6 08:38:27 UTC 2026
Cache sync 6 at Sat Jun  6 08:38:27 UTC 2026
Cache sync 7 at Sat Jun  6 08:38:27 UTC 2026
Cache sync 8 at Sat Jun  6 08:38:27 UTC 2026
Cache sync 9 at Sat Jun  6 08:38:27 UTC 2026
Cache sync 10 at Sat Jun  6 08:38:27 UTC 2026
Cache sync 11 at Sat Jun  6 08:38:27 UTC 2026
Cache sync 12 at Sat Jun  6 08:38:27 UTC 2026
Cache sync 13 at Sat Jun  6 08:38:27 UTC 2026
Cache sync 14 at Sat Jun  6 08:38:27 UTC 2026
Cache sync 15 at Sat Jun  6 08:38:27 UTC 2026
Cache sync 16 at Sat Jun  6 08:38:27 UTC 2026
Cache sync 17 at Sat Jun  6 08:38:27 UTC 2026
Cache sync 18 at Sat Jun  6 08:38:27 UTC 2026
Cache sync 19 at Sat Jun  6 08:38:27 UTC 2026
Cache sync 20 at Sat Jun  6 08:38:27 UTC 2026
Cache sync 21 at Sat Jun  6 08:38:27 UTC 2026
Cache sync 22 at Sat Jun  6 08:38:27 UTC 2026
Cache sync 23 at Sat Jun  6 08:38:27 UTC 2026
Cache sync 24 at Sat Jun  6 08:38:27 UTC 2026
Cache sync 25 at Sat Jun  6 08:38:27 UTC 2026
Cache sync 26 at Sat Jun  6 08:38:27 UTC 2026
Cache sync 27 at Sat Jun  6 08:38:27 UTC 2026
Cache sync 28 at Sat Jun  6 08:38:27 UTC 2026
Cache sync 29 at Sat Jun  6 08:38:27 UTC 2026
Cache sync 30 at Sat Jun  6 08:38:27 UTC 2026
Cache sync 31 at Sat Jun  6 08:38:27 UTC 2026
Cache sync 32 at Sat Jun  6 08:38:27 UTC 2026
Cache sync 33 at Sat Jun  6 08:38:27 UTC 2026
Cache sync 34 at Sat Jun  6 08:38:27 UTC 2026
Cache sync 35 at Sat Jun  6 08:38:27 UTC 2026
Cache sync 36 at Sat Jun  6 08:38:27 UTC 2026
Cache sync 37 at Sat Jun  6 08:38:27 UTC 2026
Cache sync 38 at Sat Jun  6 08:38:27 UTC 2026
Cache sync 39 at Sat Jun  6 08:38:27 UTC 2026
Cache sync 40 at Sat Jun  6 08:38:27 UTC 2026
Cache sync 41 at Sat Jun  6 08:38:27 UTC 2026
Cache sync 42 at Sat Jun  6 08:38:27 UTC 2026
Cache sync 43 at Sat Jun  6 08:38:27 UTC 2026
Cache sync 44 at Sat Jun  6 08:38:27 UTC 2026
Cache sync 45 at Sat Jun  6 08:38:27 UTC 2026
Cache sync 46 at Sat Jun  6 08:38:27 UTC 2026
Cache sync 47 at Sat Jun  6 08:38:27 UTC 2026
Cache sync 48 at Sat Jun  6 08:38:27 UTC 2026
Cache sync 49 at Sat Jun  6 08:38:27 UTC 2026
Cache sync 50 at Sat Jun  6 08:38:27 UTC 2026
Cache sync 51 at Sat Jun  6 08:38:27 UTC 2026
Cache sync 52 at Sat Jun  6 08:38:27 UTC 2026
Cache sync 53 at Sat Jun  6 08:38:27 UTC 2026
Cache sync 54 at Sat Jun  6 08:38:27 UTC 2026
Cache sync 55 at Sat Jun  6 08:38:27 UTC 2026
Cache sync 56 at Sat Jun  6 08:38:27 UTC 2026
Cache sync 57 at Sat Jun  6 08:38:27 UTC 2026
Cache sync 58 at Sat Jun  6 08:38:28 UTC 2026
Cache sync 59 at Sat Jun  6 08:38:28 UTC 2026
Cache sync 60 at Sat Jun  6 08:38:28 UTC 2026
Cache sync 1 at Sat Jun  6 13:51:24 UTC 2026
Cache sync 1 at Sat Jun  6 19:37:23 UTC 2026
Cache sync 2 at Sat Jun  6 19:37:23 UTC 2026
Cache sync 3 at Sat Jun  6 19:37:23 UTC 2026
Cache sync 4 at Sat Jun  6 19:37:23 UTC 2026
Cache sync 5 at Sat Jun  6 19:37:23 UTC 2026
Cache sync 6 at Sat Jun  6 19:37:23 UTC 2026
Cache sync 7 at Sat Jun  6 19:37:23 UTC 2026
Cache sync 8 at Sat Jun  6 19:37:23 UTC 2026
Cache sync 9 at Sat Jun  6 19:37:23 UTC 2026
Cache sync 10 at Sat Jun  6 19:37:23 UTC 2026
Cache sync 11 at Sat Jun  6 19:37:23 UTC 2026
Cache sync 12 at Sat Jun  6 19:37:23 UTC 2026
Cache sync 13 at Sat Jun  6 19:37:23 UTC 2026
Cache sync 14 at Sat Jun  6 19:37:23 UTC 2026
Cache sync 15 at Sat Jun  6 19:37:23 UTC 2026
Cache sync 16 at Sat Jun  6 19:37:23 UTC 2026
Cache sync 17 at Sat Jun  6 19:37:23 UTC 2026
Cache sync 18 at Sat Jun  6 19:37:23 UTC 2026
Cache sync 19 at Sat Jun  6 19:37:23 UTC 2026
Cache sync 20 at Sat Jun  6 19:37:23 UTC 2026
Cache sync 21 at Sat Jun  6 19:37:23 UTC 2026
Cache sync 22 at Sat Jun  6 19:37:23 UTC 2026
Cache sync 23 at Sat Jun  6 19:37:23 UTC 2026
Cache sync 24 at Sat Jun  6 19:37:23 UTC 2026
Cache sync 25 at Sat Jun  6 19:37:23 UTC 2026
Cache sync 26 at Sat Jun  6 19:37:23 UTC 2026
Cache sync 27 at Sat Jun  6 19:37:23 UTC 2026
Cache sync 28 at Sat Jun  6 19:37:23 UTC 2026
Cache sync 29 at Sat Jun  6 19:37:23 UTC 2026
Cache sync 30 at Sat Jun  6 19:37:23 UTC 2026
Cache sync 31 at Sat Jun  6 19:37:23 UTC 2026
Cache sync 32 at Sat Jun  6 19:37:23 UTC 2026
Cache sync 33 at Sat Jun  6 19:37:23 UTC 2026
Cache sync 34 at Sat Jun  6 19:37:23 UTC 2026
Cache sync 35 at Sat Jun  6 19:37:23 UTC 2026
Cache sync 36 at Sat Jun  6 19:37:23 UTC 2026
Cache sync 37 at Sat Jun  6 19:37:23 UTC 2026
Cache sync 38 at Sat Jun  6 19:37:23 UTC 2026
Cache sync 39 at Sat Jun  6 19:37:23 UTC 2026
Cache sync 40 at Sat Jun  6 19:37:23 UTC 2026
Cache sync 41 at Sat Jun  6 19:37:23 UTC 2026
Cache sync 42 at Sat Jun  6 19:37:23 UTC 2026
Cache sync 43 at Sat Jun  6 19:37:23 UTC 2026
Cache sync 44 at Sat Jun  6 19:37:23 UTC 2026
Cache sync 45 at Sat Jun  6 19:37:23 UTC 2026
Cache sync 46 at Sat Jun  6 19:37:23 UTC 2026
Cache sync 47 at Sat Jun  6 19:37:23 UTC 2026
Cache sync 48 at Sat Jun  6 19:37:23 UTC 2026
Cache sync 49 at Sat Jun  6 19:37:23 UTC 2026
Cache sync 50 at Sat Jun  6 19:37:23 UTC 2026
Cache sync 51 at Sat Jun  6 19:37:23 UTC 2026
Cache sync 52 at Sat Jun  6 19:37:23 UTC 2026
Cache sync 53 at Sat Jun  6 19:37:23 UTC 2026
Cache sync 54 at Sat Jun  6 19:37:23 UTC 2026
Cache sync 55 at Sat Jun  6 19:37:23 UTC 2026
Cache sync 56 at Sat Jun  6 19:37:23 UTC 2026
Cache sync 57 at Sat Jun  6 19:37:23 UTC 2026
Cache sync 58 at Sat Jun  6 19:37:23 UTC 2026
Cache sync 59 at Sat Jun  6 19:37:23 UTC 2026
Cache sync 60 at Sat Jun  6 19:37:24 UTC 2026
Cache sync 61 at Sat Jun  6 19:37:24 UTC 2026
Cache sync 62 at Sat Jun  6 19:37:24 UTC 2026
Cache sync 63 at Sat Jun  6 19:37:24 UTC 2026
Cache sync 64 at Sat Jun  6 19:37:24 UTC 2026
Cache sync 65 at Sat Jun  6 19:37:24 UTC 2026
Cache sync 66 at Sat Jun  6 19:37:24 UTC 2026
Cache sync 67 at Sat Jun  6 19:37:24 UTC 2026
Cache sync 68 at Sat Jun  6 19:37:24 UTC 2026
Cache sync 69 at Sat Jun  6 19:37:24 UTC 2026
Cache sync 70 at Sat Jun  6 19:37:24 UTC 2026
Cache sync 71 at Sat Jun  6 19:37:24 UTC 2026
Cache sync 72 at Sat Jun  6 19:37:24 UTC 2026
Cache sync 73 at Sat Jun  6 19:37:24 UTC 2026
Cache sync 74 at Sat Jun  6 19:37:24 UTC 2026
Cache sync 75 at Sat Jun  6 19:37:24 UTC 2026
Cache sync 76 at Sat Jun  6 19:37:24 UTC 2026
Cache sync 77 at Sat Jun  6 19:37:24 UTC 2026
Cache sync 1 at Sun Jun  7 04:17:19 UTC 2026
Cache sync 2 at Sun Jun  7 04:17:19 UTC 2026
Cache sync 3 at Sun Jun  7 04:17:19 UTC 2026
Cache sync 4 at Sun Jun  7 04:17:19 UTC 2026
Cache sync 5 at Sun Jun  7 04:17:19 UTC 2026
Cache sync 6 at Sun Jun  7 04:17:19 UTC 2026
Cache sync 7 at Sun Jun  7 04:17:19 UTC 2026
Cache sync 8 at Sun Jun  7 04:17:19 UTC 2026
Cache sync 9 at Sun Jun  7 04:17:19 UTC 2026
Cache sync 10 at Sun Jun  7 04:17:19 UTC 2026
Cache sync 11 at Sun Jun  7 04:17:19 UTC 2026
Cache sync 12 at Sun Jun  7 04:17:19 UTC 2026
Cache sync 13 at Sun Jun  7 04:17:19 UTC 2026
Cache sync 14 at Sun Jun  7 04:17:19 UTC 2026
Cache sync 1 at Sun Jun  7 09:19:28 UTC 2026
Cache sync 2 at Sun Jun  7 09:19:28 UTC 2026
Cache sync 3 at Sun Jun  7 09:19:28 UTC 2026
Cache sync 4 at Sun Jun  7 09:19:28 UTC 2026
Cache sync 5 at Sun Jun  7 09:19:28 UTC 2026
Cache sync 6 at Sun Jun  7 09:19:29 UTC 2026
Cache sync 7 at Sun Jun  7 09:19:29 UTC 2026
Cache sync 8 at Sun Jun  7 09:19:29 UTC 2026
Cache sync 9 at Sun Jun  7 09:19:29 UTC 2026
Cache sync 10 at Sun Jun  7 09:19:29 UTC 2026
Cache sync 11 at Sun Jun  7 09:19:29 UTC 2026
Cache sync 12 at Sun Jun  7 09:19:29 UTC 2026
Cache sync 13 at Sun Jun  7 09:19:29 UTC 2026
Cache sync 14 at Sun Jun  7 09:19:29 UTC 2026
Cache sync 15 at Sun Jun  7 09:19:29 UTC 2026
Cache sync 16 at Sun Jun  7 09:19:29 UTC 2026
Cache sync 17 at Sun Jun  7 09:19:29 UTC 2026
Cache sync 18 at Sun Jun  7 09:19:29 UTC 2026
Cache sync 19 at Sun Jun  7 09:19:29 UTC 2026
Cache sync 20 at Sun Jun  7 09:19:29 UTC 2026
Cache sync 21 at Sun Jun  7 09:19:29 UTC 2026
Cache sync 22 at Sun Jun  7 09:19:29 UTC 2026
Cache sync 23 at Sun Jun  7 09:19:29 UTC 2026
Cache sync 24 at Sun Jun  7 09:19:29 UTC 2026
Cache sync 25 at Sun Jun  7 09:19:29 UTC 2026
Cache sync 26 at Sun Jun  7 09:19:29 UTC 2026
Cache sync 27 at Sun Jun  7 09:19:29 UTC 2026
Cache sync 28 at Sun Jun  7 09:19:29 UTC 2026
Cache sync 29 at Sun Jun  7 09:19:29 UTC 2026
Cache sync 30 at Sun Jun  7 09:19:29 UTC 2026
Cache sync 31 at Sun Jun  7 09:19:29 UTC 2026
Cache sync 32 at Sun Jun  7 09:19:29 UTC 2026
Cache sync 33 at Sun Jun  7 09:19:29 UTC 2026
Cache sync 34 at Sun Jun  7 09:19:29 UTC 2026
Cache sync 35 at Sun Jun  7 09:19:29 UTC 2026
Cache sync 36 at Sun Jun  7 09:19:29 UTC 2026
Cache sync 37 at Sun Jun  7 09:19:29 UTC 2026
Cache sync 38 at Sun Jun  7 09:19:29 UTC 2026
Cache sync 39 at Sun Jun  7 09:19:29 UTC 2026
Cache sync 40 at Sun Jun  7 09:19:29 UTC 2026
Cache sync 41 at Sun Jun  7 09:19:29 UTC 2026
Cache sync 42 at Sun Jun  7 09:19:29 UTC 2026
Cache sync 43 at Sun Jun  7 09:19:29 UTC 2026
Cache sync 44 at Sun Jun  7 09:19:29 UTC 2026
Cache sync 45 at Sun Jun  7 09:19:29 UTC 2026
Cache sync 46 at Sun Jun  7 09:19:29 UTC 2026
Cache sync 47 at Sun Jun  7 09:19:29 UTC 2026
Cache sync 48 at Sun Jun  7 09:19:29 UTC 2026
Cache sync 49 at Sun Jun  7 09:19:29 UTC 2026
Cache sync 50 at Sun Jun  7 09:19:29 UTC 2026
Cache sync 51 at Sun Jun  7 09:19:29 UTC 2026
Cache sync 52 at Sun Jun  7 09:19:29 UTC 2026
Cache sync 53 at Sun Jun  7 09:19:29 UTC 2026
Cache sync 54 at Sun Jun  7 09:19:29 UTC 2026
Cache sync 1 at Sun Jun  7 14:01:34 UTC 2026
Cache sync 2 at Sun Jun  7 14:01:34 UTC 2026
Cache sync 3 at Sun Jun  7 14:01:34 UTC 2026
Cache sync 4 at Sun Jun  7 14:01:34 UTC 2026
Cache sync 5 at Sun Jun  7 14:01:34 UTC 2026
Cache sync 6 at Sun Jun  7 14:01:34 UTC 2026
Cache sync 7 at Sun Jun  7 14:01:34 UTC 2026
Cache sync 8 at Sun Jun  7 14:01:34 UTC 2026
Cache sync 9 at Sun Jun  7 14:01:34 UTC 2026
Cache sync 10 at Sun Jun  7 14:01:34 UTC 2026
Cache sync 11 at Sun Jun  7 14:01:34 UTC 2026
Cache sync 12 at Sun Jun  7 14:01:34 UTC 2026
Cache sync 13 at Sun Jun  7 14:01:34 UTC 2026
Cache sync 14 at Sun Jun  7 14:01:34 UTC 2026
Cache sync 15 at Sun Jun  7 14:01:34 UTC 2026
Cache sync 16 at Sun Jun  7 14:01:34 UTC 2026
Cache sync 17 at Sun Jun  7 14:01:34 UTC 2026
Cache sync 18 at Sun Jun  7 14:01:34 UTC 2026
Cache sync 19 at Sun Jun  7 14:01:34 UTC 2026
Cache sync 20 at Sun Jun  7 14:01:34 UTC 2026
Cache sync 21 at Sun Jun  7 14:01:34 UTC 2026
Cache sync 22 at Sun Jun  7 14:01:34 UTC 2026
Cache sync 23 at Sun Jun  7 14:01:34 UTC 2026
Cache sync 24 at Sun Jun  7 14:01:34 UTC 2026
Cache sync 25 at Sun Jun  7 14:01:34 UTC 2026
Cache sync 26 at Sun Jun  7 14:01:34 UTC 2026
Cache sync 27 at Sun Jun  7 14:01:34 UTC 2026
Cache sync 28 at Sun Jun  7 14:01:34 UTC 2026
Cache sync 29 at Sun Jun  7 14:01:35 UTC 2026
Cache sync 30 at Sun Jun  7 14:01:35 UTC 2026
Cache sync 31 at Sun Jun  7 14:01:35 UTC 2026
Cache sync 32 at Sun Jun  7 14:01:35 UTC 2026
Cache sync 33 at Sun Jun  7 14:01:35 UTC 2026
Cache sync 34 at Sun Jun  7 14:01:35 UTC 2026
Cache sync 35 at Sun Jun  7 14:01:35 UTC 2026
Cache sync 36 at Sun Jun  7 14:01:35 UTC 2026
Cache sync 37 at Sun Jun  7 14:01:35 UTC 2026
Cache sync 38 at Sun Jun  7 14:01:35 UTC 2026
Cache sync 39 at Sun Jun  7 14:01:35 UTC 2026
Cache sync 40 at Sun Jun  7 14:01:35 UTC 2026
Cache sync 41 at Sun Jun  7 14:01:35 UTC 2026
Cache sync 42 at Sun Jun  7 14:01:35 UTC 2026
Cache sync 43 at Sun Jun  7 14:01:35 UTC 2026
Cache sync 44 at Sun Jun  7 14:01:35 UTC 2026
Cache sync 45 at Sun Jun  7 14:01:35 UTC 2026
Cache sync 46 at Sun Jun  7 14:01:35 UTC 2026
Cache sync 47 at Sun Jun  7 14:01:35 UTC 2026
Cache sync 48 at Sun Jun  7 14:01:35 UTC 2026
Cache sync 49 at Sun Jun  7 14:01:35 UTC 2026
Cache sync 50 at Sun Jun  7 14:01:35 UTC 2026
Cache sync 51 at Sun Jun  7 14:01:35 UTC 2026
Cache sync 52 at Sun Jun  7 14:01:35 UTC 2026
Cache sync 53 at Sun Jun  7 14:01:35 UTC 2026
Cache sync 54 at Sun Jun  7 14:01:35 UTC 2026
Cache sync 55 at Sun Jun  7 14:01:35 UTC 2026
Cache sync 56 at Sun Jun  7 14:01:35 UTC 2026
Cache sync 57 at Sun Jun  7 14:01:35 UTC 2026
Cache sync 58 at Sun Jun  7 14:01:35 UTC 2026
Cache sync 59 at Sun Jun  7 14:01:35 UTC 2026
Cache sync 60 at Sun Jun  7 14:01:35 UTC 2026
Cache sync 61 at Sun Jun  7 14:01:35 UTC 2026
Cache sync 62 at Sun Jun  7 14:01:35 UTC 2026
Cache sync 63 at Sun Jun  7 14:01:35 UTC 2026
Cache sync 64 at Sun Jun  7 14:01:35 UTC 2026
Cache sync 65 at Sun Jun  7 14:01:35 UTC 2026
Cache sync 66 at Sun Jun  7 14:01:35 UTC 2026
Cache sync 67 at Sun Jun  7 14:01:35 UTC 2026
Cache sync 68 at Sun Jun  7 14:01:35 UTC 2026
Cache sync 69 at Sun Jun  7 14:01:35 UTC 2026
Cache sync 70 at Sun Jun  7 14:01:35 UTC 2026
Cache sync 71 at Sun Jun  7 14:01:36 UTC 2026
Cache sync 72 at Sun Jun  7 14:01:36 UTC 2026
Cache sync 73 at Sun Jun  7 14:01:36 UTC 2026
Cache sync 74 at Sun Jun  7 14:01:36 UTC 2026
Cache sync 75 at Sun Jun  7 14:01:36 UTC 2026
Cache sync 76 at Sun Jun  7 14:01:36 UTC 2026
Cache sync 77 at Sun Jun  7 14:01:36 UTC 2026
Cache sync 78 at Sun Jun  7 14:01:36 UTC 2026
Cache sync 79 at Sun Jun  7 14:01:36 UTC 2026
Cache sync 1 at Sun Jun  7 19:37:53 UTC 2026
Cache sync 2 at Sun Jun  7 19:37:53 UTC 2026
Cache sync 3 at Sun Jun  7 19:37:53 UTC 2026
Cache sync 4 at Sun Jun  7 19:37:53 UTC 2026
Cache sync 5 at Sun Jun  7 19:37:53 UTC 2026
Cache sync 6 at Sun Jun  7 19:37:53 UTC 2026
Cache sync 7 at Sun Jun  7 19:37:53 UTC 2026
Cache sync 8 at Sun Jun  7 19:37:53 UTC 2026
Cache sync 9 at Sun Jun  7 19:37:53 UTC 2026
Cache sync 10 at Sun Jun  7 19:37:53 UTC 2026
Cache sync 11 at Sun Jun  7 19:37:53 UTC 2026
Cache sync 12 at Sun Jun  7 19:37:53 UTC 2026
Cache sync 13 at Sun Jun  7 19:37:53 UTC 2026
Cache sync 14 at Sun Jun  7 19:37:53 UTC 2026
Cache sync 15 at Sun Jun  7 19:37:53 UTC 2026
Cache sync 16 at Sun Jun  7 19:37:53 UTC 2026
Cache sync 17 at Sun Jun  7 19:37:53 UTC 2026
Cache sync 18 at Sun Jun  7 19:37:53 UTC 2026
Cache sync 19 at Sun Jun  7 19:37:53 UTC 2026
Cache sync 20 at Sun Jun  7 19:37:53 UTC 2026
Cache sync 21 at Sun Jun  7 19:37:53 UTC 2026
Cache sync 22 at Sun Jun  7 19:37:53 UTC 2026
Cache sync 23 at Sun Jun  7 19:37:53 UTC 2026
Cache sync 24 at Sun Jun  7 19:37:53 UTC 2026
Cache sync 25 at Sun Jun  7 19:37:53 UTC 2026
Cache sync 26 at Sun Jun  7 19:37:53 UTC 2026
Cache sync 27 at Sun Jun  7 19:37:53 UTC 2026
Cache sync 28 at Sun Jun  7 19:37:53 UTC 2026
Cache sync 29 at Sun Jun  7 19:37:53 UTC 2026
Cache sync 30 at Sun Jun  7 19:37:53 UTC 2026
Cache sync 31 at Sun Jun  7 19:37:53 UTC 2026
Cache sync 32 at Sun Jun  7 19:37:53 UTC 2026
Cache sync 33 at Sun Jun  7 19:37:53 UTC 2026
Cache sync 34 at Sun Jun  7 19:37:53 UTC 2026
Cache sync 35 at Sun Jun  7 19:37:54 UTC 2026
Cache sync 36 at Sun Jun  7 19:37:54 UTC 2026
Cache sync 37 at Sun Jun  7 19:37:54 UTC 2026
Cache sync 38 at Sun Jun  7 19:37:54 UTC 2026
Cache sync 39 at Sun Jun  7 19:37:54 UTC 2026
Cache sync 40 at Sun Jun  7 19:37:54 UTC 2026
Cache sync 41 at Sun Jun  7 19:37:54 UTC 2026
Cache sync 42 at Sun Jun  7 19:37:54 UTC 2026
Cache sync 43 at Sun Jun  7 19:37:54 UTC 2026
Cache sync 44 at Sun Jun  7 19:37:54 UTC 2026
Cache sync 45 at Sun Jun  7 19:37:54 UTC 2026
Cache sync 46 at Sun Jun  7 19:37:54 UTC 2026
Cache sync 47 at Sun Jun  7 19:37:54 UTC 2026
Cache sync 48 at Sun Jun  7 19:37:54 UTC 2026
Cache sync 49 at Sun Jun  7 19:37:54 UTC 2026
Cache sync 50 at Sun Jun  7 19:37:54 UTC 2026
Cache sync 1 at Mon Jun  8 04:21:50 UTC 2026
Cache sync 2 at Mon Jun  8 04:21:50 UTC 2026
Cache sync 3 at Mon Jun  8 04:21:50 UTC 2026
Cache sync 4 at Mon Jun  8 04:21:50 UTC 2026
Cache sync 5 at Mon Jun  8 04:21:51 UTC 2026
Cache sync 6 at Mon Jun  8 04:21:51 UTC 2026
Cache sync 7 at Mon Jun  8 04:21:51 UTC 2026
Cache sync 8 at Mon Jun  8 04:21:51 UTC 2026
Cache sync 9 at Mon Jun  8 04:21:51 UTC 2026
Cache sync 10 at Mon Jun  8 04:21:51 UTC 2026
Cache sync 11 at Mon Jun  8 04:21:51 UTC 2026
Cache sync 12 at Mon Jun  8 04:21:51 UTC 2026
Cache sync 13 at Mon Jun  8 04:21:51 UTC 2026
Cache sync 14 at Mon Jun  8 04:21:51 UTC 2026
Cache sync 15 at Mon Jun  8 04:21:51 UTC 2026
Cache sync 16 at Mon Jun  8 04:21:51 UTC 2026
Cache sync 17 at Mon Jun  8 04:21:51 UTC 2026
Cache sync 18 at Mon Jun  8 04:21:51 UTC 2026
Cache sync 19 at Mon Jun  8 04:21:51 UTC 2026
Cache sync 20 at Mon Jun  8 04:21:51 UTC 2026
Cache sync 21 at Mon Jun  8 04:21:51 UTC 2026
Cache sync 22 at Mon Jun  8 04:21:51 UTC 2026
Cache sync 23 at Mon Jun  8 04:21:51 UTC 2026
Cache sync 24 at Mon Jun  8 04:21:51 UTC 2026
Cache sync 25 at Mon Jun  8 04:21:51 UTC 2026
Cache sync 26 at Mon Jun  8 04:21:51 UTC 2026
Cache sync 27 at Mon Jun  8 04:21:51 UTC 2026
Cache sync 28 at Mon Jun  8 04:21:51 UTC 2026
Cache sync 29 at Mon Jun  8 04:21:51 UTC 2026
Cache sync 30 at Mon Jun  8 04:21:51 UTC 2026
Cache sync 31 at Mon Jun  8 04:21:51 UTC 2026
Cache sync 32 at Mon Jun  8 04:21:51 UTC 2026
Cache sync 33 at Mon Jun  8 04:21:51 UTC 2026
Cache sync 34 at Mon Jun  8 04:21:51 UTC 2026
Cache sync 35 at Mon Jun  8 04:21:51 UTC 2026
Cache sync 36 at Mon Jun  8 04:21:51 UTC 2026
Cache sync 37 at Mon Jun  8 04:21:51 UTC 2026
Cache sync 38 at Mon Jun  8 04:21:51 UTC 2026
Cache sync 39 at Mon Jun  8 04:21:51 UTC 2026
Cache sync 40 at Mon Jun  8 04:21:51 UTC 2026
Cache sync 41 at Mon Jun  8 04:21:51 UTC 2026
Cache sync 42 at Mon Jun  8 04:21:51 UTC 2026
Cache sync 43 at Mon Jun  8 04:21:51 UTC 2026
Cache sync 44 at Mon Jun  8 04:21:51 UTC 2026
Cache sync 45 at Mon Jun  8 04:21:51 UTC 2026
Cache sync 46 at Mon Jun  8 04:21:51 UTC 2026
Cache sync 47 at Mon Jun  8 04:21:51 UTC 2026
Cache sync 48 at Mon Jun  8 04:21:51 UTC 2026
Cache sync 49 at Mon Jun  8 04:21:51 UTC 2026
Cache sync 50 at Mon Jun  8 04:21:51 UTC 2026
Cache sync 51 at Mon Jun  8 04:21:51 UTC 2026
Cache sync 52 at Mon Jun  8 04:21:51 UTC 2026
Cache sync 53 at Mon Jun  8 04:21:51 UTC 2026
Cache sync 54 at Mon Jun  8 04:21:51 UTC 2026
Cache sync 55 at Mon Jun  8 04:21:51 UTC 2026
Cache sync 56 at Mon Jun  8 04:21:51 UTC 2026
Cache sync 57 at Mon Jun  8 04:21:51 UTC 2026
Cache sync 58 at Mon Jun  8 04:21:51 UTC 2026
Cache sync 59 at Mon Jun  8 04:21:51 UTC 2026
Cache sync 60 at Mon Jun  8 04:21:51 UTC 2026
Cache sync 61 at Mon Jun  8 04:21:51 UTC 2026
Cache sync 62 at Mon Jun  8 04:21:51 UTC 2026
Cache sync 63 at Mon Jun  8 04:21:51 UTC 2026
Cache sync 64 at Mon Jun  8 04:21:51 UTC 2026
Cache sync 65 at Mon Jun  8 04:21:51 UTC 2026
Cache sync 1 at Mon Jun  8 11:03:20 UTC 2026
Cache sync 2 at Mon Jun  8 11:03:20 UTC 2026
Cache sync 3 at Mon Jun  8 11:03:20 UTC 2026
Cache sync 4 at Mon Jun  8 11:03:20 UTC 2026
Cache sync 5 at Mon Jun  8 11:03:20 UTC 2026
Cache sync 6 at Mon Jun  8 11:03:20 UTC 2026
Cache sync 7 at Mon Jun  8 11:03:20 UTC 2026
Cache sync 8 at Mon Jun  8 11:03:20 UTC 2026
Cache sync 9 at Mon Jun  8 11:03:20 UTC 2026
Cache sync 10 at Mon Jun  8 11:03:20 UTC 2026
Cache sync 11 at Mon Jun  8 11:03:20 UTC 2026
Cache sync 12 at Mon Jun  8 11:03:20 UTC 2026
Cache sync 13 at Mon Jun  8 11:03:20 UTC 2026
Cache sync 14 at Mon Jun  8 11:03:20 UTC 2026
Cache sync 15 at Mon Jun  8 11:03:20 UTC 2026
Cache sync 16 at Mon Jun  8 11:03:20 UTC 2026
Cache sync 17 at Mon Jun  8 11:03:20 UTC 2026
Cache sync 18 at Mon Jun  8 11:03:20 UTC 2026
Cache sync 19 at Mon Jun  8 11:03:20 UTC 2026
Cache sync 20 at Mon Jun  8 11:03:20 UTC 2026
Cache sync 21 at Mon Jun  8 11:03:20 UTC 2026
Cache sync 22 at Mon Jun  8 11:03:20 UTC 2026
Cache sync 23 at Mon Jun  8 11:03:20 UTC 2026
Cache sync 24 at Mon Jun  8 11:03:20 UTC 2026
Cache sync 25 at Mon Jun  8 11:03:20 UTC 2026
Cache sync 26 at Mon Jun  8 11:03:20 UTC 2026
Cache sync 27 at Mon Jun  8 11:03:20 UTC 2026
Cache sync 28 at Mon Jun  8 11:03:20 UTC 2026
Cache sync 29 at Mon Jun  8 11:03:20 UTC 2026
Cache sync 30 at Mon Jun  8 11:03:20 UTC 2026
Cache sync 31 at Mon Jun  8 11:03:20 UTC 2026
Cache sync 32 at Mon Jun  8 11:03:20 UTC 2026
Cache sync 33 at Mon Jun  8 11:03:20 UTC 2026
Cache sync 34 at Mon Jun  8 11:03:20 UTC 2026
Cache sync 35 at Mon Jun  8 11:03:20 UTC 2026
Cache sync 36 at Mon Jun  8 11:03:20 UTC 2026
Cache sync 37 at Mon Jun  8 11:03:20 UTC 2026
Cache sync 38 at Mon Jun  8 11:03:20 UTC 2026
Cache sync 39 at Mon Jun  8 11:03:20 UTC 2026
Cache sync 40 at Mon Jun  8 11:03:20 UTC 2026
Cache sync 41 at Mon Jun  8 11:03:20 UTC 2026
Cache sync 42 at Mon Jun  8 11:03:20 UTC 2026
Cache sync 43 at Mon Jun  8 11:03:20 UTC 2026
Cache sync 44 at Mon Jun  8 11:03:20 UTC 2026
Cache sync 45 at Mon Jun  8 11:03:20 UTC 2026
Cache sync 46 at Mon Jun  8 11:03:20 UTC 2026
Cache sync 47 at Mon Jun  8 11:03:20 UTC 2026
Cache sync 48 at Mon Jun  8 11:03:20 UTC 2026
Cache sync 49 at Mon Jun  8 11:03:20 UTC 2026
Cache sync 50 at Mon Jun  8 11:03:20 UTC 2026
Cache sync 51 at Mon Jun  8 11:03:20 UTC 2026
Cache sync 52 at Mon Jun  8 11:03:20 UTC 2026
Cache sync 53 at Mon Jun  8 11:03:20 UTC 2026
Cache sync 54 at Mon Jun  8 11:03:20 UTC 2026
Cache sync 55 at Mon Jun  8 11:03:20 UTC 2026
Cache sync 56 at Mon Jun  8 11:03:20 UTC 2026
Cache sync 57 at Mon Jun  8 11:03:20 UTC 2026
Cache sync 58 at Mon Jun  8 11:03:20 UTC 2026
Cache sync 59 at Mon Jun  8 11:03:20 UTC 2026
Cache sync 60 at Mon Jun  8 11:03:20 UTC 2026
Cache sync 61 at Mon Jun  8 11:03:20 UTC 2026
Cache sync 62 at Mon Jun  8 11:03:20 UTC 2026
Cache sync 63 at Mon Jun  8 11:03:20 UTC 2026
Cache sync 64 at Mon Jun  8 11:03:20 UTC 2026
Cache sync 65 at Mon Jun  8 11:03:21 UTC 2026
Cache sync 66 at Mon Jun  8 11:03:21 UTC 2026
Cache sync 1 at Mon Jun  8 15:59:26 UTC 2026
Cache sync 2 at Mon Jun  8 15:59:26 UTC 2026
Cache sync 3 at Mon Jun  8 15:59:26 UTC 2026
Cache sync 4 at Mon Jun  8 15:59:26 UTC 2026
Cache sync 5 at Mon Jun  8 15:59:26 UTC 2026
Cache sync 6 at Mon Jun  8 15:59:26 UTC 2026
Cache sync 7 at Mon Jun  8 15:59:27 UTC 2026
Cache sync 8 at Mon Jun  8 15:59:27 UTC 2026
Cache sync 9 at Mon Jun  8 15:59:27 UTC 2026
Cache sync 10 at Mon Jun  8 15:59:27 UTC 2026
Cache sync 11 at Mon Jun  8 15:59:27 UTC 2026
Cache sync 12 at Mon Jun  8 15:59:27 UTC 2026
Cache sync 13 at Mon Jun  8 15:59:27 UTC 2026
Cache sync 14 at Mon Jun  8 15:59:27 UTC 2026
Cache sync 15 at Mon Jun  8 15:59:27 UTC 2026
Cache sync 16 at Mon Jun  8 15:59:27 UTC 2026
Cache sync 17 at Mon Jun  8 15:59:27 UTC 2026
Cache sync 18 at Mon Jun  8 15:59:27 UTC 2026
Cache sync 19 at Mon Jun  8 15:59:27 UTC 2026
Cache sync 20 at Mon Jun  8 15:59:27 UTC 2026
Cache sync 21 at Mon Jun  8 15:59:27 UTC 2026
Cache sync 22 at Mon Jun  8 15:59:27 UTC 2026
Cache sync 23 at Mon Jun  8 15:59:27 UTC 2026
Cache sync 24 at Mon Jun  8 15:59:27 UTC 2026
Cache sync 25 at Mon Jun  8 15:59:27 UTC 2026
Cache sync 26 at Mon Jun  8 15:59:27 UTC 2026
Cache sync 27 at Mon Jun  8 15:59:27 UTC 2026
Cache sync 28 at Mon Jun  8 15:59:27 UTC 2026
Cache sync 1 at Mon Jun  8 20:23:08 UTC 2026
Cache sync 2 at Mon Jun  8 20:23:08 UTC 2026
Cache sync 3 at Mon Jun  8 20:23:08 UTC 2026
Cache sync 4 at Mon Jun  8 20:23:08 UTC 2026
Cache sync 5 at Mon Jun  8 20:23:08 UTC 2026
Cache sync 6 at Mon Jun  8 20:23:08 UTC 2026
Cache sync 7 at Mon Jun  8 20:23:08 UTC 2026
Cache sync 8 at Mon Jun  8 20:23:08 UTC 2026
Cache sync 9 at Mon Jun  8 20:23:08 UTC 2026
Cache sync 10 at Mon Jun  8 20:23:08 UTC 2026
Cache sync 11 at Mon Jun  8 20:23:08 UTC 2026
Cache sync 12 at Mon Jun  8 20:23:08 UTC 2026
Cache sync 13 at Mon Jun  8 20:23:08 UTC 2026
Cache sync 14 at Mon Jun  8 20:23:08 UTC 2026
Cache sync 15 at Mon Jun  8 20:23:08 UTC 2026
Cache sync 16 at Mon Jun  8 20:23:08 UTC 2026
Cache sync 17 at Mon Jun  8 20:23:08 UTC 2026
Cache sync 18 at Mon Jun  8 20:23:08 UTC 2026
Cache sync 19 at Mon Jun  8 20:23:08 UTC 2026
Cache sync 20 at Mon Jun  8 20:23:08 UTC 2026
Cache sync 21 at Mon Jun  8 20:23:09 UTC 2026
Cache sync 22 at Mon Jun  8 20:23:09 UTC 2026
Cache sync 23 at Mon Jun  8 20:23:09 UTC 2026
Cache sync 24 at Mon Jun  8 20:23:09 UTC 2026
Cache sync 25 at Mon Jun  8 20:23:09 UTC 2026
Cache sync 26 at Mon Jun  8 20:23:09 UTC 2026
Cache sync 27 at Mon Jun  8 20:23:09 UTC 2026
Cache sync 28 at Mon Jun  8 20:23:09 UTC 2026
Cache sync 29 at Mon Jun  8 20:23:09 UTC 2026
Cache sync 30 at Mon Jun  8 20:23:09 UTC 2026
Cache sync 31 at Mon Jun  8 20:23:09 UTC 2026
Cache sync 32 at Mon Jun  8 20:23:09 UTC 2026
Cache sync 33 at Mon Jun  8 20:23:09 UTC 2026
Cache sync 34 at Mon Jun  8 20:23:09 UTC 2026
Cache sync 35 at Mon Jun  8 20:23:09 UTC 2026
Cache sync 36 at Mon Jun  8 20:23:09 UTC 2026
Cache sync 37 at Mon Jun  8 20:23:09 UTC 2026
Cache sync 38 at Mon Jun  8 20:23:09 UTC 2026
Cache sync 39 at Mon Jun  8 20:23:09 UTC 2026
Cache sync 40 at Mon Jun  8 20:23:09 UTC 2026
Cache sync 41 at Mon Jun  8 20:23:09 UTC 2026
Cache sync 42 at Mon Jun  8 20:23:09 UTC 2026
Cache sync 43 at Mon Jun  8 20:23:09 UTC 2026
Cache sync 44 at Mon Jun  8 20:23:09 UTC 2026
Cache sync 45 at Mon Jun  8 20:23:09 UTC 2026
Cache sync 46 at Mon Jun  8 20:23:09 UTC 2026
Cache sync 47 at Mon Jun  8 20:23:09 UTC 2026
Cache sync 48 at Mon Jun  8 20:23:09 UTC 2026
Cache sync 49 at Mon Jun  8 20:23:09 UTC 2026
Cache sync 50 at Mon Jun  8 20:23:09 UTC 2026
Cache sync 51 at Mon Jun  8 20:23:09 UTC 2026
Cache sync 52 at Mon Jun  8 20:23:09 UTC 2026
Cache sync 1 at Tue Jun  9 03:52:55 UTC 2026
Cache sync 2 at Tue Jun  9 03:52:55 UTC 2026
Cache sync 3 at Tue Jun  9 03:52:55 UTC 2026
Cache sync 4 at Tue Jun  9 03:52:55 UTC 2026
Cache sync 5 at Tue Jun  9 03:52:55 UTC 2026
Cache sync 6 at Tue Jun  9 03:52:55 UTC 2026
Cache sync 7 at Tue Jun  9 03:52:55 UTC 2026
Cache sync 8 at Tue Jun  9 03:52:55 UTC 2026
Cache sync 9 at Tue Jun  9 03:52:55 UTC 2026
Cache sync 10 at Tue Jun  9 03:52:55 UTC 2026
Cache sync 11 at Tue Jun  9 03:52:55 UTC 2026
Cache sync 12 at Tue Jun  9 03:52:55 UTC 2026
Cache sync 13 at Tue Jun  9 03:52:55 UTC 2026
Cache sync 14 at Tue Jun  9 03:52:55 UTC 2026
Cache sync 15 at Tue Jun  9 03:52:55 UTC 2026
Cache sync 16 at Tue Jun  9 03:52:56 UTC 2026
Cache sync 17 at Tue Jun  9 03:52:56 UTC 2026
Cache sync 18 at Tue Jun  9 03:52:56 UTC 2026
Cache sync 19 at Tue Jun  9 03:52:56 UTC 2026
Cache sync 20 at Tue Jun  9 03:52:56 UTC 2026
Cache sync 21 at Tue Jun  9 03:52:56 UTC 2026
Cache sync 22 at Tue Jun  9 03:52:56 UTC 2026
Cache sync 23 at Tue Jun  9 03:52:56 UTC 2026
Cache sync 24 at Tue Jun  9 03:52:56 UTC 2026
Cache sync 25 at Tue Jun  9 03:52:56 UTC 2026
Cache sync 26 at Tue Jun  9 03:52:56 UTC 2026
Cache sync 27 at Tue Jun  9 03:52:56 UTC 2026
Cache sync 28 at Tue Jun  9 03:52:56 UTC 2026
Cache sync 29 at Tue Jun  9 03:52:56 UTC 2026
Cache sync 30 at Tue Jun  9 03:52:56 UTC 2026
Cache sync 31 at Tue Jun  9 03:52:56 UTC 2026
Cache sync 32 at Tue Jun  9 03:52:56 UTC 2026
Cache sync 33 at Tue Jun  9 03:52:56 UTC 2026
Cache sync 34 at Tue Jun  9 03:52:56 UTC 2026
Cache sync 35 at Tue Jun  9 03:52:56 UTC 2026
Cache sync 36 at Tue Jun  9 03:52:56 UTC 2026
Cache sync 37 at Tue Jun  9 03:52:56 UTC 2026
Cache sync 38 at Tue Jun  9 03:52:56 UTC 2026
Cache sync 39 at Tue Jun  9 03:52:56 UTC 2026
Cache sync 40 at Tue Jun  9 03:52:56 UTC 2026
Cache sync 41 at Tue Jun  9 03:52:56 UTC 2026
Cache sync 42 at Tue Jun  9 03:52:56 UTC 2026
Cache sync 43 at Tue Jun  9 03:52:56 UTC 2026
Cache sync 44 at Tue Jun  9 03:52:56 UTC 2026
Cache sync 45 at Tue Jun  9 03:52:56 UTC 2026
Cache sync 46 at Tue Jun  9 03:52:56 UTC 2026
Cache sync 47 at Tue Jun  9 03:52:56 UTC 2026
Cache sync 48 at Tue Jun  9 03:52:56 UTC 2026
Cache sync 49 at Tue Jun  9 03:52:56 UTC 2026
Cache sync 50 at Tue Jun  9 03:52:56 UTC 2026
Cache sync 51 at Tue Jun  9 03:52:56 UTC 2026
Cache sync 52 at Tue Jun  9 03:52:56 UTC 2026
Cache sync 53 at Tue Jun  9 03:52:56 UTC 2026
Cache sync 54 at Tue Jun  9 03:52:56 UTC 2026
Cache sync 55 at Tue Jun  9 03:52:56 UTC 2026
Cache sync 56 at Tue Jun  9 03:52:56 UTC 2026
Cache sync 57 at Tue Jun  9 03:52:56 UTC 2026
Cache sync 58 at Tue Jun  9 03:52:56 UTC 2026
Cache sync 59 at Tue Jun  9 03:52:56 UTC 2026
Cache sync 60 at Tue Jun  9 03:52:56 UTC 2026
Cache sync 61 at Tue Jun  9 03:52:56 UTC 2026
Cache sync 62 at Tue Jun  9 03:52:56 UTC 2026
Cache sync 63 at Tue Jun  9 03:52:56 UTC 2026
Cache sync 64 at Tue Jun  9 03:52:56 UTC 2026
Cache sync 65 at Tue Jun  9 03:52:56 UTC 2026
Cache sync 66 at Tue Jun  9 03:52:56 UTC 2026
Cache sync 67 at Tue Jun  9 03:52:56 UTC 2026
Cache sync 68 at Tue Jun  9 03:52:56 UTC 2026
Cache sync 69 at Tue Jun  9 03:52:56 UTC 2026
Cache sync 70 at Tue Jun  9 03:52:56 UTC 2026
Cache sync 71 at Tue Jun  9 03:52:56 UTC 2026
Cache sync 72 at Tue Jun  9 03:52:56 UTC 2026
Cache sync 73 at Tue Jun  9 03:52:56 UTC 2026
Cache sync 74 at Tue Jun  9 03:52:56 UTC 2026
Cache sync 75 at Tue Jun  9 03:52:56 UTC 2026
Cache sync 76 at Tue Jun  9 03:52:56 UTC 2026
Cache sync 77 at Tue Jun  9 03:52:56 UTC 2026
Cache sync 78 at Tue Jun  9 03:52:56 UTC 2026
Cache sync 79 at Tue Jun  9 03:52:56 UTC 2026
Cache sync 80 at Tue Jun  9 03:52:56 UTC 2026
Cache sync 81 at Tue Jun  9 03:52:56 UTC 2026
Cache sync 82 at Tue Jun  9 03:52:56 UTC 2026
Cache sync 1 at Tue Jun  9 09:52:39 UTC 2026
Cache sync 2 at Tue Jun  9 09:52:39 UTC 2026
Cache sync 3 at Tue Jun  9 09:52:39 UTC 2026
Cache sync 4 at Tue Jun  9 09:52:39 UTC 2026
Cache sync 5 at Tue Jun  9 09:52:39 UTC 2026
Cache sync 6 at Tue Jun  9 09:52:39 UTC 2026
Cache sync 7 at Tue Jun  9 09:52:39 UTC 2026
Cache sync 8 at Tue Jun  9 09:52:39 UTC 2026
Cache sync 9 at Tue Jun  9 09:52:39 UTC 2026
Cache sync 10 at Tue Jun  9 09:52:39 UTC 2026
Cache sync 11 at Tue Jun  9 09:52:39 UTC 2026
Cache sync 12 at Tue Jun  9 09:52:39 UTC 2026
Cache sync 13 at Tue Jun  9 09:52:40 UTC 2026
Cache sync 14 at Tue Jun  9 09:52:40 UTC 2026
Cache sync 15 at Tue Jun  9 09:52:40 UTC 2026
Cache sync 16 at Tue Jun  9 09:52:40 UTC 2026
Cache sync 17 at Tue Jun  9 09:52:40 UTC 2026
Cache sync 18 at Tue Jun  9 09:52:40 UTC 2026
Cache sync 19 at Tue Jun  9 09:52:40 UTC 2026
Cache sync 20 at Tue Jun  9 09:52:40 UTC 2026
Cache sync 21 at Tue Jun  9 09:52:40 UTC 2026
Cache sync 22 at Tue Jun  9 09:52:40 UTC 2026
Cache sync 23 at Tue Jun  9 09:52:40 UTC 2026
Cache sync 24 at Tue Jun  9 09:52:40 UTC 2026
Cache sync 25 at Tue Jun  9 09:52:40 UTC 2026
Cache sync 26 at Tue Jun  9 09:52:40 UTC 2026
Cache sync 27 at Tue Jun  9 09:52:40 UTC 2026
Cache sync 28 at Tue Jun  9 09:52:40 UTC 2026
Cache sync 29 at Tue Jun  9 09:52:40 UTC 2026
Cache sync 30 at Tue Jun  9 09:52:40 UTC 2026
Cache sync 31 at Tue Jun  9 09:52:40 UTC 2026
Cache sync 32 at Tue Jun  9 09:52:40 UTC 2026
Cache sync 33 at Tue Jun  9 09:52:40 UTC 2026
Cache sync 34 at Tue Jun  9 09:52:40 UTC 2026
Cache sync 35 at Tue Jun  9 09:52:40 UTC 2026
Cache sync 36 at Tue Jun  9 09:52:40 UTC 2026
Cache sync 37 at Tue Jun  9 09:52:40 UTC 2026
Cache sync 38 at Tue Jun  9 09:52:40 UTC 2026
Cache sync 39 at Tue Jun  9 09:52:40 UTC 2026
Cache sync 40 at Tue Jun  9 09:52:40 UTC 2026
Cache sync 41 at Tue Jun  9 09:52:40 UTC 2026
Cache sync 42 at Tue Jun  9 09:52:40 UTC 2026
Cache sync 43 at Tue Jun  9 09:52:40 UTC 2026
Cache sync 44 at Tue Jun  9 09:52:40 UTC 2026
Cache sync 45 at Tue Jun  9 09:52:40 UTC 2026
Cache sync 46 at Tue Jun  9 09:52:40 UTC 2026
Cache sync 47 at Tue Jun  9 09:52:40 UTC 2026
Cache sync 48 at Tue Jun  9 09:52:40 UTC 2026
Cache sync 49 at Tue Jun  9 09:52:40 UTC 2026
Cache sync 50 at Tue Jun  9 09:52:40 UTC 2026
Cache sync 51 at Tue Jun  9 09:52:40 UTC 2026
Cache sync 52 at Tue Jun  9 09:52:40 UTC 2026
Cache sync 53 at Tue Jun  9 09:52:40 UTC 2026
Cache sync 54 at Tue Jun  9 09:52:40 UTC 2026
Cache sync 55 at Tue Jun  9 09:52:40 UTC 2026
Cache sync 56 at Tue Jun  9 09:52:40 UTC 2026
Cache sync 57 at Tue Jun  9 09:52:40 UTC 2026
Cache sync 58 at Tue Jun  9 09:52:40 UTC 2026
Cache sync 59 at Tue Jun  9 09:52:40 UTC 2026
Cache sync 60 at Tue Jun  9 09:52:40 UTC 2026
Cache sync 61 at Tue Jun  9 09:52:40 UTC 2026
Cache sync 62 at Tue Jun  9 09:52:40 UTC 2026
Cache sync 63 at Tue Jun  9 09:52:40 UTC 2026
Cache sync 64 at Tue Jun  9 09:52:40 UTC 2026
Cache sync 65 at Tue Jun  9 09:52:40 UTC 2026
Cache sync 66 at Tue Jun  9 09:52:40 UTC 2026
Cache sync 67 at Tue Jun  9 09:52:40 UTC 2026
Cache sync 68 at Tue Jun  9 09:52:40 UTC 2026
Cache sync 69 at Tue Jun  9 09:52:40 UTC 2026
Cache sync 70 at Tue Jun  9 09:52:40 UTC 2026
Cache sync 1 at Tue Jun  9 15:14:13 UTC 2026
Cache sync 2 at Tue Jun  9 15:14:13 UTC 2026
Cache sync 3 at Tue Jun  9 15:14:13 UTC 2026
Cache sync 4 at Tue Jun  9 15:14:13 UTC 2026
Cache sync 5 at Tue Jun  9 15:14:13 UTC 2026
Cache sync 6 at Tue Jun  9 15:14:13 UTC 2026
Cache sync 7 at Tue Jun  9 15:14:13 UTC 2026
Cache sync 8 at Tue Jun  9 15:14:14 UTC 2026
Cache sync 9 at Tue Jun  9 15:14:14 UTC 2026
Cache sync 10 at Tue Jun  9 15:14:14 UTC 2026
Cache sync 11 at Tue Jun  9 15:14:14 UTC 2026
Cache sync 12 at Tue Jun  9 15:14:14 UTC 2026
Cache sync 13 at Tue Jun  9 15:14:14 UTC 2026
Cache sync 14 at Tue Jun  9 15:14:14 UTC 2026
Cache sync 15 at Tue Jun  9 15:14:14 UTC 2026
Cache sync 16 at Tue Jun  9 15:14:14 UTC 2026
Cache sync 17 at Tue Jun  9 15:14:14 UTC 2026
Cache sync 18 at Tue Jun  9 15:14:14 UTC 2026
Cache sync 19 at Tue Jun  9 15:14:14 UTC 2026
Cache sync 20 at Tue Jun  9 15:14:14 UTC 2026
Cache sync 21 at Tue Jun  9 15:14:14 UTC 2026
Cache sync 22 at Tue Jun  9 15:14:14 UTC 2026
Cache sync 23 at Tue Jun  9 15:14:14 UTC 2026
Cache sync 24 at Tue Jun  9 15:14:14 UTC 2026
Cache sync 25 at Tue Jun  9 15:14:14 UTC 2026
Cache sync 26 at Tue Jun  9 15:14:14 UTC 2026
Cache sync 27 at Tue Jun  9 15:14:14 UTC 2026
Cache sync 28 at Tue Jun  9 15:14:14 UTC 2026
Cache sync 29 at Tue Jun  9 15:14:14 UTC 2026
Cache sync 30 at Tue Jun  9 15:14:14 UTC 2026
Cache sync 31 at Tue Jun  9 15:14:14 UTC 2026
Cache sync 32 at Tue Jun  9 15:14:14 UTC 2026
Cache sync 33 at Tue Jun  9 15:14:14 UTC 2026
Cache sync 34 at Tue Jun  9 15:14:14 UTC 2026
Cache sync 35 at Tue Jun  9 15:14:14 UTC 2026
Cache sync 36 at Tue Jun  9 15:14:14 UTC 2026
Cache sync 37 at Tue Jun  9 15:14:14 UTC 2026
Cache sync 38 at Tue Jun  9 15:14:14 UTC 2026
Cache sync 39 at Tue Jun  9 15:14:14 UTC 2026
Cache sync 40 at Tue Jun  9 15:14:14 UTC 2026
Cache sync 41 at Tue Jun  9 15:14:14 UTC 2026
Cache sync 42 at Tue Jun  9 15:14:14 UTC 2026
Cache sync 43 at Tue Jun  9 15:14:14 UTC 2026
Cache sync 44 at Tue Jun  9 15:14:14 UTC 2026
Cache sync 45 at Tue Jun  9 15:14:14 UTC 2026
Cache sync 46 at Tue Jun  9 15:14:14 UTC 2026
Cache sync 47 at Tue Jun  9 15:14:14 UTC 2026
Cache sync 48 at Tue Jun  9 15:14:14 UTC 2026
Cache sync 49 at Tue Jun  9 15:14:14 UTC 2026
Cache sync 50 at Tue Jun  9 15:14:14 UTC 2026
Cache sync 51 at Tue Jun  9 15:14:14 UTC 2026
Cache sync 52 at Tue Jun  9 15:14:14 UTC 2026
Cache sync 53 at Tue Jun  9 15:14:14 UTC 2026
Cache sync 54 at Tue Jun  9 15:14:14 UTC 2026
Cache sync 55 at Tue Jun  9 15:14:14 UTC 2026
Cache sync 56 at Tue Jun  9 15:14:14 UTC 2026
Cache sync 57 at Tue Jun  9 15:14:14 UTC 2026
Cache sync 58 at Tue Jun  9 15:14:14 UTC 2026
Cache sync 1 at Tue Jun  9 20:10:49 UTC 2026
Cache sync 2 at Tue Jun  9 20:10:49 UTC 2026
Cache sync 3 at Tue Jun  9 20:10:49 UTC 2026
Cache sync 4 at Tue Jun  9 20:10:49 UTC 2026
Cache sync 5 at Tue Jun  9 20:10:49 UTC 2026
Cache sync 6 at Tue Jun  9 20:10:49 UTC 2026
Cache sync 7 at Tue Jun  9 20:10:49 UTC 2026
Cache sync 8 at Tue Jun  9 20:10:49 UTC 2026
Cache sync 9 at Tue Jun  9 20:10:49 UTC 2026
Cache sync 10 at Tue Jun  9 20:10:49 UTC 2026
Cache sync 11 at Tue Jun  9 20:10:49 UTC 2026
Cache sync 12 at Tue Jun  9 20:10:49 UTC 2026
Cache sync 13 at Tue Jun  9 20:10:49 UTC 2026
Cache sync 14 at Tue Jun  9 20:10:49 UTC 2026
Cache sync 15 at Tue Jun  9 20:10:49 UTC 2026
Cache sync 16 at Tue Jun  9 20:10:49 UTC 2026
Cache sync 17 at Tue Jun  9 20:10:49 UTC 2026
Cache sync 18 at Tue Jun  9 20:10:49 UTC 2026
Cache sync 19 at Tue Jun  9 20:10:49 UTC 2026
Cache sync 20 at Tue Jun  9 20:10:49 UTC 2026
Cache sync 21 at Tue Jun  9 20:10:49 UTC 2026
Cache sync 22 at Tue Jun  9 20:10:49 UTC 2026
Cache sync 23 at Tue Jun  9 20:10:49 UTC 2026
Cache sync 24 at Tue Jun  9 20:10:49 UTC 2026
Cache sync 25 at Tue Jun  9 20:10:49 UTC 2026
Cache sync 26 at Tue Jun  9 20:10:49 UTC 2026
Cache sync 27 at Tue Jun  9 20:10:49 UTC 2026
Cache sync 28 at Tue Jun  9 20:10:49 UTC 2026
Cache sync 29 at Tue Jun  9 20:10:49 UTC 2026
Cache sync 30 at Tue Jun  9 20:10:49 UTC 2026
Cache sync 31 at Tue Jun  9 20:10:49 UTC 2026
Cache sync 32 at Tue Jun  9 20:10:49 UTC 2026
Cache sync 33 at Tue Jun  9 20:10:49 UTC 2026
Cache sync 34 at Tue Jun  9 20:10:49 UTC 2026
Cache sync 35 at Tue Jun  9 20:10:49 UTC 2026
Cache sync 36 at Tue Jun  9 20:10:49 UTC 2026
Cache sync 37 at Tue Jun  9 20:10:49 UTC 2026
Cache sync 38 at Tue Jun  9 20:10:49 UTC 2026
Cache sync 39 at Tue Jun  9 20:10:49 UTC 2026
Cache sync 40 at Tue Jun  9 20:10:49 UTC 2026
Cache sync 41 at Tue Jun  9 20:10:49 UTC 2026
Cache sync 42 at Tue Jun  9 20:10:49 UTC 2026
Cache sync 43 at Tue Jun  9 20:10:49 UTC 2026
Cache sync 44 at Tue Jun  9 20:10:49 UTC 2026
Cache sync 45 at Tue Jun  9 20:10:49 UTC 2026
Cache sync 46 at Tue Jun  9 20:10:49 UTC 2026
Cache sync 47 at Tue Jun  9 20:10:49 UTC 2026
Cache sync 48 at Tue Jun  9 20:10:49 UTC 2026
Cache sync 49 at Tue Jun  9 20:10:49 UTC 2026
Cache sync 50 at Tue Jun  9 20:10:49 UTC 2026
Cache sync 51 at Tue Jun  9 20:10:49 UTC 2026
Cache sync 52 at Tue Jun  9 20:10:49 UTC 2026
Cache sync 53 at Tue Jun  9 20:10:49 UTC 2026
Cache sync 54 at Tue Jun  9 20:10:49 UTC 2026
Cache sync 55 at Tue Jun  9 20:10:49 UTC 2026
Cache sync 56 at Tue Jun  9 20:10:49 UTC 2026
Cache sync 57 at Tue Jun  9 20:10:49 UTC 2026
Cache sync 58 at Tue Jun  9 20:10:49 UTC 2026
Cache sync 59 at Tue Jun  9 20:10:49 UTC 2026
Cache sync 60 at Tue Jun  9 20:10:49 UTC 2026
Cache sync 61 at Tue Jun  9 20:10:50 UTC 2026
Cache sync 62 at Tue Jun  9 20:10:50 UTC 2026
Cache sync 63 at Tue Jun  9 20:10:50 UTC 2026
Cache sync 64 at Tue Jun  9 20:10:50 UTC 2026
Cache sync 65 at Tue Jun  9 20:10:50 UTC 2026
Cache sync 1 at Wed Jun 10 10:09:16 UTC 2026
Cache sync 2 at Wed Jun 10 10:09:16 UTC 2026
Cache sync 3 at Wed Jun 10 10:09:16 UTC 2026
Cache sync 4 at Wed Jun 10 10:09:16 UTC 2026
Cache sync 5 at Wed Jun 10 10:09:16 UTC 2026
Cache sync 6 at Wed Jun 10 10:09:16 UTC 2026
Cache sync 7 at Wed Jun 10 10:09:16 UTC 2026
Cache sync 8 at Wed Jun 10 10:09:16 UTC 2026
Cache sync 9 at Wed Jun 10 10:09:16 UTC 2026
Cache sync 10 at Wed Jun 10 10:09:16 UTC 2026
Cache sync 11 at Wed Jun 10 10:09:16 UTC 2026
Cache sync 12 at Wed Jun 10 10:09:16 UTC 2026
Cache sync 13 at Wed Jun 10 10:09:16 UTC 2026
Cache sync 14 at Wed Jun 10 10:09:16 UTC 2026
Cache sync 15 at Wed Jun 10 10:09:16 UTC 2026
Cache sync 1 at Wed Jun 10 15:45:05 UTC 2026
Cache sync 2 at Wed Jun 10 15:45:05 UTC 2026
Cache sync 3 at Wed Jun 10 15:45:05 UTC 2026
Cache sync 4 at Wed Jun 10 15:45:05 UTC 2026
Cache sync 5 at Wed Jun 10 15:45:05 UTC 2026
Cache sync 6 at Wed Jun 10 15:45:05 UTC 2026
Cache sync 7 at Wed Jun 10 15:45:05 UTC 2026
Cache sync 8 at Wed Jun 10 15:45:05 UTC 2026
Cache sync 9 at Wed Jun 10 15:45:05 UTC 2026
Cache sync 10 at Wed Jun 10 15:45:05 UTC 2026
Cache sync 11 at Wed Jun 10 15:45:05 UTC 2026
Cache sync 12 at Wed Jun 10 15:45:05 UTC 2026
Cache sync 13 at Wed Jun 10 15:45:05 UTC 2026
Cache sync 14 at Wed Jun 10 15:45:05 UTC 2026
Cache sync 15 at Wed Jun 10 15:45:05 UTC 2026
Cache sync 16 at Wed Jun 10 15:45:05 UTC 2026
Cache sync 17 at Wed Jun 10 15:45:05 UTC 2026
Cache sync 18 at Wed Jun 10 15:45:05 UTC 2026
Cache sync 19 at Wed Jun 10 15:45:05 UTC 2026
Cache sync 20 at Wed Jun 10 15:45:05 UTC 2026
Cache sync 21 at Wed Jun 10 15:45:05 UTC 2026
Cache sync 22 at Wed Jun 10 15:45:05 UTC 2026
Cache sync 23 at Wed Jun 10 15:45:05 UTC 2026
Cache sync 24 at Wed Jun 10 15:45:05 UTC 2026
Cache sync 25 at Wed Jun 10 15:45:05 UTC 2026
Cache sync 26 at Wed Jun 10 15:45:05 UTC 2026
Cache sync 27 at Wed Jun 10 15:45:05 UTC 2026
Cache sync 28 at Wed Jun 10 15:45:05 UTC 2026
Cache sync 29 at Wed Jun 10 15:45:05 UTC 2026
Cache sync 30 at Wed Jun 10 15:45:05 UTC 2026
Cache sync 31 at Wed Jun 10 15:45:05 UTC 2026
Cache sync 32 at Wed Jun 10 15:45:05 UTC 2026
Cache sync 33 at Wed Jun 10 15:45:05 UTC 2026
Cache sync 34 at Wed Jun 10 15:45:05 UTC 2026
Cache sync 35 at Wed Jun 10 15:45:05 UTC 2026
Cache sync 36 at Wed Jun 10 15:45:05 UTC 2026
Cache sync 37 at Wed Jun 10 15:45:05 UTC 2026
Cache sync 38 at Wed Jun 10 15:45:05 UTC 2026
Cache sync 39 at Wed Jun 10 15:45:05 UTC 2026
Cache sync 40 at Wed Jun 10 15:45:05 UTC 2026
Cache sync 41 at Wed Jun 10 15:45:05 UTC 2026
Cache sync 42 at Wed Jun 10 15:45:05 UTC 2026
Cache sync 43 at Wed Jun 10 15:45:05 UTC 2026
Cache sync 44 at Wed Jun 10 15:45:05 UTC 2026
Cache sync 45 at Wed Jun 10 15:45:05 UTC 2026
Cache sync 46 at Wed Jun 10 15:45:05 UTC 2026
Cache sync 47 at Wed Jun 10 15:45:05 UTC 2026
Cache sync 1 at Thu Jun 11 04:18:17 UTC 2026
Cache sync 2 at Thu Jun 11 04:18:18 UTC 2026
Cache sync 3 at Thu Jun 11 04:18:18 UTC 2026
Cache sync 4 at Thu Jun 11 04:18:18 UTC 2026
Cache sync 5 at Thu Jun 11 04:18:18 UTC 2026
Cache sync 6 at Thu Jun 11 04:18:18 UTC 2026
Cache sync 7 at Thu Jun 11 04:18:18 UTC 2026
Cache sync 8 at Thu Jun 11 04:18:18 UTC 2026
Cache sync 9 at Thu Jun 11 04:18:18 UTC 2026
Cache sync 10 at Thu Jun 11 04:18:18 UTC 2026
Cache sync 11 at Thu Jun 11 04:18:18 UTC 2026
Cache sync 12 at Thu Jun 11 04:18:18 UTC 2026
Cache sync 13 at Thu Jun 11 04:18:18 UTC 2026
Cache sync 14 at Thu Jun 11 04:18:18 UTC 2026
Cache sync 15 at Thu Jun 11 04:18:18 UTC 2026
Cache sync 16 at Thu Jun 11 04:18:18 UTC 2026
Cache sync 17 at Thu Jun 11 04:18:18 UTC 2026
Cache sync 18 at Thu Jun 11 04:18:18 UTC 2026
Cache sync 19 at Thu Jun 11 04:18:18 UTC 2026
Cache sync 20 at Thu Jun 11 04:18:18 UTC 2026
Cache sync 21 at Thu Jun 11 04:18:18 UTC 2026
Cache sync 22 at Thu Jun 11 04:18:18 UTC 2026
Cache sync 23 at Thu Jun 11 04:18:18 UTC 2026
Cache sync 24 at Thu Jun 11 04:18:18 UTC 2026
Cache sync 25 at Thu Jun 11 04:18:18 UTC 2026
Cache sync 26 at Thu Jun 11 04:18:18 UTC 2026
Cache sync 27 at Thu Jun 11 04:18:18 UTC 2026
Cache sync 28 at Thu Jun 11 04:18:18 UTC 2026
Cache sync 29 at Thu Jun 11 04:18:18 UTC 2026
Cache sync 30 at Thu Jun 11 04:18:18 UTC 2026
Cache sync 31 at Thu Jun 11 04:18:18 UTC 2026
Cache sync 32 at Thu Jun 11 04:18:18 UTC 2026
Cache sync 33 at Thu Jun 11 04:18:18 UTC 2026
Cache sync 34 at Thu Jun 11 04:18:18 UTC 2026
Cache sync 35 at Thu Jun 11 04:18:18 UTC 2026
Cache sync 36 at Thu Jun 11 04:18:18 UTC 2026
Cache sync 1 at Thu Jun 11 10:42:45 UTC 2026
Cache sync 2 at Thu Jun 11 10:42:45 UTC 2026
Cache sync 3 at Thu Jun 11 10:42:45 UTC 2026
Cache sync 4 at Thu Jun 11 10:42:45 UTC 2026
Cache sync 5 at Thu Jun 11 10:42:45 UTC 2026
Cache sync 6 at Thu Jun 11 10:42:45 UTC 2026
Cache sync 7 at Thu Jun 11 10:42:45 UTC 2026
Cache sync 8 at Thu Jun 11 10:42:45 UTC 2026
Cache sync 9 at Thu Jun 11 10:42:45 UTC 2026
Cache sync 10 at Thu Jun 11 10:42:45 UTC 2026
Cache sync 11 at Thu Jun 11 10:42:45 UTC 2026
Cache sync 12 at Thu Jun 11 10:42:45 UTC 2026
Cache sync 13 at Thu Jun 11 10:42:45 UTC 2026
Cache sync 14 at Thu Jun 11 10:42:45 UTC 2026
Cache sync 15 at Thu Jun 11 10:42:45 UTC 2026
Cache sync 16 at Thu Jun 11 10:42:45 UTC 2026
Cache sync 17 at Thu Jun 11 10:42:45 UTC 2026
Cache sync 18 at Thu Jun 11 10:42:45 UTC 2026
Cache sync 19 at Thu Jun 11 10:42:45 UTC 2026
Cache sync 20 at Thu Jun 11 10:42:45 UTC 2026
Cache sync 21 at Thu Jun 11 10:42:45 UTC 2026
Cache sync 22 at Thu Jun 11 10:42:45 UTC 2026
Cache sync 23 at Thu Jun 11 10:42:45 UTC 2026
Cache sync 24 at Thu Jun 11 10:42:45 UTC 2026
Cache sync 25 at Thu Jun 11 10:42:45 UTC 2026
Cache sync 26 at Thu Jun 11 10:42:45 UTC 2026
Cache sync 27 at Thu Jun 11 10:42:45 UTC 2026
Cache sync 28 at Thu Jun 11 10:42:45 UTC 2026
Cache sync 29 at Thu Jun 11 10:42:45 UTC 2026
Cache sync 30 at Thu Jun 11 10:42:45 UTC 2026
Cache sync 31 at Thu Jun 11 10:42:45 UTC 2026
Cache sync 32 at Thu Jun 11 10:42:45 UTC 2026
Cache sync 33 at Thu Jun 11 10:42:45 UTC 2026
Cache sync 34 at Thu Jun 11 10:42:45 UTC 2026
Cache sync 35 at Thu Jun 11 10:42:45 UTC 2026
Cache sync 36 at Thu Jun 11 10:42:45 UTC 2026
Cache sync 37 at Thu Jun 11 10:42:45 UTC 2026
Cache sync 38 at Thu Jun 11 10:42:45 UTC 2026
Cache sync 39 at Thu Jun 11 10:42:45 UTC 2026
Cache sync 40 at Thu Jun 11 10:42:45 UTC 2026
Cache sync 41 at Thu Jun 11 10:42:45 UTC 2026
Cache sync 42 at Thu Jun 11 10:42:45 UTC 2026
Cache sync 43 at Thu Jun 11 10:42:45 UTC 2026
Cache sync 44 at Thu Jun 11 10:42:45 UTC 2026
Cache sync 45 at Thu Jun 11 10:42:45 UTC 2026
Cache sync 46 at Thu Jun 11 10:42:45 UTC 2026
Cache sync 47 at Thu Jun 11 10:42:45 UTC 2026
Cache sync 1 at Thu Jun 11 16:09:06 UTC 2026
Cache sync 2 at Thu Jun 11 16:09:06 UTC 2026
Cache sync 3 at Thu Jun 11 16:09:06 UTC 2026
Cache sync 4 at Thu Jun 11 16:09:06 UTC 2026
Cache sync 5 at Thu Jun 11 16:09:06 UTC 2026
Cache sync 6 at Thu Jun 11 16:09:06 UTC 2026
Cache sync 7 at Thu Jun 11 16:09:06 UTC 2026
Cache sync 8 at Thu Jun 11 16:09:06 UTC 2026
Cache sync 9 at Thu Jun 11 16:09:06 UTC 2026
Cache sync 10 at Thu Jun 11 16:09:06 UTC 2026
Cache sync 11 at Thu Jun 11 16:09:06 UTC 2026
Cache sync 12 at Thu Jun 11 16:09:06 UTC 2026
Cache sync 13 at Thu Jun 11 16:09:06 UTC 2026
Cache sync 14 at Thu Jun 11 16:09:06 UTC 2026
Cache sync 15 at Thu Jun 11 16:09:06 UTC 2026
Cache sync 16 at Thu Jun 11 16:09:06 UTC 2026
Cache sync 17 at Thu Jun 11 16:09:06 UTC 2026
Cache sync 18 at Thu Jun 11 16:09:06 UTC 2026
Cache sync 19 at Thu Jun 11 16:09:06 UTC 2026
Cache sync 20 at Thu Jun 11 16:09:06 UTC 2026
Cache sync 21 at Thu Jun 11 16:09:06 UTC 2026
Cache sync 22 at Thu Jun 11 16:09:06 UTC 2026
Cache sync 1 at Thu Jun 11 20:29:17 UTC 2026
Cache sync 2 at Thu Jun 11 20:29:17 UTC 2026
Cache sync 3 at Thu Jun 11 20:29:17 UTC 2026
Cache sync 4 at Thu Jun 11 20:29:17 UTC 2026
Cache sync 5 at Thu Jun 11 20:29:17 UTC 2026
Cache sync 6 at Thu Jun 11 20:29:17 UTC 2026
Cache sync 7 at Thu Jun 11 20:29:17 UTC 2026
Cache sync 8 at Thu Jun 11 20:29:17 UTC 2026
Cache sync 9 at Thu Jun 11 20:29:17 UTC 2026
Cache sync 10 at Thu Jun 11 20:29:17 UTC 2026
Cache sync 11 at Thu Jun 11 20:29:17 UTC 2026
Cache sync 12 at Thu Jun 11 20:29:17 UTC 2026
Cache sync 13 at Thu Jun 11 20:29:17 UTC 2026
Cache sync 14 at Thu Jun 11 20:29:17 UTC 2026
Cache sync 15 at Thu Jun 11 20:29:17 UTC 2026
Cache sync 16 at Thu Jun 11 20:29:17 UTC 2026
Cache sync 17 at Thu Jun 11 20:29:17 UTC 2026
Cache sync 18 at Thu Jun 11 20:29:17 UTC 2026
Cache sync 19 at Thu Jun 11 20:29:17 UTC 2026
Cache sync 20 at Thu Jun 11 20:29:17 UTC 2026
Cache sync 21 at Thu Jun 11 20:29:17 UTC 2026
Cache sync 22 at Thu Jun 11 20:29:17 UTC 2026
Cache sync 23 at Thu Jun 11 20:29:17 UTC 2026
Cache sync 24 at Thu Jun 11 20:29:17 UTC 2026
Cache sync 25 at Thu Jun 11 20:29:17 UTC 2026
Cache sync 26 at Thu Jun 11 20:29:17 UTC 2026
Cache sync 1 at Fri Jun 12 04:19:59 UTC 2026
Cache sync 2 at Fri Jun 12 04:19:59 UTC 2026
Cache sync 3 at Fri Jun 12 04:19:59 UTC 2026
Cache sync 4 at Fri Jun 12 04:19:59 UTC 2026
Cache sync 5 at Fri Jun 12 04:19:59 UTC 2026
Cache sync 6 at Fri Jun 12 04:19:59 UTC 2026
Cache sync 7 at Fri Jun 12 04:19:59 UTC 2026
Cache sync 8 at Fri Jun 12 04:19:59 UTC 2026
Cache sync 9 at Fri Jun 12 04:19:59 UTC 2026
Cache sync 10 at Fri Jun 12 04:19:59 UTC 2026
Cache sync 11 at Fri Jun 12 04:19:59 UTC 2026
Cache sync 12 at Fri Jun 12 04:19:59 UTC 2026
Cache sync 13 at Fri Jun 12 04:19:59 UTC 2026
Cache sync 14 at Fri Jun 12 04:19:59 UTC 2026
Cache sync 15 at Fri Jun 12 04:19:59 UTC 2026
Cache sync 16 at Fri Jun 12 04:19:59 UTC 2026
Cache sync 17 at Fri Jun 12 04:19:59 UTC 2026
Cache sync 18 at Fri Jun 12 04:19:59 UTC 2026
Cache sync 19 at Fri Jun 12 04:19:59 UTC 2026
Cache sync 20 at Fri Jun 12 04:19:59 UTC 2026
Cache sync 21 at Fri Jun 12 04:19:59 UTC 2026
Cache sync 22 at Fri Jun 12 04:19:59 UTC 2026
Cache sync 23 at Fri Jun 12 04:19:59 UTC 2026
Cache sync 24 at Fri Jun 12 04:19:59 UTC 2026
Cache sync 25 at Fri Jun 12 04:19:59 UTC 2026
Cache sync 26 at Fri Jun 12 04:19:59 UTC 2026
Cache sync 27 at Fri Jun 12 04:19:59 UTC 2026
Cache sync 28 at Fri Jun 12 04:19:59 UTC 2026
Cache sync 29 at Fri Jun 12 04:19:59 UTC 2026
Cache sync 30 at Fri Jun 12 04:19:59 UTC 2026
Cache sync 31 at Fri Jun 12 04:19:59 UTC 2026
Cache sync 32 at Fri Jun 12 04:20:00 UTC 2026
Cache sync 33 at Fri Jun 12 04:20:00 UTC 2026
Cache sync 34 at Fri Jun 12 04:20:00 UTC 2026
Cache sync 35 at Fri Jun 12 04:20:00 UTC 2026
Cache sync 36 at Fri Jun 12 04:20:00 UTC 2026
Cache sync 37 at Fri Jun 12 04:20:00 UTC 2026
Cache sync 38 at Fri Jun 12 04:20:00 UTC 2026
Cache sync 39 at Fri Jun 12 04:20:00 UTC 2026
Cache sync 40 at Fri Jun 12 04:20:00 UTC 2026
Cache sync 41 at Fri Jun 12 04:20:00 UTC 2026
Cache sync 1 at Fri Jun 12 10:19:30 UTC 2026
Cache sync 2 at Fri Jun 12 10:19:30 UTC 2026
Cache sync 3 at Fri Jun 12 10:19:30 UTC 2026
Cache sync 4 at Fri Jun 12 10:19:30 UTC 2026
Cache sync 5 at Fri Jun 12 10:19:30 UTC 2026
Cache sync 6 at Fri Jun 12 10:19:30 UTC 2026
Cache sync 7 at Fri Jun 12 10:19:30 UTC 2026
Cache sync 8 at Fri Jun 12 10:19:30 UTC 2026
Cache sync 9 at Fri Jun 12 10:19:30 UTC 2026
Cache sync 10 at Fri Jun 12 10:19:30 UTC 2026
Cache sync 11 at Fri Jun 12 10:19:30 UTC 2026
Cache sync 12 at Fri Jun 12 10:19:30 UTC 2026
Cache sync 13 at Fri Jun 12 10:19:30 UTC 2026
Cache sync 14 at Fri Jun 12 10:19:30 UTC 2026
Cache sync 15 at Fri Jun 12 10:19:30 UTC 2026
Cache sync 16 at Fri Jun 12 10:19:31 UTC 2026
Cache sync 17 at Fri Jun 12 10:19:31 UTC 2026
Cache sync 18 at Fri Jun 12 10:19:31 UTC 2026
Cache sync 19 at Fri Jun 12 10:19:31 UTC 2026
Cache sync 20 at Fri Jun 12 10:19:31 UTC 2026
Cache sync 21 at Fri Jun 12 10:19:31 UTC 2026
Cache sync 22 at Fri Jun 12 10:19:31 UTC 2026
Cache sync 23 at Fri Jun 12 10:19:31 UTC 2026
Cache sync 24 at Fri Jun 12 10:19:31 UTC 2026
Cache sync 25 at Fri Jun 12 10:19:31 UTC 2026
Cache sync 26 at Fri Jun 12 10:19:31 UTC 2026
Cache sync 27 at Fri Jun 12 10:19:31 UTC 2026
Cache sync 28 at Fri Jun 12 10:19:31 UTC 2026
Cache sync 29 at Fri Jun 12 10:19:31 UTC 2026
Cache sync 30 at Fri Jun 12 10:19:31 UTC 2026
Cache sync 31 at Fri Jun 12 10:19:31 UTC 2026
Cache sync 32 at Fri Jun 12 10:19:31 UTC 2026
Cache sync 33 at Fri Jun 12 10:19:31 UTC 2026
Cache sync 34 at Fri Jun 12 10:19:31 UTC 2026
Cache sync 35 at Fri Jun 12 10:19:31 UTC 2026
Cache sync 36 at Fri Jun 12 10:19:31 UTC 2026
Cache sync 37 at Fri Jun 12 10:19:31 UTC 2026
Cache sync 38 at Fri Jun 12 10:19:31 UTC 2026
Cache sync 39 at Fri Jun 12 10:19:31 UTC 2026
Cache sync 40 at Fri Jun 12 10:19:31 UTC 2026
Cache sync 41 at Fri Jun 12 10:19:31 UTC 2026
Cache sync 42 at Fri Jun 12 10:19:31 UTC 2026
Cache sync 43 at Fri Jun 12 10:19:31 UTC 2026
Cache sync 44 at Fri Jun 12 10:19:31 UTC 2026
Cache sync 45 at Fri Jun 12 10:19:31 UTC 2026
Cache sync 46 at Fri Jun 12 10:19:31 UTC 2026
Cache sync 47 at Fri Jun 12 10:19:31 UTC 2026
Cache sync 48 at Fri Jun 12 10:19:31 UTC 2026
Cache sync 49 at Fri Jun 12 10:19:31 UTC 2026
Cache sync 50 at Fri Jun 12 10:19:31 UTC 2026
Cache sync 51 at Fri Jun 12 10:19:31 UTC 2026
Cache sync 52 at Fri Jun 12 10:19:31 UTC 2026
Cache sync 53 at Fri Jun 12 10:19:31 UTC 2026
Cache sync 54 at Fri Jun 12 10:19:31 UTC 2026
Cache sync 55 at Fri Jun 12 10:19:31 UTC 2026
Cache sync 56 at Fri Jun 12 10:19:31 UTC 2026
Cache sync 57 at Fri Jun 12 10:19:31 UTC 2026
Cache sync 58 at Fri Jun 12 10:19:31 UTC 2026
Cache sync 59 at Fri Jun 12 10:19:31 UTC 2026
Cache sync 60 at Fri Jun 12 10:19:31 UTC 2026
Cache sync 61 at Fri Jun 12 10:19:31 UTC 2026
Cache sync 62 at Fri Jun 12 10:19:31 UTC 2026
Cache sync 63 at Fri Jun 12 10:19:31 UTC 2026
Cache sync 64 at Fri Jun 12 10:19:31 UTC 2026
Cache sync 65 at Fri Jun 12 10:19:31 UTC 2026
Cache sync 66 at Fri Jun 12 10:19:31 UTC 2026
Cache sync 67 at Fri Jun 12 10:19:31 UTC 2026
Cache sync 68 at Fri Jun 12 10:19:31 UTC 2026
Cache sync 69 at Fri Jun 12 10:19:31 UTC 2026
Cache sync 70 at Fri Jun 12 10:19:31 UTC 2026
Cache sync 71 at Fri Jun 12 10:19:31 UTC 2026
Cache sync 72 at Fri Jun 12 10:19:31 UTC 2026
Cache sync 73 at Fri Jun 12 10:19:31 UTC 2026
Cache sync 74 at Fri Jun 12 10:19:31 UTC 2026
Cache sync 75 at Fri Jun 12 10:19:31 UTC 2026
Cache sync 1 at Fri Jun 12 15:23:11 UTC 2026
Cache sync 2 at Fri Jun 12 15:23:11 UTC 2026
Cache sync 3 at Fri Jun 12 15:23:11 UTC 2026
Cache sync 4 at Fri Jun 12 15:23:11 UTC 2026
Cache sync 5 at Fri Jun 12 15:23:11 UTC 2026
Cache sync 6 at Fri Jun 12 15:23:11 UTC 2026
Cache sync 7 at Fri Jun 12 15:23:11 UTC 2026
Cache sync 8 at Fri Jun 12 15:23:11 UTC 2026
Cache sync 9 at Fri Jun 12 15:23:11 UTC 2026
Cache sync 10 at Fri Jun 12 15:23:11 UTC 2026
Cache sync 11 at Fri Jun 12 15:23:11 UTC 2026
Cache sync 12 at Fri Jun 12 15:23:12 UTC 2026
Cache sync 13 at Fri Jun 12 15:23:12 UTC 2026
Cache sync 14 at Fri Jun 12 15:23:12 UTC 2026
Cache sync 15 at Fri Jun 12 15:23:12 UTC 2026
Cache sync 16 at Fri Jun 12 15:23:12 UTC 2026
Cache sync 17 at Fri Jun 12 15:23:12 UTC 2026
Cache sync 18 at Fri Jun 12 15:23:12 UTC 2026
Cache sync 19 at Fri Jun 12 15:23:12 UTC 2026
Cache sync 20 at Fri Jun 12 15:23:12 UTC 2026
Cache sync 21 at Fri Jun 12 15:23:12 UTC 2026
Cache sync 22 at Fri Jun 12 15:23:12 UTC 2026
Cache sync 23 at Fri Jun 12 15:23:12 UTC 2026
Cache sync 24 at Fri Jun 12 15:23:12 UTC 2026
Cache sync 25 at Fri Jun 12 15:23:12 UTC 2026
Cache sync 26 at Fri Jun 12 15:23:12 UTC 2026
Cache sync 27 at Fri Jun 12 15:23:12 UTC 2026
Cache sync 28 at Fri Jun 12 15:23:12 UTC 2026
Cache sync 29 at Fri Jun 12 15:23:12 UTC 2026
Cache sync 30 at Fri Jun 12 15:23:12 UTC 2026
Cache sync 31 at Fri Jun 12 15:23:12 UTC 2026
Cache sync 32 at Fri Jun 12 15:23:12 UTC 2026
Cache sync 33 at Fri Jun 12 15:23:12 UTC 2026
Cache sync 34 at Fri Jun 12 15:23:12 UTC 2026
Cache sync 35 at Fri Jun 12 15:23:12 UTC 2026
Cache sync 36 at Fri Jun 12 15:23:12 UTC 2026
Cache sync 37 at Fri Jun 12 15:23:12 UTC 2026
Cache sync 38 at Fri Jun 12 15:23:12 UTC 2026
Cache sync 39 at Fri Jun 12 15:23:12 UTC 2026
Cache sync 40 at Fri Jun 12 15:23:12 UTC 2026
Cache sync 41 at Fri Jun 12 15:23:12 UTC 2026
Cache sync 42 at Fri Jun 12 15:23:12 UTC 2026
Cache sync 43 at Fri Jun 12 15:23:12 UTC 2026
Cache sync 44 at Fri Jun 12 15:23:12 UTC 2026
Cache sync 45 at Fri Jun 12 15:23:12 UTC 2026
Cache sync 46 at Fri Jun 12 15:23:12 UTC 2026
Cache sync 47 at Fri Jun 12 15:23:12 UTC 2026
Cache sync 48 at Fri Jun 12 15:23:12 UTC 2026
Cache sync 49 at Fri Jun 12 15:23:12 UTC 2026
Cache sync 50 at Fri Jun 12 15:23:12 UTC 2026
Cache sync 51 at Fri Jun 12 15:23:12 UTC 2026
Cache sync 52 at Fri Jun 12 15:23:12 UTC 2026
Cache sync 53 at Fri Jun 12 15:23:12 UTC 2026
Cache sync 54 at Fri Jun 12 15:23:12 UTC 2026
Cache sync 55 at Fri Jun 12 15:23:12 UTC 2026
Cache sync 56 at Fri Jun 12 15:23:12 UTC 2026
Cache sync 57 at Fri Jun 12 15:23:12 UTC 2026
Cache sync 58 at Fri Jun 12 15:23:12 UTC 2026
Cache sync 59 at Fri Jun 12 15:23:12 UTC 2026
Cache sync 60 at Fri Jun 12 15:23:12 UTC 2026
Cache sync 61 at Fri Jun 12 15:23:12 UTC 2026
Cache sync 62 at Fri Jun 12 15:23:12 UTC 2026
Cache sync 63 at Fri Jun 12 15:23:12 UTC 2026
Cache sync 64 at Fri Jun 12 15:23:12 UTC 2026
Cache sync 65 at Fri Jun 12 15:23:12 UTC 2026
Cache sync 66 at Fri Jun 12 15:23:12 UTC 2026
Cache sync 67 at Fri Jun 12 15:23:12 UTC 2026
Cache sync 68 at Fri Jun 12 15:23:12 UTC 2026
Cache sync 69 at Fri Jun 12 15:23:12 UTC 2026
Cache sync 70 at Fri Jun 12 15:23:12 UTC 2026
Cache sync 71 at Fri Jun 12 15:23:12 UTC 2026
Cache sync 72 at Fri Jun 12 15:23:12 UTC 2026
Cache sync 73 at Fri Jun 12 15:23:12 UTC 2026
Cache sync 74 at Fri Jun 12 15:23:12 UTC 2026
Cache sync 75 at Fri Jun 12 15:23:12 UTC 2026
Cache sync 76 at Fri Jun 12 15:23:12 UTC 2026
Cache sync 77 at Fri Jun 12 15:23:12 UTC 2026
Cache sync 78 at Fri Jun 12 15:23:12 UTC 2026
Cache sync 79 at Fri Jun 12 15:23:13 UTC 2026
Cache sync 1 at Fri Jun 12 20:15:05 UTC 2026
Cache sync 2 at Fri Jun 12 20:15:05 UTC 2026
Cache sync 3 at Fri Jun 12 20:15:05 UTC 2026
Cache sync 4 at Fri Jun 12 20:15:05 UTC 2026
Cache sync 5 at Fri Jun 12 20:15:06 UTC 2026
Cache sync 6 at Fri Jun 12 20:15:06 UTC 2026
Cache sync 7 at Fri Jun 12 20:15:06 UTC 2026
Cache sync 8 at Fri Jun 12 20:15:06 UTC 2026
Cache sync 9 at Fri Jun 12 20:15:06 UTC 2026
Cache sync 10 at Fri Jun 12 20:15:06 UTC 2026
Cache sync 11 at Fri Jun 12 20:15:06 UTC 2026
Cache sync 12 at Fri Jun 12 20:15:06 UTC 2026
Cache sync 13 at Fri Jun 12 20:15:06 UTC 2026
Cache sync 14 at Fri Jun 12 20:15:06 UTC 2026
Cache sync 15 at Fri Jun 12 20:15:06 UTC 2026
Cache sync 1 at Sat Jun 13 04:08:56 UTC 2026
Cache sync 2 at Sat Jun 13 04:08:56 UTC 2026
Cache sync 3 at Sat Jun 13 04:08:57 UTC 2026
Cache sync 4 at Sat Jun 13 04:08:57 UTC 2026
Cache sync 5 at Sat Jun 13 04:08:57 UTC 2026
Cache sync 6 at Sat Jun 13 04:08:57 UTC 2026
Cache sync 7 at Sat Jun 13 04:08:57 UTC 2026
Cache sync 8 at Sat Jun 13 04:08:57 UTC 2026
Cache sync 9 at Sat Jun 13 04:08:57 UTC 2026
Cache sync 10 at Sat Jun 13 04:08:57 UTC 2026
Cache sync 11 at Sat Jun 13 04:08:57 UTC 2026
Cache sync 12 at Sat Jun 13 04:08:57 UTC 2026
Cache sync 13 at Sat Jun 13 04:08:57 UTC 2026
Cache sync 14 at Sat Jun 13 04:08:57 UTC 2026
Cache sync 15 at Sat Jun 13 04:08:57 UTC 2026
Cache sync 16 at Sat Jun 13 04:08:57 UTC 2026
Cache sync 17 at Sat Jun 13 04:08:57 UTC 2026
Cache sync 18 at Sat Jun 13 04:08:57 UTC 2026
Cache sync 19 at Sat Jun 13 04:08:57 UTC 2026
Cache sync 20 at Sat Jun 13 04:08:57 UTC 2026
Cache sync 21 at Sat Jun 13 04:08:57 UTC 2026
Cache sync 1 at Sat Jun 13 09:21:23 UTC 2026
Cache sync 2 at Sat Jun 13 09:21:23 UTC 2026
Cache sync 3 at Sat Jun 13 09:21:23 UTC 2026
Cache sync 4 at Sat Jun 13 09:21:23 UTC 2026
Cache sync 5 at Sat Jun 13 09:21:23 UTC 2026
Cache sync 6 at Sat Jun 13 09:21:23 UTC 2026
Cache sync 7 at Sat Jun 13 09:21:23 UTC 2026
Cache sync 8 at Sat Jun 13 09:21:23 UTC 2026
Cache sync 9 at Sat Jun 13 09:21:23 UTC 2026
Cache sync 10 at Sat Jun 13 09:21:23 UTC 2026
Cache sync 11 at Sat Jun 13 09:21:23 UTC 2026
Cache sync 12 at Sat Jun 13 09:21:23 UTC 2026
Cache sync 13 at Sat Jun 13 09:21:23 UTC 2026
Cache sync 14 at Sat Jun 13 09:21:23 UTC 2026
Cache sync 15 at Sat Jun 13 09:21:23 UTC 2026
Cache sync 16 at Sat Jun 13 09:21:23 UTC 2026
Cache sync 17 at Sat Jun 13 09:21:23 UTC 2026
Cache sync 18 at Sat Jun 13 09:21:23 UTC 2026
Cache sync 19 at Sat Jun 13 09:21:23 UTC 2026
Cache sync 20 at Sat Jun 13 09:21:23 UTC 2026
Cache sync 21 at Sat Jun 13 09:21:23 UTC 2026
Cache sync 22 at Sat Jun 13 09:21:23 UTC 2026
Cache sync 23 at Sat Jun 13 09:21:23 UTC 2026
Cache sync 1 at Sat Jun 13 14:07:26 UTC 2026
Cache sync 2 at Sat Jun 13 14:07:26 UTC 2026
Cache sync 3 at Sat Jun 13 14:07:26 UTC 2026
Cache sync 4 at Sat Jun 13 14:07:26 UTC 2026
Cache sync 5 at Sat Jun 13 14:07:26 UTC 2026
Cache sync 6 at Sat Jun 13 14:07:26 UTC 2026
Cache sync 7 at Sat Jun 13 14:07:26 UTC 2026
Cache sync 8 at Sat Jun 13 14:07:26 UTC 2026
Cache sync 9 at Sat Jun 13 14:07:26 UTC 2026
Cache sync 10 at Sat Jun 13 14:07:26 UTC 2026
Cache sync 11 at Sat Jun 13 14:07:26 UTC 2026
Cache sync 12 at Sat Jun 13 14:07:26 UTC 2026
Cache sync 13 at Sat Jun 13 14:07:26 UTC 2026
Cache sync 14 at Sat Jun 13 14:07:27 UTC 2026
Cache sync 15 at Sat Jun 13 14:07:27 UTC 2026
Cache sync 16 at Sat Jun 13 14:07:27 UTC 2026
Cache sync 17 at Sat Jun 13 14:07:27 UTC 2026
Cache sync 18 at Sat Jun 13 14:07:27 UTC 2026
Cache sync 19 at Sat Jun 13 14:07:27 UTC 2026
Cache sync 20 at Sat Jun 13 14:07:27 UTC 2026
Cache sync 21 at Sat Jun 13 14:07:27 UTC 2026
Cache sync 22 at Sat Jun 13 14:07:27 UTC 2026
Cache sync 23 at Sat Jun 13 14:07:27 UTC 2026
Cache sync 24 at Sat Jun 13 14:07:27 UTC 2026
Cache sync 25 at Sat Jun 13 14:07:27 UTC 2026
Cache sync 26 at Sat Jun 13 14:07:27 UTC 2026
Cache sync 27 at Sat Jun 13 14:07:27 UTC 2026
Cache sync 28 at Sat Jun 13 14:07:27 UTC 2026
Cache sync 29 at Sat Jun 13 14:07:27 UTC 2026
Cache sync 30 at Sat Jun 13 14:07:27 UTC 2026
Cache sync 31 at Sat Jun 13 14:07:27 UTC 2026
Cache sync 32 at Sat Jun 13 14:07:27 UTC 2026
Cache sync 33 at Sat Jun 13 14:07:27 UTC 2026
Cache sync 34 at Sat Jun 13 14:07:27 UTC 2026
Cache sync 35 at Sat Jun 13 14:07:27 UTC 2026
Cache sync 36 at Sat Jun 13 14:07:27 UTC 2026
Cache sync 37 at Sat Jun 13 14:07:27 UTC 2026
Cache sync 38 at Sat Jun 13 14:07:27 UTC 2026
Cache sync 39 at Sat Jun 13 14:07:27 UTC 2026
Cache sync 40 at Sat Jun 13 14:07:27 UTC 2026
Cache sync 41 at Sat Jun 13 14:07:27 UTC 2026
Cache sync 42 at Sat Jun 13 14:07:27 UTC 2026
Cache sync 43 at Sat Jun 13 14:07:27 UTC 2026
Cache sync 44 at Sat Jun 13 14:07:27 UTC 2026
Cache sync 45 at Sat Jun 13 14:07:27 UTC 2026
Cache sync 1 at Sat Jun 13 19:41:41 UTC 2026
Cache sync 2 at Sat Jun 13 19:41:41 UTC 2026
Cache sync 3 at Sat Jun 13 19:41:41 UTC 2026
Cache sync 4 at Sat Jun 13 19:41:41 UTC 2026
Cache sync 5 at Sat Jun 13 19:41:41 UTC 2026
Cache sync 6 at Sat Jun 13 19:41:41 UTC 2026
Cache sync 7 at Sat Jun 13 19:41:41 UTC 2026
Cache sync 8 at Sat Jun 13 19:41:41 UTC 2026
Cache sync 9 at Sat Jun 13 19:41:41 UTC 2026
Cache sync 10 at Sat Jun 13 19:41:41 UTC 2026
Cache sync 11 at Sat Jun 13 19:41:41 UTC 2026
Cache sync 12 at Sat Jun 13 19:41:41 UTC 2026
Cache sync 13 at Sat Jun 13 19:41:41 UTC 2026
Cache sync 14 at Sat Jun 13 19:41:41 UTC 2026
Cache sync 15 at Sat Jun 13 19:41:41 UTC 2026
Cache sync 16 at Sat Jun 13 19:41:41 UTC 2026
Cache sync 17 at Sat Jun 13 19:41:41 UTC 2026
Cache sync 18 at Sat Jun 13 19:41:41 UTC 2026
Cache sync 19 at Sat Jun 13 19:41:41 UTC 2026
Cache sync 20 at Sat Jun 13 19:41:41 UTC 2026
Cache sync 21 at Sat Jun 13 19:41:41 UTC 2026
Cache sync 22 at Sat Jun 13 19:41:41 UTC 2026
Cache sync 23 at Sat Jun 13 19:41:41 UTC 2026
Cache sync 24 at Sat Jun 13 19:41:41 UTC 2026
Cache sync 1 at Sun Jun 14 04:25:53 UTC 2026
Cache sync 2 at Sun Jun 14 04:25:53 UTC 2026
Cache sync 1 at Sun Jun 14 09:40:49 UTC 2026
Cache sync 2 at Sun Jun 14 09:40:49 UTC 2026
Cache sync 3 at Sun Jun 14 09:40:49 UTC 2026
Cache sync 4 at Sun Jun 14 09:40:49 UTC 2026
Cache sync 5 at Sun Jun 14 09:40:49 UTC 2026
Cache sync 6 at Sun Jun 14 09:40:49 UTC 2026
Cache sync 7 at Sun Jun 14 09:40:49 UTC 2026
Cache sync 8 at Sun Jun 14 09:40:49 UTC 2026
Cache sync 9 at Sun Jun 14 09:40:49 UTC 2026
Cache sync 10 at Sun Jun 14 09:40:49 UTC 2026
Cache sync 11 at Sun Jun 14 09:40:49 UTC 2026
Cache sync 12 at Sun Jun 14 09:40:49 UTC 2026
Cache sync 13 at Sun Jun 14 09:40:49 UTC 2026
Cache sync 14 at Sun Jun 14 09:40:49 UTC 2026
Cache sync 15 at Sun Jun 14 09:40:49 UTC 2026
Cache sync 16 at Sun Jun 14 09:40:49 UTC 2026
Cache sync 17 at Sun Jun 14 09:40:49 UTC 2026
Cache sync 18 at Sun Jun 14 09:40:49 UTC 2026
Cache sync 19 at Sun Jun 14 09:40:49 UTC 2026
Cache sync 20 at Sun Jun 14 09:40:49 UTC 2026
Cache sync 21 at Sun Jun 14 09:40:49 UTC 2026
Cache sync 22 at Sun Jun 14 09:40:49 UTC 2026
Cache sync 23 at Sun Jun 14 09:40:49 UTC 2026
Cache sync 24 at Sun Jun 14 09:40:49 UTC 2026
Cache sync 25 at Sun Jun 14 09:40:49 UTC 2026
Cache sync 26 at Sun Jun 14 09:40:49 UTC 2026
Cache sync 27 at Sun Jun 14 09:40:49 UTC 2026
Cache sync 28 at Sun Jun 14 09:40:49 UTC 2026
Cache sync 29 at Sun Jun 14 09:40:49 UTC 2026
Cache sync 30 at Sun Jun 14 09:40:49 UTC 2026
Cache sync 31 at Sun Jun 14 09:40:49 UTC 2026
Cache sync 32 at Sun Jun 14 09:40:49 UTC 2026
Cache sync 33 at Sun Jun 14 09:40:49 UTC 2026
Cache sync 34 at Sun Jun 14 09:40:49 UTC 2026
Cache sync 35 at Sun Jun 14 09:40:49 UTC 2026
Cache sync 36 at Sun Jun 14 09:40:49 UTC 2026
Cache sync 37 at Sun Jun 14 09:40:49 UTC 2026
Cache sync 38 at Sun Jun 14 09:40:49 UTC 2026
Cache sync 39 at Sun Jun 14 09:40:49 UTC 2026
Cache sync 40 at Sun Jun 14 09:40:49 UTC 2026
Cache sync 41 at Sun Jun 14 09:40:49 UTC 2026
Cache sync 42 at Sun Jun 14 09:40:49 UTC 2026
Cache sync 43 at Sun Jun 14 09:40:49 UTC 2026
Cache sync 44 at Sun Jun 14 09:40:49 UTC 2026
Cache sync 45 at Sun Jun 14 09:40:49 UTC 2026
Cache sync 46 at Sun Jun 14 09:40:49 UTC 2026
Cache sync 47 at Sun Jun 14 09:40:49 UTC 2026
Cache sync 48 at Sun Jun 14 09:40:49 UTC 2026
Cache sync 49 at Sun Jun 14 09:40:49 UTC 2026
Cache sync 50 at Sun Jun 14 09:40:49 UTC 2026
Cache sync 51 at Sun Jun 14 09:40:49 UTC 2026
Cache sync 52 at Sun Jun 14 09:40:49 UTC 2026
Cache sync 53 at Sun Jun 14 09:40:49 UTC 2026
Cache sync 54 at Sun Jun 14 09:40:49 UTC 2026
Cache sync 55 at Sun Jun 14 09:40:49 UTC 2026
Cache sync 56 at Sun Jun 14 09:40:49 UTC 2026
Cache sync 57 at Sun Jun 14 09:40:49 UTC 2026
Cache sync 58 at Sun Jun 14 09:40:49 UTC 2026
Cache sync 59 at Sun Jun 14 09:40:49 UTC 2026
Cache sync 60 at Sun Jun 14 09:40:49 UTC 2026
Cache sync 61 at Sun Jun 14 09:40:49 UTC 2026
Cache sync 62 at Sun Jun 14 09:40:49 UTC 2026
Cache sync 63 at Sun Jun 14 09:40:49 UTC 2026
Cache sync 64 at Sun Jun 14 09:40:49 UTC 2026
Cache sync 65 at Sun Jun 14 09:40:49 UTC 2026
Cache sync 66 at Sun Jun 14 09:40:49 UTC 2026
Cache sync 67 at Sun Jun 14 09:40:49 UTC 2026
Cache sync 68 at Sun Jun 14 09:40:49 UTC 2026
Cache sync 69 at Sun Jun 14 09:40:50 UTC 2026
Cache sync 70 at Sun Jun 14 09:40:50 UTC 2026
Cache sync 71 at Sun Jun 14 09:40:50 UTC 2026
Cache sync 72 at Sun Jun 14 09:40:50 UTC 2026
Cache sync 73 at Sun Jun 14 09:40:50 UTC 2026
Cache sync 74 at Sun Jun 14 09:40:50 UTC 2026
Cache sync 75 at Sun Jun 14 09:40:50 UTC 2026
Cache sync 76 at Sun Jun 14 09:40:50 UTC 2026
Cache sync 77 at Sun Jun 14 09:40:50 UTC 2026
Cache sync 1 at Sun Jun 14 14:11:01 UTC 2026
Cache sync 2 at Sun Jun 14 14:11:01 UTC 2026
Cache sync 3 at Sun Jun 14 14:11:01 UTC 2026
Cache sync 4 at Sun Jun 14 14:11:01 UTC 2026
Cache sync 5 at Sun Jun 14 14:11:01 UTC 2026
Cache sync 6 at Sun Jun 14 14:11:01 UTC 2026
Cache sync 7 at Sun Jun 14 14:11:01 UTC 2026
Cache sync 8 at Sun Jun 14 14:11:01 UTC 2026
Cache sync 9 at Sun Jun 14 14:11:01 UTC 2026
Cache sync 10 at Sun Jun 14 14:11:01 UTC 2026
Cache sync 11 at Sun Jun 14 14:11:01 UTC 2026
Cache sync 12 at Sun Jun 14 14:11:01 UTC 2026
Cache sync 13 at Sun Jun 14 14:11:02 UTC 2026
Cache sync 14 at Sun Jun 14 14:11:02 UTC 2026
Cache sync 15 at Sun Jun 14 14:11:02 UTC 2026
Cache sync 16 at Sun Jun 14 14:11:02 UTC 2026
Cache sync 17 at Sun Jun 14 14:11:02 UTC 2026
Cache sync 18 at Sun Jun 14 14:11:02 UTC 2026
Cache sync 19 at Sun Jun 14 14:11:02 UTC 2026
Cache sync 20 at Sun Jun 14 14:11:02 UTC 2026
Cache sync 21 at Sun Jun 14 14:11:02 UTC 2026
Cache sync 22 at Sun Jun 14 14:11:02 UTC 2026
Cache sync 23 at Sun Jun 14 14:11:02 UTC 2026
Cache sync 24 at Sun Jun 14 14:11:02 UTC 2026
Cache sync 25 at Sun Jun 14 14:11:02 UTC 2026
Cache sync 26 at Sun Jun 14 14:11:02 UTC 2026
Cache sync 1 at Mon Jun 15 04:49:24 UTC 2026
Cache sync 2 at Mon Jun 15 04:49:24 UTC 2026
Cache sync 3 at Mon Jun 15 04:49:24 UTC 2026
Cache sync 4 at Mon Jun 15 04:49:24 UTC 2026
Cache sync 5 at Mon Jun 15 04:49:24 UTC 2026
Cache sync 6 at Mon Jun 15 04:49:24 UTC 2026
Cache sync 7 at Mon Jun 15 04:49:24 UTC 2026
Cache sync 1 at Mon Jun 15 12:23:41 UTC 2026
Cache sync 2 at Mon Jun 15 12:23:41 UTC 2026
Cache sync 1 at Mon Jun 15 21:08:19 UTC 2026
Cache sync 2 at Mon Jun 15 21:08:19 UTC 2026
Cache sync 3 at Mon Jun 15 21:08:19 UTC 2026
Cache sync 1 at Tue Jun 16 04:46:41 UTC 2026
Cache sync 2 at Tue Jun 16 04:46:41 UTC 2026
Cache sync 3 at Tue Jun 16 04:46:41 UTC 2026
Cache sync 4 at Tue Jun 16 04:46:41 UTC 2026
Cache sync 5 at Tue Jun 16 04:46:41 UTC 2026
Cache sync 6 at Tue Jun 16 04:46:41 UTC 2026
Cache sync 7 at Tue Jun 16 04:46:41 UTC 2026
Cache sync 8 at Tue Jun 16 04:46:41 UTC 2026
Cache sync 9 at Tue Jun 16 04:46:41 UTC 2026
Cache sync 10 at Tue Jun 16 04:46:41 UTC 2026
Cache sync 11 at Tue Jun 16 04:46:41 UTC 2026
Cache sync 12 at Tue Jun 16 04:46:41 UTC 2026
Cache sync 13 at Tue Jun 16 04:46:41 UTC 2026
Cache sync 14 at Tue Jun 16 04:46:41 UTC 2026
Cache sync 15 at Tue Jun 16 04:46:41 UTC 2026
Cache sync 16 at Tue Jun 16 04:46:41 UTC 2026
Cache sync 17 at Tue Jun 16 04:46:41 UTC 2026
Cache sync 18 at Tue Jun 16 04:46:41 UTC 2026
Cache sync 19 at Tue Jun 16 04:46:41 UTC 2026
Cache sync 20 at Tue Jun 16 04:46:41 UTC 2026
Cache sync 21 at Tue Jun 16 04:46:41 UTC 2026
Cache sync 22 at Tue Jun 16 04:46:41 UTC 2026
Cache sync 23 at Tue Jun 16 04:46:41 UTC 2026
Cache sync 24 at Tue Jun 16 04:46:41 UTC 2026
Cache sync 25 at Tue Jun 16 04:46:41 UTC 2026
Cache sync 26 at Tue Jun 16 04:46:41 UTC 2026
Cache sync 27 at Tue Jun 16 04:46:41 UTC 2026
Cache sync 28 at Tue Jun 16 04:46:41 UTC 2026
Cache sync 29 at Tue Jun 16 04:46:41 UTC 2026
Cache sync 30 at Tue Jun 16 04:46:41 UTC 2026
Cache sync 31 at Tue Jun 16 04:46:41 UTC 2026
Cache sync 32 at Tue Jun 16 04:46:41 UTC 2026
Cache sync 33 at Tue Jun 16 04:46:41 UTC 2026
Cache sync 34 at Tue Jun 16 04:46:41 UTC 2026
Cache sync 35 at Tue Jun 16 04:46:41 UTC 2026
Cache sync 36 at Tue Jun 16 04:46:41 UTC 2026
Cache sync 37 at Tue Jun 16 04:46:41 UTC 2026
Cache sync 38 at Tue Jun 16 04:46:41 UTC 2026
Cache sync 39 at Tue Jun 16 04:46:41 UTC 2026
Cache sync 40 at Tue Jun 16 04:46:41 UTC 2026
Cache sync 41 at Tue Jun 16 04:46:41 UTC 2026
Cache sync 42 at Tue Jun 16 04:46:41 UTC 2026
Cache sync 1 at Tue Jun 16 11:18:35 UTC 2026
Cache sync 2 at Tue Jun 16 11:18:35 UTC 2026
Cache sync 3 at Tue Jun 16 11:18:35 UTC 2026
Cache sync 4 at Tue Jun 16 11:18:35 UTC 2026
Cache sync 5 at Tue Jun 16 11:18:35 UTC 2026
Cache sync 6 at Tue Jun 16 11:18:35 UTC 2026
Cache sync 7 at Tue Jun 16 11:18:35 UTC 2026
Cache sync 8 at Tue Jun 16 11:18:35 UTC 2026
Cache sync 9 at Tue Jun 16 11:18:35 UTC 2026
Cache sync 10 at Tue Jun 16 11:18:35 UTC 2026
Cache sync 11 at Tue Jun 16 11:18:35 UTC 2026
Cache sync 12 at Tue Jun 16 11:18:35 UTC 2026
Cache sync 13 at Tue Jun 16 11:18:35 UTC 2026
Cache sync 14 at Tue Jun 16 11:18:35 UTC 2026
Cache sync 15 at Tue Jun 16 11:18:35 UTC 2026
Cache sync 16 at Tue Jun 16 11:18:35 UTC 2026
Cache sync 17 at Tue Jun 16 11:18:35 UTC 2026
Cache sync 18 at Tue Jun 16 11:18:35 UTC 2026
Cache sync 19 at Tue Jun 16 11:18:35 UTC 2026
Cache sync 20 at Tue Jun 16 11:18:35 UTC 2026
Cache sync 21 at Tue Jun 16 11:18:35 UTC 2026
Cache sync 22 at Tue Jun 16 11:18:35 UTC 2026
Cache sync 23 at Tue Jun 16 11:18:35 UTC 2026
Cache sync 24 at Tue Jun 16 11:18:35 UTC 2026
Cache sync 25 at Tue Jun 16 11:18:35 UTC 2026
Cache sync 26 at Tue Jun 16 11:18:35 UTC 2026
Cache sync 27 at Tue Jun 16 11:18:35 UTC 2026
Cache sync 28 at Tue Jun 16 11:18:35 UTC 2026
Cache sync 29 at Tue Jun 16 11:18:35 UTC 2026
Cache sync 30 at Tue Jun 16 11:18:35 UTC 2026
Cache sync 31 at Tue Jun 16 11:18:35 UTC 2026
Cache sync 32 at Tue Jun 16 11:18:35 UTC 2026
Cache sync 33 at Tue Jun 16 11:18:35 UTC 2026
Cache sync 34 at Tue Jun 16 11:18:35 UTC 2026
Cache sync 35 at Tue Jun 16 11:18:35 UTC 2026
Cache sync 36 at Tue Jun 16 11:18:35 UTC 2026
Cache sync 37 at Tue Jun 16 11:18:35 UTC 2026
Cache sync 38 at Tue Jun 16 11:18:35 UTC 2026
Cache sync 39 at Tue Jun 16 11:18:35 UTC 2026
Cache sync 40 at Tue Jun 16 11:18:35 UTC 2026
Cache sync 41 at Tue Jun 16 11:18:35 UTC 2026
Cache sync 42 at Tue Jun 16 11:18:35 UTC 2026
Cache sync 43 at Tue Jun 16 11:18:35 UTC 2026
Cache sync 44 at Tue Jun 16 11:18:35 UTC 2026
Cache sync 45 at Tue Jun 16 11:18:35 UTC 2026
Cache sync 46 at Tue Jun 16 11:18:35 UTC 2026
Cache sync 47 at Tue Jun 16 11:18:35 UTC 2026
Cache sync 48 at Tue Jun 16 11:18:35 UTC 2026
Cache sync 49 at Tue Jun 16 11:18:35 UTC 2026
Cache sync 50 at Tue Jun 16 11:18:35 UTC 2026
Cache sync 51 at Tue Jun 16 11:18:35 UTC 2026
Cache sync 52 at Tue Jun 16 11:18:35 UTC 2026
Cache sync 53 at Tue Jun 16 11:18:35 UTC 2026
Cache sync 54 at Tue Jun 16 11:18:35 UTC 2026
Cache sync 55 at Tue Jun 16 11:18:35 UTC 2026
Cache sync 56 at Tue Jun 16 11:18:35 UTC 2026
Cache sync 57 at Tue Jun 16 11:18:35 UTC 2026
Cache sync 58 at Tue Jun 16 11:18:35 UTC 2026
Cache sync 59 at Tue Jun 16 11:18:35 UTC 2026
Cache sync 60 at Tue Jun 16 11:18:36 UTC 2026
Cache sync 61 at Tue Jun 16 11:18:36 UTC 2026
Cache sync 62 at Tue Jun 16 11:18:36 UTC 2026
Cache sync 63 at Tue Jun 16 11:18:36 UTC 2026
Cache sync 64 at Tue Jun 16 11:18:36 UTC 2026
Cache sync 65 at Tue Jun 16 11:18:36 UTC 2026
Cache sync 66 at Tue Jun 16 11:18:36 UTC 2026
Cache sync 67 at Tue Jun 16 11:18:36 UTC 2026
Cache sync 68 at Tue Jun 16 11:18:36 UTC 2026
Cache sync 69 at Tue Jun 16 11:18:36 UTC 2026
Cache sync 70 at Tue Jun 16 11:18:36 UTC 2026
Cache sync 71 at Tue Jun 16 11:18:36 UTC 2026
Cache sync 72 at Tue Jun 16 11:18:36 UTC 2026
Cache sync 73 at Tue Jun 16 11:18:36 UTC 2026
Cache sync 74 at Tue Jun 16 11:18:36 UTC 2026
Cache sync 75 at Tue Jun 16 11:18:36 UTC 2026
Cache sync 1 at Tue Jun 16 17:01:23 UTC 2026
Cache sync 2 at Tue Jun 16 17:01:23 UTC 2026
Cache sync 3 at Tue Jun 16 17:01:23 UTC 2026
Cache sync 4 at Tue Jun 16 17:01:23 UTC 2026
Cache sync 5 at Tue Jun 16 17:01:23 UTC 2026
Cache sync 6 at Tue Jun 16 17:01:23 UTC 2026
Cache sync 7 at Tue Jun 16 17:01:23 UTC 2026
Cache sync 8 at Tue Jun 16 17:01:23 UTC 2026
Cache sync 9 at Tue Jun 16 17:01:23 UTC 2026
Cache sync 10 at Tue Jun 16 17:01:23 UTC 2026
Cache sync 11 at Tue Jun 16 17:01:23 UTC 2026
Cache sync 12 at Tue Jun 16 17:01:23 UTC 2026
Cache sync 13 at Tue Jun 16 17:01:23 UTC 2026
Cache sync 14 at Tue Jun 16 17:01:23 UTC 2026
Cache sync 15 at Tue Jun 16 17:01:23 UTC 2026
Cache sync 16 at Tue Jun 16 17:01:23 UTC 2026
Cache sync 17 at Tue Jun 16 17:01:23 UTC 2026
Cache sync 18 at Tue Jun 16 17:01:23 UTC 2026
Cache sync 19 at Tue Jun 16 17:01:23 UTC 2026
Cache sync 20 at Tue Jun 16 17:01:23 UTC 2026
Cache sync 21 at Tue Jun 16 17:01:23 UTC 2026
Cache sync 22 at Tue Jun 16 17:01:23 UTC 2026
Cache sync 23 at Tue Jun 16 17:01:23 UTC 2026
Cache sync 24 at Tue Jun 16 17:01:23 UTC 2026
Cache sync 25 at Tue Jun 16 17:01:23 UTC 2026
Cache sync 26 at Tue Jun 16 17:01:23 UTC 2026
Cache sync 27 at Tue Jun 16 17:01:23 UTC 2026
Cache sync 28 at Tue Jun 16 17:01:23 UTC 2026
Cache sync 29 at Tue Jun 16 17:01:23 UTC 2026
Cache sync 30 at Tue Jun 16 17:01:23 UTC 2026
Cache sync 31 at Tue Jun 16 17:01:23 UTC 2026
Cache sync 32 at Tue Jun 16 17:01:23 UTC 2026
Cache sync 33 at Tue Jun 16 17:01:23 UTC 2026
Cache sync 34 at Tue Jun 16 17:01:23 UTC 2026
Cache sync 35 at Tue Jun 16 17:01:23 UTC 2026
Cache sync 36 at Tue Jun 16 17:01:23 UTC 2026
Cache sync 37 at Tue Jun 16 17:01:24 UTC 2026
Cache sync 38 at Tue Jun 16 17:01:24 UTC 2026
Cache sync 39 at Tue Jun 16 17:01:24 UTC 2026
Cache sync 40 at Tue Jun 16 17:01:24 UTC 2026
Cache sync 41 at Tue Jun 16 17:01:24 UTC 2026
Cache sync 42 at Tue Jun 16 17:01:24 UTC 2026
Cache sync 43 at Tue Jun 16 17:01:24 UTC 2026
Cache sync 44 at Tue Jun 16 17:01:24 UTC 2026
Cache sync 45 at Tue Jun 16 17:01:24 UTC 2026
Cache sync 46 at Tue Jun 16 17:01:24 UTC 2026
Cache sync 47 at Tue Jun 16 17:01:24 UTC 2026
Cache sync 48 at Tue Jun 16 17:01:24 UTC 2026
Cache sync 49 at Tue Jun 16 17:01:24 UTC 2026
Cache sync 50 at Tue Jun 16 17:01:24 UTC 2026
Cache sync 51 at Tue Jun 16 17:01:24 UTC 2026
Cache sync 52 at Tue Jun 16 17:01:24 UTC 2026
Cache sync 53 at Tue Jun 16 17:01:24 UTC 2026
Cache sync 54 at Tue Jun 16 17:01:24 UTC 2026
Cache sync 55 at Tue Jun 16 17:01:24 UTC 2026
Cache sync 56 at Tue Jun 16 17:01:24 UTC 2026
Cache sync 57 at Tue Jun 16 17:01:24 UTC 2026
Cache sync 58 at Tue Jun 16 17:01:24 UTC 2026
Cache sync 59 at Tue Jun 16 17:01:24 UTC 2026
Cache sync 60 at Tue Jun 16 17:01:24 UTC 2026
Cache sync 61 at Tue Jun 16 17:01:24 UTC 2026
Cache sync 62 at Tue Jun 16 17:01:24 UTC 2026
Cache sync 63 at Tue Jun 16 17:01:24 UTC 2026
Cache sync 64 at Tue Jun 16 17:01:24 UTC 2026
Cache sync 1 at Tue Jun 16 20:55:56 UTC 2026
Cache sync 2 at Tue Jun 16 20:55:56 UTC 2026
Cache sync 3 at Tue Jun 16 20:55:56 UTC 2026
Cache sync 4 at Tue Jun 16 20:55:56 UTC 2026
Cache sync 5 at Tue Jun 16 20:55:56 UTC 2026
Cache sync 6 at Tue Jun 16 20:55:56 UTC 2026
Cache sync 7 at Tue Jun 16 20:55:56 UTC 2026
Cache sync 8 at Tue Jun 16 20:55:56 UTC 2026
Cache sync 9 at Tue Jun 16 20:55:56 UTC 2026
Cache sync 10 at Tue Jun 16 20:55:56 UTC 2026
Cache sync 11 at Tue Jun 16 20:55:56 UTC 2026
Cache sync 1 at Wed Jun 17 04:26:44 UTC 2026
Cache sync 2 at Wed Jun 17 04:26:44 UTC 2026
Cache sync 3 at Wed Jun 17 04:26:44 UTC 2026
Cache sync 4 at Wed Jun 17 04:26:44 UTC 2026
Cache sync 5 at Wed Jun 17 04:26:44 UTC 2026
Cache sync 6 at Wed Jun 17 04:26:44 UTC 2026
Cache sync 7 at Wed Jun 17 04:26:44 UTC 2026
Cache sync 8 at Wed Jun 17 04:26:44 UTC 2026
Cache sync 9 at Wed Jun 17 04:26:44 UTC 2026
Cache sync 10 at Wed Jun 17 04:26:44 UTC 2026
Cache sync 11 at Wed Jun 17 04:26:44 UTC 2026
Cache sync 12 at Wed Jun 17 04:26:44 UTC 2026
Cache sync 13 at Wed Jun 17 04:26:44 UTC 2026
Cache sync 14 at Wed Jun 17 04:26:44 UTC 2026
Cache sync 15 at Wed Jun 17 04:26:44 UTC 2026
Cache sync 16 at Wed Jun 17 04:26:44 UTC 2026
Cache sync 17 at Wed Jun 17 04:26:44 UTC 2026
Cache sync 18 at Wed Jun 17 04:26:44 UTC 2026
Cache sync 1 at Wed Jun 17 11:03:53 UTC 2026
Cache sync 2 at Wed Jun 17 11:03:53 UTC 2026
Cache sync 3 at Wed Jun 17 11:03:53 UTC 2026
Cache sync 4 at Wed Jun 17 11:03:53 UTC 2026
Cache sync 1 at Wed Jun 17 15:42:14 UTC 2026
Cache sync 2 at Wed Jun 17 15:42:14 UTC 2026
Cache sync 3 at Wed Jun 17 15:42:14 UTC 2026
Cache sync 4 at Wed Jun 17 15:42:14 UTC 2026
Cache sync 5 at Wed Jun 17 15:42:14 UTC 2026
Cache sync 6 at Wed Jun 17 15:42:14 UTC 2026
Cache sync 7 at Wed Jun 17 15:42:14 UTC 2026
Cache sync 8 at Wed Jun 17 15:42:14 UTC 2026
Cache sync 9 at Wed Jun 17 15:42:14 UTC 2026
Cache sync 10 at Wed Jun 17 15:42:14 UTC 2026
Cache sync 11 at Wed Jun 17 15:42:14 UTC 2026
Cache sync 12 at Wed Jun 17 15:42:14 UTC 2026
Cache sync 13 at Wed Jun 17 15:42:14 UTC 2026
Cache sync 14 at Wed Jun 17 15:42:14 UTC 2026
Cache sync 15 at Wed Jun 17 15:42:14 UTC 2026
Cache sync 16 at Wed Jun 17 15:42:14 UTC 2026
Cache sync 17 at Wed Jun 17 15:42:14 UTC 2026
Cache sync 18 at Wed Jun 17 15:42:14 UTC 2026
Cache sync 19 at Wed Jun 17 15:42:14 UTC 2026
Cache sync 20 at Wed Jun 17 15:42:14 UTC 2026
Cache sync 21 at Wed Jun 17 15:42:14 UTC 2026
Cache sync 22 at Wed Jun 17 15:42:14 UTC 2026
Cache sync 23 at Wed Jun 17 15:42:14 UTC 2026
Cache sync 24 at Wed Jun 17 15:42:14 UTC 2026
Cache sync 25 at Wed Jun 17 15:42:14 UTC 2026
Cache sync 26 at Wed Jun 17 15:42:14 UTC 2026
Cache sync 27 at Wed Jun 17 15:42:14 UTC 2026
Cache sync 28 at Wed Jun 17 15:42:14 UTC 2026
Cache sync 29 at Wed Jun 17 15:42:14 UTC 2026
Cache sync 30 at Wed Jun 17 15:42:14 UTC 2026
Cache sync 31 at Wed Jun 17 15:42:14 UTC 2026
Cache sync 32 at Wed Jun 17 15:42:14 UTC 2026
Cache sync 33 at Wed Jun 17 15:42:14 UTC 2026
Cache sync 34 at Wed Jun 17 15:42:14 UTC 2026
Cache sync 35 at Wed Jun 17 15:42:14 UTC 2026
Cache sync 36 at Wed Jun 17 15:42:14 UTC 2026
Cache sync 37 at Wed Jun 17 15:42:14 UTC 2026
Cache sync 38 at Wed Jun 17 15:42:14 UTC 2026
Cache sync 39 at Wed Jun 17 15:42:14 UTC 2026
Cache sync 40 at Wed Jun 17 15:42:14 UTC 2026
Cache sync 41 at Wed Jun 17 15:42:14 UTC 2026
Cache sync 42 at Wed Jun 17 15:42:14 UTC 2026
Cache sync 43 at Wed Jun 17 15:42:14 UTC 2026
Cache sync 44 at Wed Jun 17 15:42:14 UTC 2026
Cache sync 45 at Wed Jun 17 15:42:14 UTC 2026
Cache sync 46 at Wed Jun 17 15:42:14 UTC 2026
Cache sync 47 at Wed Jun 17 15:42:14 UTC 2026
Cache sync 48 at Wed Jun 17 15:42:14 UTC 2026
Cache sync 49 at Wed Jun 17 15:42:14 UTC 2026
Cache sync 50 at Wed Jun 17 15:42:14 UTC 2026
Cache sync 51 at Wed Jun 17 15:42:14 UTC 2026
Cache sync 52 at Wed Jun 17 15:42:14 UTC 2026
Cache sync 53 at Wed Jun 17 15:42:14 UTC 2026
Cache sync 54 at Wed Jun 17 15:42:14 UTC 2026
Cache sync 55 at Wed Jun 17 15:42:14 UTC 2026
Cache sync 56 at Wed Jun 17 15:42:14 UTC 2026
Cache sync 57 at Wed Jun 17 15:42:14 UTC 2026
Cache sync 58 at Wed Jun 17 15:42:14 UTC 2026
Cache sync 59 at Wed Jun 17 15:42:14 UTC 2026
Cache sync 60 at Wed Jun 17 15:42:14 UTC 2026
Cache sync 61 at Wed Jun 17 15:42:14 UTC 2026
Cache sync 62 at Wed Jun 17 15:42:14 UTC 2026
Cache sync 63 at Wed Jun 17 15:42:14 UTC 2026
Cache sync 1 at Wed Jun 17 20:18:21 UTC 2026
Cache sync 2 at Wed Jun 17 20:18:21 UTC 2026
Cache sync 3 at Wed Jun 17 20:18:21 UTC 2026
Cache sync 4 at Wed Jun 17 20:18:21 UTC 2026
Cache sync 5 at Wed Jun 17 20:18:21 UTC 2026
Cache sync 6 at Wed Jun 17 20:18:21 UTC 2026
Cache sync 7 at Wed Jun 17 20:18:21 UTC 2026
Cache sync 8 at Wed Jun 17 20:18:21 UTC 2026
Cache sync 9 at Wed Jun 17 20:18:21 UTC 2026
Cache sync 10 at Wed Jun 17 20:18:21 UTC 2026
Cache sync 11 at Wed Jun 17 20:18:21 UTC 2026
Cache sync 1 at Thu Jun 18 04:19:58 UTC 2026
Cache sync 2 at Thu Jun 18 04:19:58 UTC 2026
Cache sync 3 at Thu Jun 18 04:19:58 UTC 2026
Cache sync 4 at Thu Jun 18 04:19:58 UTC 2026
Cache sync 5 at Thu Jun 18 04:19:58 UTC 2026
Cache sync 6 at Thu Jun 18 04:19:58 UTC 2026
Cache sync 7 at Thu Jun 18 04:19:58 UTC 2026
Cache sync 8 at Thu Jun 18 04:19:58 UTC 2026
Cache sync 9 at Thu Jun 18 04:19:58 UTC 2026
Cache sync 10 at Thu Jun 18 04:19:58 UTC 2026
Cache sync 11 at Thu Jun 18 04:19:58 UTC 2026
Cache sync 12 at Thu Jun 18 04:19:58 UTC 2026
Cache sync 13 at Thu Jun 18 04:19:58 UTC 2026
Cache sync 14 at Thu Jun 18 04:19:58 UTC 2026
Cache sync 15 at Thu Jun 18 04:19:58 UTC 2026
Cache sync 16 at Thu Jun 18 04:19:58 UTC 2026
Cache sync 17 at Thu Jun 18 04:19:58 UTC 2026
Cache sync 18 at Thu Jun 18 04:19:58 UTC 2026
Cache sync 19 at Thu Jun 18 04:19:58 UTC 2026
Cache sync 20 at Thu Jun 18 04:19:58 UTC 2026
Cache sync 21 at Thu Jun 18 04:19:58 UTC 2026
Cache sync 22 at Thu Jun 18 04:19:58 UTC 2026
Cache sync 23 at Thu Jun 18 04:19:58 UTC 2026
Cache sync 24 at Thu Jun 18 04:19:58 UTC 2026
Cache sync 25 at Thu Jun 18 04:19:59 UTC 2026
Cache sync 26 at Thu Jun 18 04:19:59 UTC 2026
Cache sync 27 at Thu Jun 18 04:19:59 UTC 2026
Cache sync 28 at Thu Jun 18 04:19:59 UTC 2026
Cache sync 29 at Thu Jun 18 04:19:59 UTC 2026
Cache sync 30 at Thu Jun 18 04:19:59 UTC 2026
Cache sync 31 at Thu Jun 18 04:19:59 UTC 2026
Cache sync 32 at Thu Jun 18 04:19:59 UTC 2026
Cache sync 33 at Thu Jun 18 04:19:59 UTC 2026
Cache sync 34 at Thu Jun 18 04:19:59 UTC 2026
Cache sync 35 at Thu Jun 18 04:19:59 UTC 2026
Cache sync 36 at Thu Jun 18 04:19:59 UTC 2026
Cache sync 37 at Thu Jun 18 04:19:59 UTC 2026
Cache sync 38 at Thu Jun 18 04:19:59 UTC 2026
Cache sync 39 at Thu Jun 18 04:19:59 UTC 2026
Cache sync 40 at Thu Jun 18 04:19:59 UTC 2026
Cache sync 41 at Thu Jun 18 04:19:59 UTC 2026
Cache sync 42 at Thu Jun 18 04:19:59 UTC 2026
Cache sync 43 at Thu Jun 18 04:19:59 UTC 2026
Cache sync 44 at Thu Jun 18 04:19:59 UTC 2026
Cache sync 45 at Thu Jun 18 04:19:59 UTC 2026
Cache sync 46 at Thu Jun 18 04:19:59 UTC 2026
Cache sync 47 at Thu Jun 18 04:19:59 UTC 2026
Cache sync 48 at Thu Jun 18 04:19:59 UTC 2026
Cache sync 49 at Thu Jun 18 04:19:59 UTC 2026
Cache sync 50 at Thu Jun 18 04:19:59 UTC 2026
Cache sync 51 at Thu Jun 18 04:19:59 UTC 2026
Cache sync 52 at Thu Jun 18 04:19:59 UTC 2026
Cache sync 53 at Thu Jun 18 04:19:59 UTC 2026
Cache sync 54 at Thu Jun 18 04:19:59 UTC 2026
Cache sync 55 at Thu Jun 18 04:19:59 UTC 2026
Cache sync 56 at Thu Jun 18 04:19:59 UTC 2026
Cache sync 57 at Thu Jun 18 04:19:59 UTC 2026
Cache sync 58 at Thu Jun 18 04:19:59 UTC 2026
Cache sync 59 at Thu Jun 18 04:19:59 UTC 2026
Cache sync 60 at Thu Jun 18 04:19:59 UTC 2026
Cache sync 61 at Thu Jun 18 04:19:59 UTC 2026
Cache sync 62 at Thu Jun 18 04:19:59 UTC 2026
Cache sync 63 at Thu Jun 18 04:19:59 UTC 2026
Cache sync 64 at Thu Jun 18 04:19:59 UTC 2026
Cache sync 65 at Thu Jun 18 04:19:59 UTC 2026
Cache sync 66 at Thu Jun 18 04:19:59 UTC 2026
Cache sync 67 at Thu Jun 18 04:19:59 UTC 2026
Cache sync 68 at Thu Jun 18 04:19:59 UTC 2026
Cache sync 69 at Thu Jun 18 04:19:59 UTC 2026
Cache sync 1 at Thu Jun 18 10:26:01 UTC 2026
Cache sync 2 at Thu Jun 18 10:26:01 UTC 2026
Cache sync 3 at Thu Jun 18 10:26:01 UTC 2026
Cache sync 4 at Thu Jun 18 10:26:01 UTC 2026
Cache sync 5 at Thu Jun 18 10:26:01 UTC 2026
Cache sync 6 at Thu Jun 18 10:26:01 UTC 2026
Cache sync 7 at Thu Jun 18 10:26:01 UTC 2026
Cache sync 8 at Thu Jun 18 10:26:01 UTC 2026
Cache sync 9 at Thu Jun 18 10:26:01 UTC 2026
Cache sync 10 at Thu Jun 18 10:26:01 UTC 2026
Cache sync 11 at Thu Jun 18 10:26:01 UTC 2026
Cache sync 12 at Thu Jun 18 10:26:01 UTC 2026
Cache sync 13 at Thu Jun 18 10:26:01 UTC 2026
Cache sync 14 at Thu Jun 18 10:26:01 UTC 2026
Cache sync 15 at Thu Jun 18 10:26:01 UTC 2026
Cache sync 16 at Thu Jun 18 10:26:01 UTC 2026
Cache sync 17 at Thu Jun 18 10:26:01 UTC 2026
Cache sync 18 at Thu Jun 18 10:26:01 UTC 2026
Cache sync 19 at Thu Jun 18 10:26:01 UTC 2026
Cache sync 20 at Thu Jun 18 10:26:01 UTC 2026
Cache sync 21 at Thu Jun 18 10:26:01 UTC 2026
Cache sync 22 at Thu Jun 18 10:26:01 UTC 2026
Cache sync 23 at Thu Jun 18 10:26:01 UTC 2026
Cache sync 24 at Thu Jun 18 10:26:01 UTC 2026
Cache sync 25 at Thu Jun 18 10:26:01 UTC 2026
Cache sync 26 at Thu Jun 18 10:26:01 UTC 2026
Cache sync 27 at Thu Jun 18 10:26:01 UTC 2026
Cache sync 28 at Thu Jun 18 10:26:01 UTC 2026
Cache sync 29 at Thu Jun 18 10:26:01 UTC 2026
Cache sync 30 at Thu Jun 18 10:26:01 UTC 2026
Cache sync 31 at Thu Jun 18 10:26:01 UTC 2026
Cache sync 32 at Thu Jun 18 10:26:01 UTC 2026
Cache sync 33 at Thu Jun 18 10:26:01 UTC 2026
Cache sync 34 at Thu Jun 18 10:26:01 UTC 2026
Cache sync 35 at Thu Jun 18 10:26:01 UTC 2026
Cache sync 36 at Thu Jun 18 10:26:01 UTC 2026
Cache sync 37 at Thu Jun 18 10:26:01 UTC 2026
Cache sync 38 at Thu Jun 18 10:26:01 UTC 2026
Cache sync 39 at Thu Jun 18 10:26:01 UTC 2026
Cache sync 40 at Thu Jun 18 10:26:01 UTC 2026
Cache sync 41 at Thu Jun 18 10:26:01 UTC 2026
Cache sync 42 at Thu Jun 18 10:26:01 UTC 2026
Cache sync 43 at Thu Jun 18 10:26:01 UTC 2026
Cache sync 44 at Thu Jun 18 10:26:01 UTC 2026
Cache sync 45 at Thu Jun 18 10:26:01 UTC 2026
Cache sync 46 at Thu Jun 18 10:26:02 UTC 2026
Cache sync 47 at Thu Jun 18 10:26:02 UTC 2026
Cache sync 48 at Thu Jun 18 10:26:02 UTC 2026
Cache sync 49 at Thu Jun 18 10:26:02 UTC 2026
Cache sync 50 at Thu Jun 18 10:26:02 UTC 2026
Cache sync 51 at Thu Jun 18 10:26:02 UTC 2026
Cache sync 52 at Thu Jun 18 10:26:02 UTC 2026
Cache sync 53 at Thu Jun 18 10:26:02 UTC 2026
Cache sync 1 at Fri Jun 19 04:47:39 UTC 2026
Cache sync 2 at Fri Jun 19 04:47:39 UTC 2026
Cache sync 3 at Fri Jun 19 04:47:39 UTC 2026
Cache sync 4 at Fri Jun 19 04:47:39 UTC 2026
Cache sync 5 at Fri Jun 19 04:47:39 UTC 2026
Cache sync 6 at Fri Jun 19 04:47:39 UTC 2026
Cache sync 7 at Fri Jun 19 04:47:39 UTC 2026
Cache sync 8 at Fri Jun 19 04:47:39 UTC 2026
Cache sync 9 at Fri Jun 19 04:47:39 UTC 2026
Cache sync 10 at Fri Jun 19 04:47:39 UTC 2026
Cache sync 11 at Fri Jun 19 04:47:39 UTC 2026
Cache sync 12 at Fri Jun 19 04:47:39 UTC 2026
Cache sync 13 at Fri Jun 19 04:47:39 UTC 2026
Cache sync 14 at Fri Jun 19 04:47:39 UTC 2026
Cache sync 15 at Fri Jun 19 04:47:39 UTC 2026
Cache sync 16 at Fri Jun 19 04:47:39 UTC 2026
Cache sync 17 at Fri Jun 19 04:47:39 UTC 2026
Cache sync 18 at Fri Jun 19 04:47:39 UTC 2026
Cache sync 19 at Fri Jun 19 04:47:39 UTC 2026
Cache sync 20 at Fri Jun 19 04:47:39 UTC 2026
Cache sync 21 at Fri Jun 19 04:47:39 UTC 2026
Cache sync 22 at Fri Jun 19 04:47:39 UTC 2026
Cache sync 23 at Fri Jun 19 04:47:39 UTC 2026
Cache sync 24 at Fri Jun 19 04:47:39 UTC 2026
Cache sync 25 at Fri Jun 19 04:47:39 UTC 2026
Cache sync 26 at Fri Jun 19 04:47:39 UTC 2026
Cache sync 27 at Fri Jun 19 04:47:39 UTC 2026
Cache sync 28 at Fri Jun 19 04:47:39 UTC 2026
Cache sync 29 at Fri Jun 19 04:47:39 UTC 2026
Cache sync 30 at Fri Jun 19 04:47:39 UTC 2026
Cache sync 31 at Fri Jun 19 04:47:39 UTC 2026
Cache sync 32 at Fri Jun 19 04:47:39 UTC 2026
Cache sync 33 at Fri Jun 19 04:47:39 UTC 2026
Cache sync 34 at Fri Jun 19 04:47:39 UTC 2026
Cache sync 35 at Fri Jun 19 04:47:39 UTC 2026
Cache sync 36 at Fri Jun 19 04:47:39 UTC 2026
Cache sync 37 at Fri Jun 19 04:47:39 UTC 2026
Cache sync 38 at Fri Jun 19 04:47:39 UTC 2026
Cache sync 39 at Fri Jun 19 04:47:39 UTC 2026
Cache sync 40 at Fri Jun 19 04:47:39 UTC 2026
Cache sync 41 at Fri Jun 19 04:47:39 UTC 2026
Cache sync 42 at Fri Jun 19 04:47:39 UTC 2026
Cache sync 43 at Fri Jun 19 04:47:39 UTC 2026
Cache sync 44 at Fri Jun 19 04:47:39 UTC 2026
Cache sync 45 at Fri Jun 19 04:47:39 UTC 2026
Cache sync 46 at Fri Jun 19 04:47:39 UTC 2026
Cache sync 47 at Fri Jun 19 04:47:39 UTC 2026
Cache sync 48 at Fri Jun 19 04:47:39 UTC 2026
Cache sync 49 at Fri Jun 19 04:47:39 UTC 2026
Cache sync 50 at Fri Jun 19 04:47:40 UTC 2026
Cache sync 51 at Fri Jun 19 04:47:40 UTC 2026
Cache sync 52 at Fri Jun 19 04:47:40 UTC 2026
Cache sync 53 at Fri Jun 19 04:47:40 UTC 2026
Cache sync 54 at Fri Jun 19 04:47:40 UTC 2026
Cache sync 55 at Fri Jun 19 04:47:40 UTC 2026
Cache sync 56 at Fri Jun 19 04:47:40 UTC 2026
Cache sync 57 at Fri Jun 19 04:47:40 UTC 2026
Cache sync 58 at Fri Jun 19 04:47:40 UTC 2026
Cache sync 59 at Fri Jun 19 04:47:40 UTC 2026
Cache sync 60 at Fri Jun 19 04:47:40 UTC 2026
Cache sync 61 at Fri Jun 19 04:47:40 UTC 2026
Cache sync 62 at Fri Jun 19 04:47:40 UTC 2026
Cache sync 63 at Fri Jun 19 04:47:40 UTC 2026
Cache sync 64 at Fri Jun 19 04:47:40 UTC 2026
Cache sync 65 at Fri Jun 19 04:47:40 UTC 2026
Cache sync 66 at Fri Jun 19 04:47:40 UTC 2026
Cache sync 67 at Fri Jun 19 04:47:40 UTC 2026
Cache sync 68 at Fri Jun 19 04:47:40 UTC 2026
Cache sync 69 at Fri Jun 19 04:47:40 UTC 2026
Cache sync 70 at Fri Jun 19 04:47:40 UTC 2026
Cache sync 1 at Fri Jun 19 10:43:14 UTC 2026
Cache sync 2 at Fri Jun 19 10:43:14 UTC 2026
Cache sync 3 at Fri Jun 19 10:43:14 UTC 2026
Cache sync 4 at Fri Jun 19 10:43:14 UTC 2026
Cache sync 5 at Fri Jun 19 10:43:14 UTC 2026
Cache sync 6 at Fri Jun 19 10:43:14 UTC 2026
Cache sync 7 at Fri Jun 19 10:43:14 UTC 2026
Cache sync 8 at Fri Jun 19 10:43:14 UTC 2026
Cache sync 9 at Fri Jun 19 10:43:14 UTC 2026
Cache sync 10 at Fri Jun 19 10:43:14 UTC 2026
Cache sync 11 at Fri Jun 19 10:43:14 UTC 2026
Cache sync 12 at Fri Jun 19 10:43:14 UTC 2026
Cache sync 13 at Fri Jun 19 10:43:14 UTC 2026
Cache sync 14 at Fri Jun 19 10:43:14 UTC 2026
Cache sync 15 at Fri Jun 19 10:43:14 UTC 2026
Cache sync 16 at Fri Jun 19 10:43:14 UTC 2026
Cache sync 17 at Fri Jun 19 10:43:14 UTC 2026
Cache sync 18 at Fri Jun 19 10:43:14 UTC 2026
Cache sync 19 at Fri Jun 19 10:43:14 UTC 2026
Cache sync 20 at Fri Jun 19 10:43:14 UTC 2026
Cache sync 21 at Fri Jun 19 10:43:14 UTC 2026
Cache sync 22 at Fri Jun 19 10:43:14 UTC 2026
Cache sync 23 at Fri Jun 19 10:43:14 UTC 2026
Cache sync 24 at Fri Jun 19 10:43:14 UTC 2026
Cache sync 25 at Fri Jun 19 10:43:14 UTC 2026
Cache sync 26 at Fri Jun 19 10:43:14 UTC 2026
Cache sync 27 at Fri Jun 19 10:43:14 UTC 2026
Cache sync 28 at Fri Jun 19 10:43:14 UTC 2026
Cache sync 29 at Fri Jun 19 10:43:14 UTC 2026
Cache sync 30 at Fri Jun 19 10:43:14 UTC 2026
Cache sync 31 at Fri Jun 19 10:43:14 UTC 2026
Cache sync 32 at Fri Jun 19 10:43:14 UTC 2026
Cache sync 33 at Fri Jun 19 10:43:14 UTC 2026
Cache sync 34 at Fri Jun 19 10:43:14 UTC 2026
Cache sync 35 at Fri Jun 19 10:43:14 UTC 2026
Cache sync 36 at Fri Jun 19 10:43:14 UTC 2026
Cache sync 1 at Fri Jun 19 15:27:32 UTC 2026
Cache sync 2 at Fri Jun 19 15:27:32 UTC 2026
Cache sync 3 at Fri Jun 19 15:27:32 UTC 2026
Cache sync 4 at Fri Jun 19 15:27:32 UTC 2026
Cache sync 5 at Fri Jun 19 15:27:33 UTC 2026
Cache sync 6 at Fri Jun 19 15:27:33 UTC 2026
Cache sync 7 at Fri Jun 19 15:27:33 UTC 2026
Cache sync 8 at Fri Jun 19 15:27:33 UTC 2026
Cache sync 9 at Fri Jun 19 15:27:33 UTC 2026
Cache sync 10 at Fri Jun 19 15:27:33 UTC 2026
Cache sync 11 at Fri Jun 19 15:27:33 UTC 2026
Cache sync 12 at Fri Jun 19 15:27:33 UTC 2026
Cache sync 13 at Fri Jun 19 15:27:33 UTC 2026
Cache sync 14 at Fri Jun 19 15:27:33 UTC 2026
Cache sync 15 at Fri Jun 19 15:27:33 UTC 2026
Cache sync 16 at Fri Jun 19 15:27:33 UTC 2026
Cache sync 17 at Fri Jun 19 15:27:33 UTC 2026
Cache sync 18 at Fri Jun 19 15:27:33 UTC 2026
Cache sync 19 at Fri Jun 19 15:27:33 UTC 2026
Cache sync 20 at Fri Jun 19 15:27:33 UTC 2026
Cache sync 21 at Fri Jun 19 15:27:33 UTC 2026
Cache sync 22 at Fri Jun 19 15:27:33 UTC 2026
Cache sync 23 at Fri Jun 19 15:27:33 UTC 2026
Cache sync 24 at Fri Jun 19 15:27:33 UTC 2026
Cache sync 1 at Fri Jun 19 19:53:11 UTC 2026
Cache sync 2 at Fri Jun 19 19:53:11 UTC 2026
Cache sync 3 at Fri Jun 19 19:53:11 UTC 2026
Cache sync 4 at Fri Jun 19 19:53:11 UTC 2026
Cache sync 5 at Fri Jun 19 19:53:11 UTC 2026
Cache sync 6 at Fri Jun 19 19:53:11 UTC 2026
Cache sync 7 at Fri Jun 19 19:53:11 UTC 2026
Cache sync 8 at Fri Jun 19 19:53:11 UTC 2026
Cache sync 9 at Fri Jun 19 19:53:11 UTC 2026
Cache sync 10 at Fri Jun 19 19:53:11 UTC 2026
Cache sync 11 at Fri Jun 19 19:53:11 UTC 2026
Cache sync 12 at Fri Jun 19 19:53:11 UTC 2026
Cache sync 13 at Fri Jun 19 19:53:11 UTC 2026
Cache sync 14 at Fri Jun 19 19:53:11 UTC 2026
Cache sync 15 at Fri Jun 19 19:53:11 UTC 2026
Cache sync 16 at Fri Jun 19 19:53:11 UTC 2026
Cache sync 17 at Fri Jun 19 19:53:11 UTC 2026
Cache sync 18 at Fri Jun 19 19:53:11 UTC 2026
Cache sync 19 at Fri Jun 19 19:53:11 UTC 2026
Cache sync 20 at Fri Jun 19 19:53:11 UTC 2026
Cache sync 21 at Fri Jun 19 19:53:11 UTC 2026
Cache sync 22 at Fri Jun 19 19:53:12 UTC 2026
Cache sync 23 at Fri Jun 19 19:53:12 UTC 2026
Cache sync 24 at Fri Jun 19 19:53:12 UTC 2026
Cache sync 25 at Fri Jun 19 19:53:12 UTC 2026
Cache sync 26 at Fri Jun 19 19:53:12 UTC 2026
Cache sync 27 at Fri Jun 19 19:53:12 UTC 2026
Cache sync 28 at Fri Jun 19 19:53:12 UTC 2026
Cache sync 29 at Fri Jun 19 19:53:12 UTC 2026
Cache sync 30 at Fri Jun 19 19:53:12 UTC 2026
Cache sync 31 at Fri Jun 19 19:53:12 UTC 2026
Cache sync 32 at Fri Jun 19 19:53:12 UTC 2026
Cache sync 33 at Fri Jun 19 19:53:12 UTC 2026
Cache sync 34 at Fri Jun 19 19:53:12 UTC 2026
Cache sync 35 at Fri Jun 19 19:53:12 UTC 2026
Cache sync 36 at Fri Jun 19 19:53:12 UTC 2026
Cache sync 37 at Fri Jun 19 19:53:12 UTC 2026
Cache sync 38 at Fri Jun 19 19:53:12 UTC 2026
Cache sync 39 at Fri Jun 19 19:53:12 UTC 2026
Cache sync 40 at Fri Jun 19 19:53:12 UTC 2026
Cache sync 41 at Fri Jun 19 19:53:12 UTC 2026
Cache sync 42 at Fri Jun 19 19:53:12 UTC 2026
Cache sync 43 at Fri Jun 19 19:53:12 UTC 2026
Cache sync 44 at Fri Jun 19 19:53:12 UTC 2026
Cache sync 45 at Fri Jun 19 19:53:12 UTC 2026
Cache sync 46 at Fri Jun 19 19:53:12 UTC 2026
Cache sync 47 at Fri Jun 19 19:53:12 UTC 2026
Cache sync 48 at Fri Jun 19 19:53:12 UTC 2026
Cache sync 49 at Fri Jun 19 19:53:12 UTC 2026
Cache sync 50 at Fri Jun 19 19:53:12 UTC 2026
Cache sync 51 at Fri Jun 19 19:53:12 UTC 2026
Cache sync 52 at Fri Jun 19 19:53:12 UTC 2026
Cache sync 53 at Fri Jun 19 19:53:12 UTC 2026
Cache sync 54 at Fri Jun 19 19:53:12 UTC 2026
Cache sync 55 at Fri Jun 19 19:53:12 UTC 2026
Cache sync 56 at Fri Jun 19 19:53:12 UTC 2026
Cache sync 57 at Fri Jun 19 19:53:12 UTC 2026
Cache sync 58 at Fri Jun 19 19:53:12 UTC 2026
Cache sync 59 at Fri Jun 19 19:53:12 UTC 2026
Cache sync 1 at Sat Jun 20 04:02:04 UTC 2026
Cache sync 2 at Sat Jun 20 04:02:04 UTC 2026
Cache sync 3 at Sat Jun 20 04:02:04 UTC 2026
Cache sync 4 at Sat Jun 20 04:02:04 UTC 2026
Cache sync 5 at Sat Jun 20 04:02:04 UTC 2026
Cache sync 6 at Sat Jun 20 04:02:04 UTC 2026
Cache sync 7 at Sat Jun 20 04:02:04 UTC 2026
Cache sync 8 at Sat Jun 20 04:02:04 UTC 2026
Cache sync 9 at Sat Jun 20 04:02:04 UTC 2026
Cache sync 10 at Sat Jun 20 04:02:04 UTC 2026
Cache sync 11 at Sat Jun 20 04:02:04 UTC 2026
Cache sync 12 at Sat Jun 20 04:02:04 UTC 2026
Cache sync 13 at Sat Jun 20 04:02:04 UTC 2026
Cache sync 1 at Sat Jun 20 09:22:46 UTC 2026
Cache sync 2 at Sat Jun 20 09:22:46 UTC 2026
Cache sync 3 at Sat Jun 20 09:22:46 UTC 2026
Cache sync 4 at Sat Jun 20 09:22:46 UTC 2026
Cache sync 5 at Sat Jun 20 09:22:46 UTC 2026
Cache sync 6 at Sat Jun 20 09:22:46 UTC 2026
Cache sync 7 at Sat Jun 20 09:22:46 UTC 2026
Cache sync 8 at Sat Jun 20 09:22:46 UTC 2026
Cache sync 9 at Sat Jun 20 09:22:46 UTC 2026
Cache sync 10 at Sat Jun 20 09:22:46 UTC 2026
Cache sync 11 at Sat Jun 20 09:22:46 UTC 2026
Cache sync 12 at Sat Jun 20 09:22:46 UTC 2026
Cache sync 13 at Sat Jun 20 09:22:46 UTC 2026
Cache sync 14 at Sat Jun 20 09:22:46 UTC 2026
Cache sync 15 at Sat Jun 20 09:22:46 UTC 2026
Cache sync 16 at Sat Jun 20 09:22:46 UTC 2026
Cache sync 17 at Sat Jun 20 09:22:46 UTC 2026
Cache sync 18 at Sat Jun 20 09:22:46 UTC 2026
Cache sync 19 at Sat Jun 20 09:22:46 UTC 2026
Cache sync 20 at Sat Jun 20 09:22:46 UTC 2026
Cache sync 21 at Sat Jun 20 09:22:46 UTC 2026
Cache sync 22 at Sat Jun 20 09:22:46 UTC 2026
Cache sync 23 at Sat Jun 20 09:22:46 UTC 2026
Cache sync 24 at Sat Jun 20 09:22:46 UTC 2026
Cache sync 25 at Sat Jun 20 09:22:46 UTC 2026
Cache sync 26 at Sat Jun 20 09:22:46 UTC 2026
Cache sync 27 at Sat Jun 20 09:22:46 UTC 2026
Cache sync 1 at Sat Jun 20 14:11:11 UTC 2026
Cache sync 2 at Sat Jun 20 14:11:11 UTC 2026
Cache sync 3 at Sat Jun 20 14:11:11 UTC 2026
Cache sync 4 at Sat Jun 20 14:11:11 UTC 2026
Cache sync 5 at Sat Jun 20 14:11:11 UTC 2026
Cache sync 6 at Sat Jun 20 14:11:11 UTC 2026
Cache sync 7 at Sat Jun 20 14:11:11 UTC 2026
Cache sync 8 at Sat Jun 20 14:11:11 UTC 2026
Cache sync 9 at Sat Jun 20 14:11:11 UTC 2026
Cache sync 10 at Sat Jun 20 14:11:11 UTC 2026
Cache sync 11 at Sat Jun 20 14:11:11 UTC 2026
Cache sync 12 at Sat Jun 20 14:11:11 UTC 2026
Cache sync 13 at Sat Jun 20 14:11:11 UTC 2026
Cache sync 14 at Sat Jun 20 14:11:11 UTC 2026
Cache sync 15 at Sat Jun 20 14:11:11 UTC 2026
Cache sync 16 at Sat Jun 20 14:11:11 UTC 2026
Cache sync 17 at Sat Jun 20 14:11:11 UTC 2026
Cache sync 18 at Sat Jun 20 14:11:11 UTC 2026
Cache sync 19 at Sat Jun 20 14:11:11 UTC 2026
Cache sync 20 at Sat Jun 20 14:11:11 UTC 2026
Cache sync 21 at Sat Jun 20 14:11:11 UTC 2026
Cache sync 22 at Sat Jun 20 14:11:11 UTC 2026
Cache sync 23 at Sat Jun 20 14:11:11 UTC 2026
Cache sync 24 at Sat Jun 20 14:11:11 UTC 2026
Cache sync 25 at Sat Jun 20 14:11:11 UTC 2026
Cache sync 26 at Sat Jun 20 14:11:11 UTC 2026
Cache sync 27 at Sat Jun 20 14:11:11 UTC 2026
Cache sync 28 at Sat Jun 20 14:11:11 UTC 2026
Cache sync 29 at Sat Jun 20 14:11:11 UTC 2026
Cache sync 30 at Sat Jun 20 14:11:11 UTC 2026
Cache sync 31 at Sat Jun 20 14:11:11 UTC 2026
Cache sync 32 at Sat Jun 20 14:11:11 UTC 2026
Cache sync 33 at Sat Jun 20 14:11:11 UTC 2026
Cache sync 34 at Sat Jun 20 14:11:11 UTC 2026
Cache sync 35 at Sat Jun 20 14:11:11 UTC 2026
Cache sync 36 at Sat Jun 20 14:11:11 UTC 2026
Cache sync 37 at Sat Jun 20 14:11:11 UTC 2026
Cache sync 38 at Sat Jun 20 14:11:11 UTC 2026
Cache sync 39 at Sat Jun 20 14:11:11 UTC 2026
Cache sync 40 at Sat Jun 20 14:11:11 UTC 2026
Cache sync 41 at Sat Jun 20 14:11:11 UTC 2026
Cache sync 42 at Sat Jun 20 14:11:11 UTC 2026
Cache sync 43 at Sat Jun 20 14:11:11 UTC 2026
Cache sync 44 at Sat Jun 20 14:11:11 UTC 2026
Cache sync 45 at Sat Jun 20 14:11:11 UTC 2026
Cache sync 46 at Sat Jun 20 14:11:11 UTC 2026
Cache sync 47 at Sat Jun 20 14:11:11 UTC 2026
Cache sync 48 at Sat Jun 20 14:11:11 UTC 2026
Cache sync 49 at Sat Jun 20 14:11:11 UTC 2026
Cache sync 50 at Sat Jun 20 14:11:11 UTC 2026
Cache sync 51 at Sat Jun 20 14:11:11 UTC 2026
Cache sync 52 at Sat Jun 20 14:11:11 UTC 2026
Cache sync 53 at Sat Jun 20 14:11:11 UTC 2026
Cache sync 54 at Sat Jun 20 14:11:11 UTC 2026
Cache sync 55 at Sat Jun 20 14:11:11 UTC 2026
Cache sync 56 at Sat Jun 20 14:11:12 UTC 2026
Cache sync 57 at Sat Jun 20 14:11:12 UTC 2026
Cache sync 58 at Sat Jun 20 14:11:12 UTC 2026
Cache sync 59 at Sat Jun 20 14:11:12 UTC 2026
Cache sync 60 at Sat Jun 20 14:11:12 UTC 2026
Cache sync 1 at Sat Jun 20 19:42:13 UTC 2026
Cache sync 2 at Sat Jun 20 19:42:13 UTC 2026
Cache sync 3 at Sat Jun 20 19:42:13 UTC 2026
Cache sync 4 at Sat Jun 20 19:42:13 UTC 2026
Cache sync 5 at Sat Jun 20 19:42:13 UTC 2026
Cache sync 6 at Sat Jun 20 19:42:13 UTC 2026
Cache sync 7 at Sat Jun 20 19:42:13 UTC 2026
Cache sync 8 at Sat Jun 20 19:42:13 UTC 2026
Cache sync 9 at Sat Jun 20 19:42:13 UTC 2026
Cache sync 10 at Sat Jun 20 19:42:13 UTC 2026
Cache sync 11 at Sat Jun 20 19:42:13 UTC 2026
Cache sync 12 at Sat Jun 20 19:42:13 UTC 2026
Cache sync 13 at Sat Jun 20 19:42:13 UTC 2026
Cache sync 14 at Sat Jun 20 19:42:13 UTC 2026
Cache sync 15 at Sat Jun 20 19:42:13 UTC 2026
Cache sync 16 at Sat Jun 20 19:42:13 UTC 2026
Cache sync 17 at Sat Jun 20 19:42:13 UTC 2026
Cache sync 18 at Sat Jun 20 19:42:13 UTC 2026
Cache sync 19 at Sat Jun 20 19:42:13 UTC 2026
Cache sync 20 at Sat Jun 20 19:42:13 UTC 2026
Cache sync 21 at Sat Jun 20 19:42:13 UTC 2026
Cache sync 22 at Sat Jun 20 19:42:13 UTC 2026
Cache sync 23 at Sat Jun 20 19:42:13 UTC 2026
Cache sync 24 at Sat Jun 20 19:42:13 UTC 2026
Cache sync 25 at Sat Jun 20 19:42:13 UTC 2026
Cache sync 26 at Sat Jun 20 19:42:13 UTC 2026
Cache sync 27 at Sat Jun 20 19:42:13 UTC 2026
Cache sync 28 at Sat Jun 20 19:42:13 UTC 2026
Cache sync 29 at Sat Jun 20 19:42:13 UTC 2026
Cache sync 30 at Sat Jun 20 19:42:13 UTC 2026
Cache sync 31 at Sat Jun 20 19:42:13 UTC 2026
Cache sync 1 at Sun Jun 21 04:43:49 UTC 2026
Cache sync 2 at Sun Jun 21 04:43:49 UTC 2026
Cache sync 3 at Sun Jun 21 04:43:49 UTC 2026
Cache sync 4 at Sun Jun 21 04:43:49 UTC 2026
Cache sync 5 at Sun Jun 21 04:43:49 UTC 2026
Cache sync 6 at Sun Jun 21 04:43:49 UTC 2026
Cache sync 7 at Sun Jun 21 04:43:49 UTC 2026
Cache sync 8 at Sun Jun 21 04:43:49 UTC 2026
Cache sync 9 at Sun Jun 21 04:43:49 UTC 2026
Cache sync 10 at Sun Jun 21 04:43:49 UTC 2026
Cache sync 11 at Sun Jun 21 04:43:49 UTC 2026
Cache sync 12 at Sun Jun 21 04:43:49 UTC 2026
Cache sync 13 at Sun Jun 21 04:43:49 UTC 2026
Cache sync 14 at Sun Jun 21 04:43:49 UTC 2026
Cache sync 15 at Sun Jun 21 04:43:49 UTC 2026
Cache sync 16 at Sun Jun 21 04:43:49 UTC 2026
Cache sync 17 at Sun Jun 21 04:43:49 UTC 2026
Cache sync 18 at Sun Jun 21 04:43:49 UTC 2026
Cache sync 19 at Sun Jun 21 04:43:49 UTC 2026
Cache sync 20 at Sun Jun 21 04:43:49 UTC 2026
Cache sync 21 at Sun Jun 21 04:43:49 UTC 2026
Cache sync 22 at Sun Jun 21 04:43:49 UTC 2026
Cache sync 23 at Sun Jun 21 04:43:49 UTC 2026
Cache sync 24 at Sun Jun 21 04:43:49 UTC 2026
Cache sync 25 at Sun Jun 21 04:43:49 UTC 2026
Cache sync 26 at Sun Jun 21 04:43:49 UTC 2026
Cache sync 27 at Sun Jun 21 04:43:49 UTC 2026
Cache sync 28 at Sun Jun 21 04:43:49 UTC 2026
Cache sync 29 at Sun Jun 21 04:43:49 UTC 2026
Cache sync 30 at Sun Jun 21 04:43:49 UTC 2026
Cache sync 31 at Sun Jun 21 04:43:49 UTC 2026
Cache sync 32 at Sun Jun 21 04:43:49 UTC 2026
Cache sync 33 at Sun Jun 21 04:43:50 UTC 2026
Cache sync 34 at Sun Jun 21 04:43:50 UTC 2026
Cache sync 35 at Sun Jun 21 04:43:50 UTC 2026
Cache sync 36 at Sun Jun 21 04:43:50 UTC 2026
Cache sync 37 at Sun Jun 21 04:43:50 UTC 2026
Cache sync 38 at Sun Jun 21 04:43:50 UTC 2026
Cache sync 39 at Sun Jun 21 04:43:50 UTC 2026
Cache sync 40 at Sun Jun 21 04:43:50 UTC 2026
Cache sync 41 at Sun Jun 21 04:43:50 UTC 2026
Cache sync 42 at Sun Jun 21 04:43:50 UTC 2026
Cache sync 43 at Sun Jun 21 04:43:50 UTC 2026
Cache sync 44 at Sun Jun 21 04:43:50 UTC 2026
Cache sync 45 at Sun Jun 21 04:43:50 UTC 2026
Cache sync 46 at Sun Jun 21 04:43:50 UTC 2026
Cache sync 47 at Sun Jun 21 04:43:50 UTC 2026
Cache sync 1 at Sun Jun 21 09:54:50 UTC 2026
Cache sync 2 at Sun Jun 21 09:54:50 UTC 2026
Cache sync 3 at Sun Jun 21 09:54:50 UTC 2026
Cache sync 4 at Sun Jun 21 09:54:50 UTC 2026
Cache sync 5 at Sun Jun 21 09:54:50 UTC 2026
Cache sync 6 at Sun Jun 21 09:54:50 UTC 2026
Cache sync 7 at Sun Jun 21 09:54:50 UTC 2026
Cache sync 8 at Sun Jun 21 09:54:50 UTC 2026
Cache sync 9 at Sun Jun 21 09:54:50 UTC 2026
Cache sync 10 at Sun Jun 21 09:54:50 UTC 2026
Cache sync 11 at Sun Jun 21 09:54:50 UTC 2026
Cache sync 12 at Sun Jun 21 09:54:50 UTC 2026
Cache sync 13 at Sun Jun 21 09:54:50 UTC 2026
Cache sync 14 at Sun Jun 21 09:54:50 UTC 2026
Cache sync 15 at Sun Jun 21 09:54:50 UTC 2026
Cache sync 16 at Sun Jun 21 09:54:50 UTC 2026
Cache sync 17 at Sun Jun 21 09:54:50 UTC 2026
Cache sync 18 at Sun Jun 21 09:54:50 UTC 2026
Cache sync 19 at Sun Jun 21 09:54:50 UTC 2026
Cache sync 20 at Sun Jun 21 09:54:50 UTC 2026
Cache sync 21 at Sun Jun 21 09:54:50 UTC 2026
Cache sync 22 at Sun Jun 21 09:54:50 UTC 2026
Cache sync 23 at Sun Jun 21 09:54:50 UTC 2026
Cache sync 24 at Sun Jun 21 09:54:50 UTC 2026
Cache sync 25 at Sun Jun 21 09:54:50 UTC 2026
Cache sync 26 at Sun Jun 21 09:54:50 UTC 2026
Cache sync 27 at Sun Jun 21 09:54:50 UTC 2026
Cache sync 28 at Sun Jun 21 09:54:50 UTC 2026
Cache sync 29 at Sun Jun 21 09:54:50 UTC 2026
Cache sync 30 at Sun Jun 21 09:54:50 UTC 2026
Cache sync 31 at Sun Jun 21 09:54:50 UTC 2026
Cache sync 32 at Sun Jun 21 09:54:50 UTC 2026
Cache sync 33 at Sun Jun 21 09:54:50 UTC 2026
Cache sync 1 at Mon Jun 22 12:11:04 UTC 2026
Cache sync 1 at Mon Jun 22 20:52:31 UTC 2026
Cache sync 2 at Mon Jun 22 20:52:31 UTC 2026
Cache sync 3 at Mon Jun 22 20:52:31 UTC 2026
Cache sync 4 at Mon Jun 22 20:52:31 UTC 2026
Cache sync 5 at Mon Jun 22 20:52:32 UTC 2026
Cache sync 6 at Mon Jun 22 20:52:32 UTC 2026
Cache sync 7 at Mon Jun 22 20:52:32 UTC 2026
Cache sync 8 at Mon Jun 22 20:52:32 UTC 2026
Cache sync 9 at Mon Jun 22 20:52:32 UTC 2026
Cache sync 10 at Mon Jun 22 20:52:32 UTC 2026
Cache sync 11 at Mon Jun 22 20:52:32 UTC 2026
Cache sync 12 at Mon Jun 22 20:52:32 UTC 2026
Cache sync 13 at Mon Jun 22 20:52:32 UTC 2026
Cache sync 14 at Mon Jun 22 20:52:32 UTC 2026
Cache sync 15 at Mon Jun 22 20:52:32 UTC 2026
Cache sync 16 at Mon Jun 22 20:52:32 UTC 2026
Cache sync 17 at Mon Jun 22 20:52:32 UTC 2026
Cache sync 18 at Mon Jun 22 20:52:32 UTC 2026
Cache sync 19 at Mon Jun 22 20:52:32 UTC 2026
Cache sync 20 at Mon Jun 22 20:52:32 UTC 2026
Cache sync 21 at Mon Jun 22 20:52:32 UTC 2026
Cache sync 22 at Mon Jun 22 20:52:32 UTC 2026
Cache sync 23 at Mon Jun 22 20:52:32 UTC 2026
Cache sync 24 at Mon Jun 22 20:52:32 UTC 2026
Cache sync 25 at Mon Jun 22 20:52:32 UTC 2026
Cache sync 26 at Mon Jun 22 20:52:32 UTC 2026
Cache sync 27 at Mon Jun 22 20:52:32 UTC 2026
Cache sync 28 at Mon Jun 22 20:52:32 UTC 2026
Cache sync 29 at Mon Jun 22 20:52:32 UTC 2026
Cache sync 30 at Mon Jun 22 20:52:32 UTC 2026
Cache sync 31 at Mon Jun 22 20:52:32 UTC 2026
Cache sync 32 at Mon Jun 22 20:52:32 UTC 2026
Cache sync 33 at Mon Jun 22 20:52:32 UTC 2026
Cache sync 1 at Tue Jun 23 03:54:03 UTC 2026
Cache sync 2 at Tue Jun 23 03:54:03 UTC 2026
Cache sync 3 at Tue Jun 23 03:54:03 UTC 2026
Cache sync 4 at Tue Jun 23 03:54:03 UTC 2026
Cache sync 5 at Tue Jun 23 03:54:03 UTC 2026
Cache sync 6 at Tue Jun 23 03:54:03 UTC 2026
Cache sync 7 at Tue Jun 23 03:54:03 UTC 2026
Cache sync 8 at Tue Jun 23 03:54:03 UTC 2026
Cache sync 9 at Tue Jun 23 03:54:03 UTC 2026
Cache sync 10 at Tue Jun 23 03:54:03 UTC 2026
Cache sync 11 at Tue Jun 23 03:54:03 UTC 2026
Cache sync 12 at Tue Jun 23 03:54:03 UTC 2026
Cache sync 13 at Tue Jun 23 03:54:03 UTC 2026
Cache sync 14 at Tue Jun 23 03:54:03 UTC 2026
Cache sync 15 at Tue Jun 23 03:54:03 UTC 2026
Cache sync 16 at Tue Jun 23 03:54:03 UTC 2026
Cache sync 17 at Tue Jun 23 03:54:03 UTC 2026
Cache sync 18 at Tue Jun 23 03:54:03 UTC 2026
Cache sync 19 at Tue Jun 23 03:54:03 UTC 2026
Cache sync 20 at Tue Jun 23 03:54:03 UTC 2026
Cache sync 21 at Tue Jun 23 03:54:03 UTC 2026
Cache sync 22 at Tue Jun 23 03:54:03 UTC 2026
Cache sync 23 at Tue Jun 23 03:54:03 UTC 2026
Cache sync 24 at Tue Jun 23 03:54:03 UTC 2026
Cache sync 25 at Tue Jun 23 03:54:03 UTC 2026
Cache sync 26 at Tue Jun 23 03:54:03 UTC 2026
Cache sync 27 at Tue Jun 23 03:54:03 UTC 2026
Cache sync 28 at Tue Jun 23 03:54:03 UTC 2026
Cache sync 29 at Tue Jun 23 03:54:03 UTC 2026
Cache sync 30 at Tue Jun 23 03:54:03 UTC 2026
Cache sync 31 at Tue Jun 23 03:54:03 UTC 2026
Cache sync 32 at Tue Jun 23 03:54:03 UTC 2026
Cache sync 33 at Tue Jun 23 03:54:03 UTC 2026
Cache sync 34 at Tue Jun 23 03:54:03 UTC 2026
Cache sync 35 at Tue Jun 23 03:54:03 UTC 2026
Cache sync 36 at Tue Jun 23 03:54:03 UTC 2026
Cache sync 37 at Tue Jun 23 03:54:03 UTC 2026
Cache sync 38 at Tue Jun 23 03:54:03 UTC 2026
Cache sync 39 at Tue Jun 23 03:54:03 UTC 2026
Cache sync 40 at Tue Jun 23 03:54:03 UTC 2026
Cache sync 41 at Tue Jun 23 03:54:03 UTC 2026
Cache sync 1 at Tue Jun 23 09:48:56 UTC 2026
Cache sync 2 at Tue Jun 23 09:48:56 UTC 2026
Cache sync 3 at Tue Jun 23 09:48:56 UTC 2026
Cache sync 4 at Tue Jun 23 09:48:56 UTC 2026
Cache sync 5 at Tue Jun 23 09:48:56 UTC 2026
Cache sync 6 at Tue Jun 23 09:48:56 UTC 2026
Cache sync 7 at Tue Jun 23 09:48:56 UTC 2026
Cache sync 8 at Tue Jun 23 09:48:56 UTC 2026
Cache sync 9 at Tue Jun 23 09:48:56 UTC 2026
Cache sync 10 at Tue Jun 23 09:48:56 UTC 2026
Cache sync 11 at Tue Jun 23 09:48:56 UTC 2026
Cache sync 12 at Tue Jun 23 09:48:56 UTC 2026
Cache sync 13 at Tue Jun 23 09:48:56 UTC 2026
Cache sync 14 at Tue Jun 23 09:48:56 UTC 2026
Cache sync 15 at Tue Jun 23 09:48:56 UTC 2026
Cache sync 16 at Tue Jun 23 09:48:56 UTC 2026
Cache sync 17 at Tue Jun 23 09:48:56 UTC 2026
Cache sync 18 at Tue Jun 23 09:48:56 UTC 2026
Cache sync 19 at Tue Jun 23 09:48:56 UTC 2026
Cache sync 20 at Tue Jun 23 09:48:56 UTC 2026
Cache sync 21 at Tue Jun 23 09:48:56 UTC 2026
Cache sync 22 at Tue Jun 23 09:48:56 UTC 2026
Cache sync 23 at Tue Jun 23 09:48:56 UTC 2026
Cache sync 24 at Tue Jun 23 09:48:56 UTC 2026
Cache sync 25 at Tue Jun 23 09:48:56 UTC 2026
Cache sync 26 at Tue Jun 23 09:48:56 UTC 2026
Cache sync 27 at Tue Jun 23 09:48:56 UTC 2026
Cache sync 28 at Tue Jun 23 09:48:56 UTC 2026
Cache sync 29 at Tue Jun 23 09:48:56 UTC 2026
Cache sync 30 at Tue Jun 23 09:48:56 UTC 2026
Cache sync 31 at Tue Jun 23 09:48:56 UTC 2026
Cache sync 32 at Tue Jun 23 09:48:56 UTC 2026
Cache sync 33 at Tue Jun 23 09:48:57 UTC 2026
Cache sync 34 at Tue Jun 23 09:48:57 UTC 2026
Cache sync 35 at Tue Jun 23 09:48:57 UTC 2026
Cache sync 36 at Tue Jun 23 09:48:57 UTC 2026
Cache sync 37 at Tue Jun 23 09:48:57 UTC 2026
Cache sync 38 at Tue Jun 23 09:48:57 UTC 2026
Cache sync 39 at Tue Jun 23 09:48:57 UTC 2026
Cache sync 1 at Tue Jun 23 14:56:22 UTC 2026
Cache sync 2 at Tue Jun 23 14:56:22 UTC 2026
Cache sync 3 at Tue Jun 23 14:56:22 UTC 2026
Cache sync 4 at Tue Jun 23 14:56:22 UTC 2026
Cache sync 5 at Tue Jun 23 14:56:22 UTC 2026
Cache sync 6 at Tue Jun 23 14:56:22 UTC 2026
Cache sync 7 at Tue Jun 23 14:56:22 UTC 2026
Cache sync 8 at Tue Jun 23 14:56:22 UTC 2026
Cache sync 9 at Tue Jun 23 14:56:22 UTC 2026
Cache sync 10 at Tue Jun 23 14:56:22 UTC 2026
Cache sync 11 at Tue Jun 23 14:56:22 UTC 2026
Cache sync 12 at Tue Jun 23 14:56:22 UTC 2026
Cache sync 13 at Tue Jun 23 14:56:22 UTC 2026
Cache sync 14 at Tue Jun 23 14:56:22 UTC 2026
Cache sync 15 at Tue Jun 23 14:56:22 UTC 2026
Cache sync 16 at Tue Jun 23 14:56:22 UTC 2026
Cache sync 17 at Tue Jun 23 14:56:22 UTC 2026
Cache sync 18 at Tue Jun 23 14:56:22 UTC 2026
Cache sync 19 at Tue Jun 23 14:56:22 UTC 2026
Cache sync 20 at Tue Jun 23 14:56:22 UTC 2026
Cache sync 21 at Tue Jun 23 14:56:22 UTC 2026
Cache sync 22 at Tue Jun 23 14:56:22 UTC 2026
Cache sync 23 at Tue Jun 23 14:56:22 UTC 2026
Cache sync 24 at Tue Jun 23 14:56:22 UTC 2026
Cache sync 25 at Tue Jun 23 14:56:22 UTC 2026
Cache sync 26 at Tue Jun 23 14:56:22 UTC 2026
Cache sync 27 at Tue Jun 23 14:56:22 UTC 2026
Cache sync 28 at Tue Jun 23 14:56:22 UTC 2026
Cache sync 29 at Tue Jun 23 14:56:22 UTC 2026
Cache sync 30 at Tue Jun 23 14:56:23 UTC 2026
Cache sync 31 at Tue Jun 23 14:56:23 UTC 2026
Cache sync 32 at Tue Jun 23 14:56:23 UTC 2026
Cache sync 33 at Tue Jun 23 14:56:23 UTC 2026
Cache sync 34 at Tue Jun 23 14:56:23 UTC 2026
Cache sync 35 at Tue Jun 23 14:56:23 UTC 2026
Cache sync 36 at Tue Jun 23 14:56:23 UTC 2026
Cache sync 37 at Tue Jun 23 14:56:23 UTC 2026
Cache sync 38 at Tue Jun 23 14:56:23 UTC 2026
Cache sync 39 at Tue Jun 23 14:56:23 UTC 2026
Cache sync 1 at Tue Jun 23 20:10:18 UTC 2026
Cache sync 2 at Tue Jun 23 20:10:18 UTC 2026
Cache sync 3 at Tue Jun 23 20:10:18 UTC 2026
Cache sync 4 at Tue Jun 23 20:10:18 UTC 2026
Cache sync 5 at Tue Jun 23 20:10:18 UTC 2026
Cache sync 6 at Tue Jun 23 20:10:18 UTC 2026
Cache sync 7 at Tue Jun 23 20:10:18 UTC 2026
Cache sync 8 at Tue Jun 23 20:10:18 UTC 2026
Cache sync 9 at Tue Jun 23 20:10:18 UTC 2026
Cache sync 10 at Tue Jun 23 20:10:18 UTC 2026
Cache sync 11 at Tue Jun 23 20:10:18 UTC 2026
Cache sync 12 at Tue Jun 23 20:10:18 UTC 2026
Cache sync 13 at Tue Jun 23 20:10:18 UTC 2026
Cache sync 14 at Tue Jun 23 20:10:18 UTC 2026
Cache sync 15 at Tue Jun 23 20:10:18 UTC 2026
Cache sync 16 at Tue Jun 23 20:10:18 UTC 2026
Cache sync 17 at Tue Jun 23 20:10:18 UTC 2026
Cache sync 18 at Tue Jun 23 20:10:18 UTC 2026
Cache sync 19 at Tue Jun 23 20:10:18 UTC 2026
Cache sync 20 at Tue Jun 23 20:10:18 UTC 2026
Cache sync 21 at Tue Jun 23 20:10:18 UTC 2026
Cache sync 22 at Tue Jun 23 20:10:18 UTC 2026
Cache sync 23 at Tue Jun 23 20:10:18 UTC 2026
Cache sync 24 at Tue Jun 23 20:10:18 UTC 2026
Cache sync 25 at Tue Jun 23 20:10:18 UTC 2026
Cache sync 26 at Tue Jun 23 20:10:18 UTC 2026
Cache sync 27 at Tue Jun 23 20:10:18 UTC 2026
Cache sync 28 at Tue Jun 23 20:10:18 UTC 2026
Cache sync 29 at Tue Jun 23 20:10:18 UTC 2026
Cache sync 30 at Tue Jun 23 20:10:18 UTC 2026
Cache sync 31 at Tue Jun 23 20:10:18 UTC 2026
Cache sync 32 at Tue Jun 23 20:10:18 UTC 2026
Cache sync 33 at Tue Jun 23 20:10:18 UTC 2026
Cache sync 34 at Tue Jun 23 20:10:18 UTC 2026
Cache sync 35 at Tue Jun 23 20:10:18 UTC 2026
Cache sync 36 at Tue Jun 23 20:10:18 UTC 2026
Cache sync 37 at Tue Jun 23 20:10:18 UTC 2026
Cache sync 38 at Tue Jun 23 20:10:18 UTC 2026
Cache sync 39 at Tue Jun 23 20:10:18 UTC 2026
Cache sync 40 at Tue Jun 23 20:10:18 UTC 2026
Cache sync 41 at Tue Jun 23 20:10:18 UTC 2026
Cache sync 42 at Tue Jun 23 20:10:18 UTC 2026
Cache sync 43 at Tue Jun 23 20:10:19 UTC 2026
Cache sync 44 at Tue Jun 23 20:10:19 UTC 2026
Cache sync 45 at Tue Jun 23 20:10:19 UTC 2026
Cache sync 46 at Tue Jun 23 20:10:19 UTC 2026
Cache sync 47 at Tue Jun 23 20:10:19 UTC 2026
Cache sync 48 at Tue Jun 23 20:10:19 UTC 2026
Cache sync 49 at Tue Jun 23 20:10:19 UTC 2026
Cache sync 50 at Tue Jun 23 20:10:19 UTC 2026
Cache sync 51 at Tue Jun 23 20:10:19 UTC 2026
Cache sync 52 at Tue Jun 23 20:10:19 UTC 2026
Cache sync 53 at Tue Jun 23 20:10:19 UTC 2026
Cache sync 54 at Tue Jun 23 20:10:19 UTC 2026
Cache sync 55 at Tue Jun 23 20:10:19 UTC 2026
Cache sync 56 at Tue Jun 23 20:10:19 UTC 2026
Cache sync 57 at Tue Jun 23 20:10:19 UTC 2026
Cache sync 58 at Tue Jun 23 20:10:19 UTC 2026
Cache sync 59 at Tue Jun 23 20:10:19 UTC 2026
Cache sync 60 at Tue Jun 23 20:10:19 UTC 2026
Cache sync 61 at Tue Jun 23 20:10:19 UTC 2026
Cache sync 62 at Tue Jun 23 20:10:19 UTC 2026
Cache sync 63 at Tue Jun 23 20:10:19 UTC 2026
Cache sync 64 at Tue Jun 23 20:10:19 UTC 2026
Cache sync 65 at Tue Jun 23 20:10:19 UTC 2026
Cache sync 66 at Tue Jun 23 20:10:19 UTC 2026
Cache sync 67 at Tue Jun 23 20:10:19 UTC 2026
Cache sync 68 at Tue Jun 23 20:10:19 UTC 2026
Cache sync 69 at Tue Jun 23 20:10:19 UTC 2026
Cache sync 70 at Tue Jun 23 20:10:19 UTC 2026
Cache sync 71 at Tue Jun 23 20:10:19 UTC 2026
Cache sync 72 at Tue Jun 23 20:10:19 UTC 2026
Cache sync 73 at Tue Jun 23 20:10:19 UTC 2026
Cache sync 74 at Tue Jun 23 20:10:19 UTC 2026
Cache sync 75 at Tue Jun 23 20:10:19 UTC 2026
Cache sync 76 at Tue Jun 23 20:10:19 UTC 2026
Cache sync 77 at Tue Jun 23 20:10:19 UTC 2026
Cache sync 78 at Tue Jun 23 20:10:19 UTC 2026
Cache sync 1 at Wed Jun 24 03:55:14 UTC 2026
Cache sync 2 at Wed Jun 24 03:55:14 UTC 2026
Cache sync 3 at Wed Jun 24 03:55:14 UTC 2026
Cache sync 4 at Wed Jun 24 03:55:14 UTC 2026
Cache sync 5 at Wed Jun 24 03:55:14 UTC 2026
Cache sync 6 at Wed Jun 24 03:55:14 UTC 2026
Cache sync 7 at Wed Jun 24 03:55:14 UTC 2026
Cache sync 8 at Wed Jun 24 03:55:14 UTC 2026
Cache sync 9 at Wed Jun 24 03:55:14 UTC 2026
Cache sync 10 at Wed Jun 24 03:55:14 UTC 2026
Cache sync 11 at Wed Jun 24 03:55:14 UTC 2026
Cache sync 12 at Wed Jun 24 03:55:14 UTC 2026
Cache sync 13 at Wed Jun 24 03:55:14 UTC 2026
Cache sync 14 at Wed Jun 24 03:55:14 UTC 2026
Cache sync 15 at Wed Jun 24 03:55:14 UTC 2026
Cache sync 16 at Wed Jun 24 03:55:14 UTC 2026
Cache sync 17 at Wed Jun 24 03:55:14 UTC 2026
Cache sync 18 at Wed Jun 24 03:55:14 UTC 2026
Cache sync 19 at Wed Jun 24 03:55:14 UTC 2026
Cache sync 20 at Wed Jun 24 03:55:14 UTC 2026
Cache sync 21 at Wed Jun 24 03:55:14 UTC 2026
Cache sync 22 at Wed Jun 24 03:55:14 UTC 2026
Cache sync 23 at Wed Jun 24 03:55:14 UTC 2026
Cache sync 24 at Wed Jun 24 03:55:14 UTC 2026
Cache sync 25 at Wed Jun 24 03:55:14 UTC 2026
Cache sync 1 at Wed Jun 24 09:37:06 UTC 2026
Cache sync 2 at Wed Jun 24 09:37:06 UTC 2026
Cache sync 3 at Wed Jun 24 09:37:06 UTC 2026
Cache sync 4 at Wed Jun 24 09:37:06 UTC 2026
Cache sync 5 at Wed Jun 24 09:37:06 UTC 2026
Cache sync 6 at Wed Jun 24 09:37:06 UTC 2026
Cache sync 7 at Wed Jun 24 09:37:06 UTC 2026
Cache sync 8 at Wed Jun 24 09:37:06 UTC 2026
Cache sync 9 at Wed Jun 24 09:37:06 UTC 2026
Cache sync 10 at Wed Jun 24 09:37:06 UTC 2026
Cache sync 11 at Wed Jun 24 09:37:06 UTC 2026
Cache sync 12 at Wed Jun 24 09:37:06 UTC 2026
Cache sync 13 at Wed Jun 24 09:37:06 UTC 2026
Cache sync 14 at Wed Jun 24 09:37:06 UTC 2026
Cache sync 15 at Wed Jun 24 09:37:06 UTC 2026
Cache sync 16 at Wed Jun 24 09:37:06 UTC 2026
Cache sync 17 at Wed Jun 24 09:37:06 UTC 2026
Cache sync 18 at Wed Jun 24 09:37:06 UTC 2026
Cache sync 19 at Wed Jun 24 09:37:06 UTC 2026
Cache sync 20 at Wed Jun 24 09:37:06 UTC 2026
Cache sync 21 at Wed Jun 24 09:37:06 UTC 2026
Cache sync 22 at Wed Jun 24 09:37:06 UTC 2026
Cache sync 23 at Wed Jun 24 09:37:06 UTC 2026
Cache sync 24 at Wed Jun 24 09:37:06 UTC 2026
Cache sync 25 at Wed Jun 24 09:37:06 UTC 2026
Cache sync 26 at Wed Jun 24 09:37:06 UTC 2026
Cache sync 27 at Wed Jun 24 09:37:06 UTC 2026
Cache sync 28 at Wed Jun 24 09:37:06 UTC 2026
Cache sync 29 at Wed Jun 24 09:37:06 UTC 2026
Cache sync 30 at Wed Jun 24 09:37:06 UTC 2026
Cache sync 1 at Wed Jun 24 19:50:59 UTC 2026
Cache sync 2 at Wed Jun 24 19:50:59 UTC 2026
Cache sync 3 at Wed Jun 24 19:50:59 UTC 2026
Cache sync 4 at Wed Jun 24 19:50:59 UTC 2026
Cache sync 5 at Wed Jun 24 19:50:59 UTC 2026
Cache sync 6 at Wed Jun 24 19:50:59 UTC 2026
Cache sync 7 at Wed Jun 24 19:50:59 UTC 2026
Cache sync 8 at Wed Jun 24 19:50:59 UTC 2026
Cache sync 9 at Wed Jun 24 19:50:59 UTC 2026
Cache sync 10 at Wed Jun 24 19:50:59 UTC 2026
Cache sync 11 at Wed Jun 24 19:50:59 UTC 2026
Cache sync 12 at Wed Jun 24 19:50:59 UTC 2026
Cache sync 13 at Wed Jun 24 19:50:59 UTC 2026
Cache sync 14 at Wed Jun 24 19:50:59 UTC 2026
Cache sync 15 at Wed Jun 24 19:50:59 UTC 2026
Cache sync 16 at Wed Jun 24 19:50:59 UTC 2026
Cache sync 17 at Wed Jun 24 19:50:59 UTC 2026
Cache sync 18 at Wed Jun 24 19:50:59 UTC 2026
Cache sync 19 at Wed Jun 24 19:50:59 UTC 2026
Cache sync 20 at Wed Jun 24 19:50:59 UTC 2026
Cache sync 21 at Wed Jun 24 19:50:59 UTC 2026
Cache sync 22 at Wed Jun 24 19:50:59 UTC 2026
Cache sync 23 at Wed Jun 24 19:50:59 UTC 2026
Cache sync 24 at Wed Jun 24 19:50:59 UTC 2026
Cache sync 25 at Wed Jun 24 19:50:59 UTC 2026
Cache sync 26 at Wed Jun 24 19:50:59 UTC 2026
Cache sync 27 at Wed Jun 24 19:50:59 UTC 2026
Cache sync 28 at Wed Jun 24 19:50:59 UTC 2026
Cache sync 29 at Wed Jun 24 19:50:59 UTC 2026
Cache sync 30 at Wed Jun 24 19:50:59 UTC 2026
Cache sync 31 at Wed Jun 24 19:50:59 UTC 2026
Cache sync 32 at Wed Jun 24 19:50:59 UTC 2026
Cache sync 33 at Wed Jun 24 19:50:59 UTC 2026
Cache sync 34 at Wed Jun 24 19:50:59 UTC 2026
Cache sync 35 at Wed Jun 24 19:50:59 UTC 2026
Cache sync 36 at Wed Jun 24 19:50:59 UTC 2026
Cache sync 37 at Wed Jun 24 19:50:59 UTC 2026
Cache sync 38 at Wed Jun 24 19:50:59 UTC 2026
Cache sync 39 at Wed Jun 24 19:50:59 UTC 2026
Cache sync 40 at Wed Jun 24 19:50:59 UTC 2026
Cache sync 41 at Wed Jun 24 19:50:59 UTC 2026
Cache sync 42 at Wed Jun 24 19:50:59 UTC 2026
Cache sync 43 at Wed Jun 24 19:50:59 UTC 2026
Cache sync 1 at Thu Jun 25 03:56:20 UTC 2026
Cache sync 2 at Thu Jun 25 03:56:20 UTC 2026
Cache sync 3 at Thu Jun 25 03:56:20 UTC 2026
Cache sync 4 at Thu Jun 25 03:56:20 UTC 2026
Cache sync 5 at Thu Jun 25 03:56:20 UTC 2026
Cache sync 6 at Thu Jun 25 03:56:20 UTC 2026
Cache sync 7 at Thu Jun 25 03:56:20 UTC 2026
Cache sync 8 at Thu Jun 25 03:56:20 UTC 2026
Cache sync 9 at Thu Jun 25 03:56:20 UTC 2026
Cache sync 10 at Thu Jun 25 03:56:20 UTC 2026
Cache sync 11 at Thu Jun 25 03:56:20 UTC 2026
Cache sync 12 at Thu Jun 25 03:56:20 UTC 2026
Cache sync 13 at Thu Jun 25 03:56:20 UTC 2026
Cache sync 14 at Thu Jun 25 03:56:20 UTC 2026
Cache sync 15 at Thu Jun 25 03:56:20 UTC 2026
Cache sync 16 at Thu Jun 25 03:56:20 UTC 2026
Cache sync 17 at Thu Jun 25 03:56:20 UTC 2026
Cache sync 18 at Thu Jun 25 03:56:20 UTC 2026
Cache sync 19 at Thu Jun 25 03:56:20 UTC 2026
Cache sync 20 at Thu Jun 25 03:56:20 UTC 2026
Cache sync 21 at Thu Jun 25 03:56:20 UTC 2026
Cache sync 22 at Thu Jun 25 03:56:20 UTC 2026
Cache sync 23 at Thu Jun 25 03:56:20 UTC 2026
Cache sync 24 at Thu Jun 25 03:56:20 UTC 2026
Cache sync 25 at Thu Jun 25 03:56:20 UTC 2026
Cache sync 26 at Thu Jun 25 03:56:20 UTC 2026
Cache sync 27 at Thu Jun 25 03:56:21 UTC 2026
Cache sync 28 at Thu Jun 25 03:56:21 UTC 2026
Cache sync 29 at Thu Jun 25 03:56:21 UTC 2026
Cache sync 30 at Thu Jun 25 03:56:21 UTC 2026
Cache sync 31 at Thu Jun 25 03:56:21 UTC 2026
Cache sync 32 at Thu Jun 25 03:56:21 UTC 2026
Cache sync 33 at Thu Jun 25 03:56:21 UTC 2026
Cache sync 34 at Thu Jun 25 03:56:21 UTC 2026
Cache sync 35 at Thu Jun 25 03:56:21 UTC 2026
Cache sync 36 at Thu Jun 25 03:56:21 UTC 2026
Cache sync 37 at Thu Jun 25 03:56:21 UTC 2026
Cache sync 38 at Thu Jun 25 03:56:21 UTC 2026
Cache sync 39 at Thu Jun 25 03:56:21 UTC 2026
Cache sync 40 at Thu Jun 25 03:56:21 UTC 2026
Cache sync 41 at Thu Jun 25 03:56:21 UTC 2026
Cache sync 42 at Thu Jun 25 03:56:21 UTC 2026
Cache sync 43 at Thu Jun 25 03:56:21 UTC 2026
Cache sync 44 at Thu Jun 25 03:56:21 UTC 2026
Cache sync 45 at Thu Jun 25 03:56:21 UTC 2026
Cache sync 46 at Thu Jun 25 03:56:21 UTC 2026
Cache sync 47 at Thu Jun 25 03:56:21 UTC 2026
Cache sync 48 at Thu Jun 25 03:56:21 UTC 2026
Cache sync 49 at Thu Jun 25 03:56:21 UTC 2026
Cache sync 50 at Thu Jun 25 03:56:21 UTC 2026
Cache sync 51 at Thu Jun 25 03:56:21 UTC 2026
Cache sync 52 at Thu Jun 25 03:56:21 UTC 2026
Cache sync 53 at Thu Jun 25 03:56:21 UTC 2026
Cache sync 54 at Thu Jun 25 03:56:21 UTC 2026
Cache sync 55 at Thu Jun 25 03:56:21 UTC 2026
Cache sync 56 at Thu Jun 25 03:56:21 UTC 2026
Cache sync 57 at Thu Jun 25 03:56:21 UTC 2026
Cache sync 58 at Thu Jun 25 03:56:21 UTC 2026
Cache sync 59 at Thu Jun 25 03:56:21 UTC 2026
Cache sync 60 at Thu Jun 25 03:56:21 UTC 2026
Cache sync 61 at Thu Jun 25 03:56:21 UTC 2026
Cache sync 62 at Thu Jun 25 03:56:21 UTC 2026
Cache sync 63 at Thu Jun 25 03:56:21 UTC 2026
Cache sync 64 at Thu Jun 25 03:56:21 UTC 2026
Cache sync 1 at Thu Jun 25 09:28:11 UTC 2026
Cache sync 2 at Thu Jun 25 09:28:11 UTC 2026
Cache sync 3 at Thu Jun 25 09:28:11 UTC 2026
Cache sync 4 at Thu Jun 25 09:28:11 UTC 2026
Cache sync 5 at Thu Jun 25 09:28:11 UTC 2026
Cache sync 6 at Thu Jun 25 09:28:11 UTC 2026
Cache sync 7 at Thu Jun 25 09:28:11 UTC 2026
Cache sync 8 at Thu Jun 25 09:28:11 UTC 2026
Cache sync 9 at Thu Jun 25 09:28:11 UTC 2026
Cache sync 10 at Thu Jun 25 09:28:11 UTC 2026
Cache sync 11 at Thu Jun 25 09:28:11 UTC 2026
Cache sync 12 at Thu Jun 25 09:28:11 UTC 2026
Cache sync 13 at Thu Jun 25 09:28:11 UTC 2026
Cache sync 14 at Thu Jun 25 09:28:11 UTC 2026
Cache sync 15 at Thu Jun 25 09:28:11 UTC 2026
Cache sync 16 at Thu Jun 25 09:28:11 UTC 2026
Cache sync 17 at Thu Jun 25 09:28:11 UTC 2026
Cache sync 18 at Thu Jun 25 09:28:11 UTC 2026
Cache sync 19 at Thu Jun 25 09:28:11 UTC 2026
Cache sync 20 at Thu Jun 25 09:28:11 UTC 2026
Cache sync 21 at Thu Jun 25 09:28:11 UTC 2026
Cache sync 22 at Thu Jun 25 09:28:11 UTC 2026
Cache sync 1 at Thu Jun 25 14:39:06 UTC 2026
Cache sync 2 at Thu Jun 25 14:39:06 UTC 2026
Cache sync 3 at Thu Jun 25 14:39:06 UTC 2026
Cache sync 4 at Thu Jun 25 14:39:06 UTC 2026
Cache sync 5 at Thu Jun 25 14:39:06 UTC 2026
Cache sync 6 at Thu Jun 25 14:39:06 UTC 2026
Cache sync 7 at Thu Jun 25 14:39:06 UTC 2026
Cache sync 8 at Thu Jun 25 14:39:06 UTC 2026
Cache sync 9 at Thu Jun 25 14:39:06 UTC 2026
Cache sync 10 at Thu Jun 25 14:39:06 UTC 2026
Cache sync 11 at Thu Jun 25 14:39:06 UTC 2026
Cache sync 12 at Thu Jun 25 14:39:06 UTC 2026
Cache sync 13 at Thu Jun 25 14:39:06 UTC 2026
Cache sync 14 at Thu Jun 25 14:39:06 UTC 2026
Cache sync 15 at Thu Jun 25 14:39:06 UTC 2026
Cache sync 16 at Thu Jun 25 14:39:06 UTC 2026
Cache sync 17 at Thu Jun 25 14:39:06 UTC 2026
Cache sync 18 at Thu Jun 25 14:39:06 UTC 2026
Cache sync 19 at Thu Jun 25 14:39:06 UTC 2026
Cache sync 20 at Thu Jun 25 14:39:06 UTC 2026
Cache sync 21 at Thu Jun 25 14:39:06 UTC 2026
Cache sync 22 at Thu Jun 25 14:39:06 UTC 2026
Cache sync 1 at Thu Jun 25 20:04:58 UTC 2026
Cache sync 2 at Thu Jun 25 20:04:58 UTC 2026
Cache sync 3 at Thu Jun 25 20:04:58 UTC 2026
Cache sync 4 at Thu Jun 25 20:04:58 UTC 2026
Cache sync 5 at Thu Jun 25 20:04:58 UTC 2026
Cache sync 6 at Thu Jun 25 20:04:58 UTC 2026
Cache sync 7 at Thu Jun 25 20:04:58 UTC 2026
Cache sync 8 at Thu Jun 25 20:04:58 UTC 2026
Cache sync 9 at Thu Jun 25 20:04:58 UTC 2026
Cache sync 10 at Thu Jun 25 20:04:58 UTC 2026
Cache sync 11 at Thu Jun 25 20:04:58 UTC 2026
Cache sync 12 at Thu Jun 25 20:04:58 UTC 2026
Cache sync 13 at Thu Jun 25 20:04:58 UTC 2026
Cache sync 14 at Thu Jun 25 20:04:58 UTC 2026
Cache sync 15 at Thu Jun 25 20:04:58 UTC 2026
Cache sync 16 at Thu Jun 25 20:04:58 UTC 2026
Cache sync 17 at Thu Jun 25 20:04:58 UTC 2026
Cache sync 18 at Thu Jun 25 20:04:58 UTC 2026
Cache sync 19 at Thu Jun 25 20:04:58 UTC 2026
Cache sync 20 at Thu Jun 25 20:04:58 UTC 2026
Cache sync 21 at Thu Jun 25 20:04:58 UTC 2026
Cache sync 22 at Thu Jun 25 20:04:58 UTC 2026
Cache sync 23 at Thu Jun 25 20:04:58 UTC 2026
Cache sync 24 at Thu Jun 25 20:04:58 UTC 2026
Cache sync 25 at Thu Jun 25 20:04:58 UTC 2026
Cache sync 26 at Thu Jun 25 20:04:58 UTC 2026
Cache sync 27 at Thu Jun 25 20:04:58 UTC 2026
Cache sync 1 at Fri Jun 26 04:03:10 UTC 2026
Cache sync 2 at Fri Jun 26 04:03:10 UTC 2026
Cache sync 3 at Fri Jun 26 04:03:10 UTC 2026
Cache sync 4 at Fri Jun 26 04:03:10 UTC 2026
Cache sync 5 at Fri Jun 26 04:03:10 UTC 2026
Cache sync 6 at Fri Jun 26 04:03:10 UTC 2026
Cache sync 7 at Fri Jun 26 04:03:10 UTC 2026
Cache sync 8 at Fri Jun 26 04:03:10 UTC 2026
Cache sync 9 at Fri Jun 26 04:03:10 UTC 2026
Cache sync 10 at Fri Jun 26 04:03:10 UTC 2026
Cache sync 11 at Fri Jun 26 04:03:10 UTC 2026
Cache sync 12 at Fri Jun 26 04:03:10 UTC 2026
Cache sync 13 at Fri Jun 26 04:03:10 UTC 2026
Cache sync 14 at Fri Jun 26 04:03:10 UTC 2026
Cache sync 15 at Fri Jun 26 04:03:10 UTC 2026
Cache sync 16 at Fri Jun 26 04:03:10 UTC 2026
Cache sync 17 at Fri Jun 26 04:03:10 UTC 2026
Cache sync 18 at Fri Jun 26 04:03:10 UTC 2026
Cache sync 19 at Fri Jun 26 04:03:10 UTC 2026
Cache sync 20 at Fri Jun 26 04:03:10 UTC 2026
Cache sync 21 at Fri Jun 26 04:03:10 UTC 2026
Cache sync 22 at Fri Jun 26 04:03:10 UTC 2026
Cache sync 23 at Fri Jun 26 04:03:10 UTC 2026
Cache sync 24 at Fri Jun 26 04:03:10 UTC 2026
Cache sync 25 at Fri Jun 26 04:03:10 UTC 2026
Cache sync 26 at Fri Jun 26 04:03:10 UTC 2026
Cache sync 27 at Fri Jun 26 04:03:10 UTC 2026
Cache sync 28 at Fri Jun 26 04:03:10 UTC 2026
Cache sync 29 at Fri Jun 26 04:03:10 UTC 2026
Cache sync 30 at Fri Jun 26 04:03:10 UTC 2026
Cache sync 31 at Fri Jun 26 04:03:10 UTC 2026
Cache sync 32 at Fri Jun 26 04:03:10 UTC 2026
Cache sync 33 at Fri Jun 26 04:03:10 UTC 2026
Cache sync 34 at Fri Jun 26 04:03:10 UTC 2026
Cache sync 35 at Fri Jun 26 04:03:10 UTC 2026
Cache sync 36 at Fri Jun 26 04:03:10 UTC 2026
Cache sync 37 at Fri Jun 26 04:03:10 UTC 2026
Cache sync 38 at Fri Jun 26 04:03:10 UTC 2026
Cache sync 39 at Fri Jun 26 04:03:10 UTC 2026
Cache sync 40 at Fri Jun 26 04:03:10 UTC 2026
Cache sync 41 at Fri Jun 26 04:03:10 UTC 2026
Cache sync 42 at Fri Jun 26 04:03:10 UTC 2026
Cache sync 43 at Fri Jun 26 04:03:10 UTC 2026
Cache sync 44 at Fri Jun 26 04:03:10 UTC 2026
Cache sync 45 at Fri Jun 26 04:03:10 UTC 2026
Cache sync 46 at Fri Jun 26 04:03:10 UTC 2026
Cache sync 47 at Fri Jun 26 04:03:10 UTC 2026
Cache sync 48 at Fri Jun 26 04:03:10 UTC 2026
Cache sync 49 at Fri Jun 26 04:03:10 UTC 2026
Cache sync 50 at Fri Jun 26 04:03:10 UTC 2026
Cache sync 51 at Fri Jun 26 04:03:10 UTC 2026
Cache sync 52 at Fri Jun 26 04:03:10 UTC 2026
Cache sync 53 at Fri Jun 26 04:03:10 UTC 2026
Cache sync 54 at Fri Jun 26 04:03:10 UTC 2026
Cache sync 55 at Fri Jun 26 04:03:10 UTC 2026
Cache sync 56 at Fri Jun 26 04:03:10 UTC 2026
Cache sync 57 at Fri Jun 26 04:03:10 UTC 2026
Cache sync 58 at Fri Jun 26 04:03:10 UTC 2026
Cache sync 59 at Fri Jun 26 04:03:11 UTC 2026
Cache sync 60 at Fri Jun 26 04:03:11 UTC 2026
Cache sync 61 at Fri Jun 26 04:03:11 UTC 2026
Cache sync 62 at Fri Jun 26 04:03:11 UTC 2026
Cache sync 63 at Fri Jun 26 04:03:11 UTC 2026
Cache sync 64 at Fri Jun 26 04:03:11 UTC 2026
Cache sync 65 at Fri Jun 26 04:03:11 UTC 2026
Cache sync 66 at Fri Jun 26 04:03:11 UTC 2026
Cache sync 67 at Fri Jun 26 04:03:11 UTC 2026
Cache sync 68 at Fri Jun 26 04:03:11 UTC 2026
Cache sync 69 at Fri Jun 26 04:03:11 UTC 2026
Cache sync 1 at Fri Jun 26 09:33:22 UTC 2026
Cache sync 2 at Fri Jun 26 09:33:22 UTC 2026
Cache sync 3 at Fri Jun 26 09:33:22 UTC 2026
Cache sync 4 at Fri Jun 26 09:33:22 UTC 2026
Cache sync 5 at Fri Jun 26 09:33:22 UTC 2026
Cache sync 6 at Fri Jun 26 09:33:22 UTC 2026
Cache sync 7 at Fri Jun 26 09:33:22 UTC 2026
Cache sync 8 at Fri Jun 26 09:33:22 UTC 2026
Cache sync 9 at Fri Jun 26 09:33:22 UTC 2026
Cache sync 10 at Fri Jun 26 09:33:22 UTC 2026
Cache sync 11 at Fri Jun 26 09:33:22 UTC 2026
Cache sync 12 at Fri Jun 26 09:33:22 UTC 2026
Cache sync 13 at Fri Jun 26 09:33:22 UTC 2026
Cache sync 14 at Fri Jun 26 09:33:22 UTC 2026
Cache sync 15 at Fri Jun 26 09:33:22 UTC 2026
Cache sync 16 at Fri Jun 26 09:33:22 UTC 2026
Cache sync 17 at Fri Jun 26 09:33:22 UTC 2026
Cache sync 18 at Fri Jun 26 09:33:22 UTC 2026
Cache sync 19 at Fri Jun 26 09:33:22 UTC 2026
Cache sync 20 at Fri Jun 26 09:33:22 UTC 2026
Cache sync 21 at Fri Jun 26 09:33:22 UTC 2026
Cache sync 22 at Fri Jun 26 09:33:22 UTC 2026
Cache sync 23 at Fri Jun 26 09:33:22 UTC 2026
Cache sync 24 at Fri Jun 26 09:33:22 UTC 2026
Cache sync 25 at Fri Jun 26 09:33:22 UTC 2026
Cache sync 26 at Fri Jun 26 09:33:22 UTC 2026
Cache sync 27 at Fri Jun 26 09:33:22 UTC 2026
Cache sync 28 at Fri Jun 26 09:33:22 UTC 2026
Cache sync 29 at Fri Jun 26 09:33:22 UTC 2026
Cache sync 30 at Fri Jun 26 09:33:22 UTC 2026
Cache sync 31 at Fri Jun 26 09:33:22 UTC 2026
Cache sync 32 at Fri Jun 26 09:33:22 UTC 2026
Cache sync 33 at Fri Jun 26 09:33:22 UTC 2026
Cache sync 34 at Fri Jun 26 09:33:22 UTC 2026
Cache sync 35 at Fri Jun 26 09:33:22 UTC 2026
Cache sync 36 at Fri Jun 26 09:33:22 UTC 2026
Cache sync 37 at Fri Jun 26 09:33:22 UTC 2026
Cache sync 38 at Fri Jun 26 09:33:23 UTC 2026
Cache sync 39 at Fri Jun 26 09:33:23 UTC 2026
Cache sync 40 at Fri Jun 26 09:33:23 UTC 2026
Cache sync 41 at Fri Jun 26 09:33:23 UTC 2026
Cache sync 42 at Fri Jun 26 09:33:23 UTC 2026
Cache sync 43 at Fri Jun 26 09:33:23 UTC 2026
Cache sync 44 at Fri Jun 26 09:33:23 UTC 2026
Cache sync 45 at Fri Jun 26 09:33:23 UTC 2026
Cache sync 46 at Fri Jun 26 09:33:23 UTC 2026
Cache sync 47 at Fri Jun 26 09:33:23 UTC 2026
Cache sync 48 at Fri Jun 26 09:33:23 UTC 2026
Cache sync 49 at Fri Jun 26 09:33:23 UTC 2026
Cache sync 50 at Fri Jun 26 09:33:23 UTC 2026
Cache sync 51 at Fri Jun 26 09:33:23 UTC 2026
Cache sync 52 at Fri Jun 26 09:33:23 UTC 2026
Cache sync 53 at Fri Jun 26 09:33:23 UTC 2026
Cache sync 54 at Fri Jun 26 09:33:23 UTC 2026
Cache sync 55 at Fri Jun 26 09:33:23 UTC 2026
Cache sync 56 at Fri Jun 26 09:33:23 UTC 2026
Cache sync 57 at Fri Jun 26 09:33:23 UTC 2026
Cache sync 58 at Fri Jun 26 09:33:23 UTC 2026
Cache sync 59 at Fri Jun 26 09:33:23 UTC 2026
Cache sync 60 at Fri Jun 26 09:33:23 UTC 2026
Cache sync 61 at Fri Jun 26 09:33:23 UTC 2026
Cache sync 62 at Fri Jun 26 09:33:23 UTC 2026
Cache sync 63 at Fri Jun 26 09:33:23 UTC 2026
Cache sync 64 at Fri Jun 26 09:33:23 UTC 2026
Cache sync 65 at Fri Jun 26 09:33:23 UTC 2026
Cache sync 66 at Fri Jun 26 09:33:23 UTC 2026
Cache sync 67 at Fri Jun 26 09:33:23 UTC 2026
Cache sync 68 at Fri Jun 26 09:33:23 UTC 2026
Cache sync 69 at Fri Jun 26 09:33:23 UTC 2026
Cache sync 70 at Fri Jun 26 09:33:23 UTC 2026
Cache sync 71 at Fri Jun 26 09:33:23 UTC 2026
Cache sync 72 at Fri Jun 26 09:33:23 UTC 2026
Cache sync 73 at Fri Jun 26 09:33:23 UTC 2026
Cache sync 74 at Fri Jun 26 09:33:23 UTC 2026
Cache sync 75 at Fri Jun 26 09:33:23 UTC 2026
Cache sync 76 at Fri Jun 26 09:33:23 UTC 2026
Cache sync 77 at Fri Jun 26 09:33:23 UTC 2026
Cache sync 1 at Fri Jun 26 14:32:23 UTC 2026
Cache sync 2 at Fri Jun 26 14:32:23 UTC 2026
Cache sync 3 at Fri Jun 26 14:32:23 UTC 2026
Cache sync 4 at Fri Jun 26 14:32:23 UTC 2026
Cache sync 5 at Fri Jun 26 14:32:23 UTC 2026
Cache sync 6 at Fri Jun 26 14:32:23 UTC 2026
Cache sync 7 at Fri Jun 26 14:32:23 UTC 2026
Cache sync 8 at Fri Jun 26 14:32:23 UTC 2026
Cache sync 9 at Fri Jun 26 14:32:23 UTC 2026
Cache sync 10 at Fri Jun 26 14:32:23 UTC 2026
Cache sync 11 at Fri Jun 26 14:32:23 UTC 2026
Cache sync 12 at Fri Jun 26 14:32:23 UTC 2026
Cache sync 13 at Fri Jun 26 14:32:23 UTC 2026
Cache sync 14 at Fri Jun 26 14:32:23 UTC 2026
Cache sync 15 at Fri Jun 26 14:32:23 UTC 2026
Cache sync 16 at Fri Jun 26 14:32:23 UTC 2026
Cache sync 17 at Fri Jun 26 14:32:23 UTC 2026
Cache sync 18 at Fri Jun 26 14:32:23 UTC 2026
Cache sync 19 at Fri Jun 26 14:32:23 UTC 2026
Cache sync 20 at Fri Jun 26 14:32:23 UTC 2026
Cache sync 21 at Fri Jun 26 14:32:23 UTC 2026
Cache sync 22 at Fri Jun 26 14:32:23 UTC 2026
Cache sync 23 at Fri Jun 26 14:32:23 UTC 2026
Cache sync 24 at Fri Jun 26 14:32:23 UTC 2026
Cache sync 25 at Fri Jun 26 14:32:23 UTC 2026
Cache sync 26 at Fri Jun 26 14:32:23 UTC 2026
Cache sync 27 at Fri Jun 26 14:32:23 UTC 2026
Cache sync 28 at Fri Jun 26 14:32:23 UTC 2026
Cache sync 29 at Fri Jun 26 14:32:23 UTC 2026
Cache sync 30 at Fri Jun 26 14:32:23 UTC 2026
Cache sync 31 at Fri Jun 26 14:32:23 UTC 2026
Cache sync 32 at Fri Jun 26 14:32:23 UTC 2026
Cache sync 33 at Fri Jun 26 14:32:23 UTC 2026
Cache sync 34 at Fri Jun 26 14:32:23 UTC 2026
Cache sync 35 at Fri Jun 26 14:32:23 UTC 2026
Cache sync 36 at Fri Jun 26 14:32:23 UTC 2026
Cache sync 37 at Fri Jun 26 14:32:23 UTC 2026
Cache sync 38 at Fri Jun 26 14:32:23 UTC 2026
Cache sync 39 at Fri Jun 26 14:32:23 UTC 2026
Cache sync 40 at Fri Jun 26 14:32:23 UTC 2026
Cache sync 41 at Fri Jun 26 14:32:23 UTC 2026
Cache sync 42 at Fri Jun 26 14:32:23 UTC 2026
Cache sync 1 at Fri Jun 26 19:54:13 UTC 2026
Cache sync 2 at Fri Jun 26 19:54:13 UTC 2026
Cache sync 3 at Fri Jun 26 19:54:13 UTC 2026
Cache sync 4 at Fri Jun 26 19:54:13 UTC 2026
Cache sync 5 at Fri Jun 26 19:54:13 UTC 2026
Cache sync 6 at Fri Jun 26 19:54:13 UTC 2026
Cache sync 7 at Fri Jun 26 19:54:13 UTC 2026
Cache sync 8 at Fri Jun 26 19:54:13 UTC 2026
Cache sync 9 at Fri Jun 26 19:54:13 UTC 2026
Cache sync 10 at Fri Jun 26 19:54:14 UTC 2026
Cache sync 11 at Fri Jun 26 19:54:14 UTC 2026
Cache sync 12 at Fri Jun 26 19:54:14 UTC 2026
Cache sync 13 at Fri Jun 26 19:54:14 UTC 2026
Cache sync 14 at Fri Jun 26 19:54:14 UTC 2026
Cache sync 15 at Fri Jun 26 19:54:14 UTC 2026
Cache sync 16 at Fri Jun 26 19:54:14 UTC 2026
Cache sync 17 at Fri Jun 26 19:54:14 UTC 2026
Cache sync 18 at Fri Jun 26 19:54:14 UTC 2026
Cache sync 19 at Fri Jun 26 19:54:14 UTC 2026
Cache sync 20 at Fri Jun 26 19:54:14 UTC 2026
Cache sync 21 at Fri Jun 26 19:54:14 UTC 2026
Cache sync 22 at Fri Jun 26 19:54:14 UTC 2026
Cache sync 23 at Fri Jun 26 19:54:14 UTC 2026
Cache sync 24 at Fri Jun 26 19:54:14 UTC 2026
Cache sync 25 at Fri Jun 26 19:54:14 UTC 2026
Cache sync 26 at Fri Jun 26 19:54:14 UTC 2026
Cache sync 27 at Fri Jun 26 19:54:14 UTC 2026
Cache sync 28 at Fri Jun 26 19:54:14 UTC 2026
Cache sync 29 at Fri Jun 26 19:54:14 UTC 2026
Cache sync 30 at Fri Jun 26 19:54:14 UTC 2026
Cache sync 1 at Sat Jun 27 03:49:09 UTC 2026
Cache sync 2 at Sat Jun 27 03:49:09 UTC 2026
Cache sync 3 at Sat Jun 27 03:49:09 UTC 2026
Cache sync 4 at Sat Jun 27 03:49:09 UTC 2026
Cache sync 5 at Sat Jun 27 03:49:09 UTC 2026
Cache sync 6 at Sat Jun 27 03:49:09 UTC 2026
Cache sync 7 at Sat Jun 27 03:49:09 UTC 2026
Cache sync 8 at Sat Jun 27 03:49:09 UTC 2026
Cache sync 9 at Sat Jun 27 03:49:09 UTC 2026
Cache sync 10 at Sat Jun 27 03:49:09 UTC 2026
Cache sync 11 at Sat Jun 27 03:49:09 UTC 2026
Cache sync 12 at Sat Jun 27 03:49:09 UTC 2026
Cache sync 13 at Sat Jun 27 03:49:09 UTC 2026
Cache sync 14 at Sat Jun 27 03:49:09 UTC 2026
Cache sync 15 at Sat Jun 27 03:49:09 UTC 2026
Cache sync 16 at Sat Jun 27 03:49:09 UTC 2026
Cache sync 17 at Sat Jun 27 03:49:09 UTC 2026
Cache sync 18 at Sat Jun 27 03:49:09 UTC 2026
Cache sync 19 at Sat Jun 27 03:49:09 UTC 2026
Cache sync 20 at Sat Jun 27 03:49:09 UTC 2026
Cache sync 21 at Sat Jun 27 03:49:09 UTC 2026
Cache sync 22 at Sat Jun 27 03:49:09 UTC 2026
Cache sync 23 at Sat Jun 27 03:49:09 UTC 2026
Cache sync 24 at Sat Jun 27 03:49:09 UTC 2026
Cache sync 25 at Sat Jun 27 03:49:09 UTC 2026
Cache sync 26 at Sat Jun 27 03:49:09 UTC 2026
Cache sync 27 at Sat Jun 27 03:49:09 UTC 2026
Cache sync 28 at Sat Jun 27 03:49:09 UTC 2026
Cache sync 29 at Sat Jun 27 03:49:09 UTC 2026
Cache sync 30 at Sat Jun 27 03:49:09 UTC 2026
Cache sync 31 at Sat Jun 27 03:49:09 UTC 2026
Cache sync 32 at Sat Jun 27 03:49:09 UTC 2026
Cache sync 33 at Sat Jun 27 03:49:09 UTC 2026
Cache sync 34 at Sat Jun 27 03:49:09 UTC 2026
Cache sync 35 at Sat Jun 27 03:49:09 UTC 2026
Cache sync 36 at Sat Jun 27 03:49:09 UTC 2026
Cache sync 37 at Sat Jun 27 03:49:09 UTC 2026
Cache sync 38 at Sat Jun 27 03:49:09 UTC 2026
Cache sync 39 at Sat Jun 27 03:49:09 UTC 2026
Cache sync 40 at Sat Jun 27 03:49:09 UTC 2026
Cache sync 41 at Sat Jun 27 03:49:09 UTC 2026
Cache sync 42 at Sat Jun 27 03:49:09 UTC 2026
Cache sync 43 at Sat Jun 27 03:49:09 UTC 2026
Cache sync 44 at Sat Jun 27 03:49:10 UTC 2026
Cache sync 45 at Sat Jun 27 03:49:10 UTC 2026
Cache sync 46 at Sat Jun 27 03:49:10 UTC 2026
Cache sync 47 at Sat Jun 27 03:49:10 UTC 2026
Cache sync 48 at Sat Jun 27 03:49:10 UTC 2026
Cache sync 49 at Sat Jun 27 03:49:10 UTC 2026
Cache sync 50 at Sat Jun 27 03:49:10 UTC 2026
Cache sync 51 at Sat Jun 27 03:49:10 UTC 2026
Cache sync 52 at Sat Jun 27 03:49:10 UTC 2026
Cache sync 53 at Sat Jun 27 03:49:10 UTC 2026
Cache sync 54 at Sat Jun 27 03:49:10 UTC 2026
Cache sync 55 at Sat Jun 27 03:49:10 UTC 2026
Cache sync 56 at Sat Jun 27 03:49:10 UTC 2026
Cache sync 57 at Sat Jun 27 03:49:10 UTC 2026
Cache sync 58 at Sat Jun 27 03:49:10 UTC 2026
Cache sync 59 at Sat Jun 27 03:49:10 UTC 2026
Cache sync 60 at Sat Jun 27 03:49:10 UTC 2026
Cache sync 61 at Sat Jun 27 03:49:10 UTC 2026
Cache sync 62 at Sat Jun 27 03:49:10 UTC 2026
Cache sync 63 at Sat Jun 27 03:49:10 UTC 2026
Cache sync 64 at Sat Jun 27 03:49:10 UTC 2026
Cache sync 65 at Sat Jun 27 03:49:10 UTC 2026
Cache sync 66 at Sat Jun 27 03:49:10 UTC 2026
Cache sync 67 at Sat Jun 27 03:49:10 UTC 2026
Cache sync 68 at Sat Jun 27 03:49:10 UTC 2026
Cache sync 69 at Sat Jun 27 03:49:10 UTC 2026
Cache sync 70 at Sat Jun 27 03:49:10 UTC 2026
Cache sync 71 at Sat Jun 27 03:49:10 UTC 2026
Cache sync 1 at Sat Jun 27 08:40:37 UTC 2026
Cache sync 2 at Sat Jun 27 08:40:37 UTC 2026
Cache sync 3 at Sat Jun 27 08:40:37 UTC 2026
Cache sync 4 at Sat Jun 27 08:40:37 UTC 2026
Cache sync 5 at Sat Jun 27 08:40:37 UTC 2026
Cache sync 6 at Sat Jun 27 08:40:37 UTC 2026
Cache sync 7 at Sat Jun 27 08:40:37 UTC 2026
Cache sync 8 at Sat Jun 27 08:40:37 UTC 2026
Cache sync 9 at Sat Jun 27 08:40:37 UTC 2026
Cache sync 10 at Sat Jun 27 08:40:37 UTC 2026
Cache sync 11 at Sat Jun 27 08:40:37 UTC 2026
Cache sync 12 at Sat Jun 27 08:40:37 UTC 2026
Cache sync 13 at Sat Jun 27 08:40:37 UTC 2026
Cache sync 14 at Sat Jun 27 08:40:37 UTC 2026
Cache sync 15 at Sat Jun 27 08:40:37 UTC 2026
Cache sync 16 at Sat Jun 27 08:40:37 UTC 2026
Cache sync 17 at Sat Jun 27 08:40:37 UTC 2026
Cache sync 18 at Sat Jun 27 08:40:37 UTC 2026
Cache sync 19 at Sat Jun 27 08:40:37 UTC 2026
Cache sync 20 at Sat Jun 27 08:40:37 UTC 2026
Cache sync 21 at Sat Jun 27 08:40:37 UTC 2026
Cache sync 22 at Sat Jun 27 08:40:37 UTC 2026
Cache sync 23 at Sat Jun 27 08:40:37 UTC 2026
Cache sync 24 at Sat Jun 27 08:40:37 UTC 2026
Cache sync 25 at Sat Jun 27 08:40:37 UTC 2026
Cache sync 26 at Sat Jun 27 08:40:37 UTC 2026
Cache sync 27 at Sat Jun 27 08:40:37 UTC 2026
Cache sync 28 at Sat Jun 27 08:40:37 UTC 2026
Cache sync 29 at Sat Jun 27 08:40:37 UTC 2026
Cache sync 30 at Sat Jun 27 08:40:37 UTC 2026
Cache sync 31 at Sat Jun 27 08:40:37 UTC 2026
Cache sync 32 at Sat Jun 27 08:40:37 UTC 2026
Cache sync 33 at Sat Jun 27 08:40:37 UTC 2026
Cache sync 34 at Sat Jun 27 08:40:37 UTC 2026
Cache sync 35 at Sat Jun 27 08:40:37 UTC 2026
Cache sync 36 at Sat Jun 27 08:40:37 UTC 2026
Cache sync 37 at Sat Jun 27 08:40:37 UTC 2026
Cache sync 38 at Sat Jun 27 08:40:37 UTC 2026
Cache sync 1 at Sat Jun 27 13:49:52 UTC 2026
Cache sync 2 at Sat Jun 27 13:49:52 UTC 2026
Cache sync 3 at Sat Jun 27 13:49:52 UTC 2026
Cache sync 4 at Sat Jun 27 13:49:52 UTC 2026
Cache sync 5 at Sat Jun 27 13:49:52 UTC 2026
Cache sync 6 at Sat Jun 27 13:49:52 UTC 2026
Cache sync 7 at Sat Jun 27 13:49:52 UTC 2026
Cache sync 8 at Sat Jun 27 13:49:52 UTC 2026
Cache sync 9 at Sat Jun 27 13:49:52 UTC 2026
Cache sync 10 at Sat Jun 27 13:49:52 UTC 2026
Cache sync 11 at Sat Jun 27 13:49:52 UTC 2026
Cache sync 12 at Sat Jun 27 13:49:52 UTC 2026
Cache sync 13 at Sat Jun 27 13:49:52 UTC 2026
Cache sync 14 at Sat Jun 27 13:49:52 UTC 2026
Cache sync 15 at Sat Jun 27 13:49:52 UTC 2026
Cache sync 16 at Sat Jun 27 13:49:52 UTC 2026
Cache sync 17 at Sat Jun 27 13:49:52 UTC 2026
Cache sync 18 at Sat Jun 27 13:49:52 UTC 2026
Cache sync 19 at Sat Jun 27 13:49:52 UTC 2026
Cache sync 20 at Sat Jun 27 13:49:52 UTC 2026
Cache sync 21 at Sat Jun 27 13:49:52 UTC 2026
Cache sync 22 at Sat Jun 27 13:49:52 UTC 2026
Cache sync 23 at Sat Jun 27 13:49:52 UTC 2026
Cache sync 24 at Sat Jun 27 13:49:52 UTC 2026
Cache sync 25 at Sat Jun 27 13:49:52 UTC 2026
Cache sync 26 at Sat Jun 27 13:49:52 UTC 2026
Cache sync 27 at Sat Jun 27 13:49:52 UTC 2026
Cache sync 28 at Sat Jun 27 13:49:52 UTC 2026
Cache sync 29 at Sat Jun 27 13:49:52 UTC 2026
Cache sync 30 at Sat Jun 27 13:49:52 UTC 2026
Cache sync 31 at Sat Jun 27 13:49:52 UTC 2026
Cache sync 32 at Sat Jun 27 13:49:52 UTC 2026
Cache sync 33 at Sat Jun 27 13:49:52 UTC 2026
Cache sync 34 at Sat Jun 27 13:49:52 UTC 2026
Cache sync 35 at Sat Jun 27 13:49:52 UTC 2026
Cache sync 36 at Sat Jun 27 13:49:52 UTC 2026
Cache sync 37 at Sat Jun 27 13:49:52 UTC 2026
Cache sync 38 at Sat Jun 27 13:49:52 UTC 2026
Cache sync 39 at Sat Jun 27 13:49:52 UTC 2026
Cache sync 40 at Sat Jun 27 13:49:52 UTC 2026
Cache sync 41 at Sat Jun 27 13:49:52 UTC 2026
Cache sync 42 at Sat Jun 27 13:49:52 UTC 2026
Cache sync 43 at Sat Jun 27 13:49:52 UTC 2026
Cache sync 44 at Sat Jun 27 13:49:52 UTC 2026
Cache sync 45 at Sat Jun 27 13:49:52 UTC 2026
Cache sync 46 at Sat Jun 27 13:49:52 UTC 2026
Cache sync 47 at Sat Jun 27 13:49:52 UTC 2026
Cache sync 1 at Sat Jun 27 19:25:42 UTC 2026
Cache sync 2 at Sat Jun 27 19:25:42 UTC 2026
Cache sync 3 at Sat Jun 27 19:25:42 UTC 2026
Cache sync 4 at Sat Jun 27 19:25:42 UTC 2026
Cache sync 5 at Sat Jun 27 19:25:42 UTC 2026
Cache sync 6 at Sat Jun 27 19:25:42 UTC 2026
Cache sync 7 at Sat Jun 27 19:25:42 UTC 2026
Cache sync 8 at Sat Jun 27 19:25:42 UTC 2026
Cache sync 9 at Sat Jun 27 19:25:42 UTC 2026
Cache sync 10 at Sat Jun 27 19:25:42 UTC 2026
Cache sync 11 at Sat Jun 27 19:25:42 UTC 2026
Cache sync 12 at Sat Jun 27 19:25:42 UTC 2026
Cache sync 13 at Sat Jun 27 19:25:42 UTC 2026
Cache sync 14 at Sat Jun 27 19:25:42 UTC 2026
Cache sync 15 at Sat Jun 27 19:25:42 UTC 2026
Cache sync 16 at Sat Jun 27 19:25:42 UTC 2026
Cache sync 17 at Sat Jun 27 19:25:42 UTC 2026
Cache sync 18 at Sat Jun 27 19:25:42 UTC 2026
Cache sync 19 at Sat Jun 27 19:25:42 UTC 2026
Cache sync 20 at Sat Jun 27 19:25:42 UTC 2026
Cache sync 21 at Sat Jun 27 19:25:42 UTC 2026
Cache sync 22 at Sat Jun 27 19:25:42 UTC 2026
Cache sync 23 at Sat Jun 27 19:25:42 UTC 2026
Cache sync 24 at Sat Jun 27 19:25:42 UTC 2026
Cache sync 25 at Sat Jun 27 19:25:42 UTC 2026
Cache sync 26 at Sat Jun 27 19:25:42 UTC 2026
Cache sync 27 at Sat Jun 27 19:25:42 UTC 2026
Cache sync 28 at Sat Jun 27 19:25:42 UTC 2026
Cache sync 29 at Sat Jun 27 19:25:42 UTC 2026
Cache sync 30 at Sat Jun 27 19:25:42 UTC 2026
Cache sync 31 at Sat Jun 27 19:25:42 UTC 2026
Cache sync 32 at Sat Jun 27 19:25:42 UTC 2026
Cache sync 33 at Sat Jun 27 19:25:42 UTC 2026
Cache sync 34 at Sat Jun 27 19:25:42 UTC 2026
Cache sync 35 at Sat Jun 27 19:25:42 UTC 2026
Cache sync 36 at Sat Jun 27 19:25:42 UTC 2026
Cache sync 37 at Sat Jun 27 19:25:42 UTC 2026
Cache sync 38 at Sat Jun 27 19:25:42 UTC 2026
Cache sync 39 at Sat Jun 27 19:25:42 UTC 2026
Cache sync 40 at Sat Jun 27 19:25:42 UTC 2026
Cache sync 41 at Sat Jun 27 19:25:42 UTC 2026
Cache sync 42 at Sat Jun 27 19:25:42 UTC 2026
Cache sync 43 at Sat Jun 27 19:25:42 UTC 2026
Cache sync 44 at Sat Jun 27 19:25:42 UTC 2026
Cache sync 45 at Sat Jun 27 19:25:42 UTC 2026
Cache sync 46 at Sat Jun 27 19:25:42 UTC 2026
Cache sync 47 at Sat Jun 27 19:25:42 UTC 2026
Cache sync 48 at Sat Jun 27 19:25:42 UTC 2026
Cache sync 49 at Sat Jun 27 19:25:42 UTC 2026
Cache sync 50 at Sat Jun 27 19:25:42 UTC 2026
Cache sync 51 at Sat Jun 27 19:25:42 UTC 2026
Cache sync 52 at Sat Jun 27 19:25:42 UTC 2026
Cache sync 53 at Sat Jun 27 19:25:43 UTC 2026
Cache sync 54 at Sat Jun 27 19:25:43 UTC 2026
Cache sync 1 at Sun Jun 28 04:10:38 UTC 2026
Cache sync 2 at Sun Jun 28 04:10:38 UTC 2026
Cache sync 3 at Sun Jun 28 04:10:38 UTC 2026
Cache sync 4 at Sun Jun 28 04:10:38 UTC 2026
Cache sync 5 at Sun Jun 28 04:10:38 UTC 2026
Cache sync 6 at Sun Jun 28 04:10:38 UTC 2026
Cache sync 7 at Sun Jun 28 04:10:38 UTC 2026
Cache sync 8 at Sun Jun 28 04:10:38 UTC 2026
Cache sync 9 at Sun Jun 28 04:10:38 UTC 2026
Cache sync 10 at Sun Jun 28 04:10:38 UTC 2026
Cache sync 11 at Sun Jun 28 04:10:38 UTC 2026
Cache sync 12 at Sun Jun 28 04:10:38 UTC 2026
Cache sync 13 at Sun Jun 28 04:10:38 UTC 2026
Cache sync 14 at Sun Jun 28 04:10:38 UTC 2026
Cache sync 15 at Sun Jun 28 04:10:38 UTC 2026
Cache sync 16 at Sun Jun 28 04:10:38 UTC 2026
Cache sync 17 at Sun Jun 28 04:10:38 UTC 2026
Cache sync 18 at Sun Jun 28 04:10:38 UTC 2026
Cache sync 19 at Sun Jun 28 04:10:38 UTC 2026
Cache sync 20 at Sun Jun 28 04:10:38 UTC 2026
Cache sync 21 at Sun Jun 28 04:10:38 UTC 2026
Cache sync 22 at Sun Jun 28 04:10:38 UTC 2026
Cache sync 23 at Sun Jun 28 04:10:38 UTC 2026
Cache sync 24 at Sun Jun 28 04:10:38 UTC 2026
Cache sync 25 at Sun Jun 28 04:10:38 UTC 2026
Cache sync 26 at Sun Jun 28 04:10:38 UTC 2026
Cache sync 27 at Sun Jun 28 04:10:38 UTC 2026
Cache sync 28 at Sun Jun 28 04:10:39 UTC 2026
Cache sync 29 at Sun Jun 28 04:10:39 UTC 2026
Cache sync 30 at Sun Jun 28 04:10:39 UTC 2026
Cache sync 31 at Sun Jun 28 04:10:39 UTC 2026
Cache sync 32 at Sun Jun 28 04:10:39 UTC 2026
Cache sync 33 at Sun Jun 28 04:10:39 UTC 2026
Cache sync 34 at Sun Jun 28 04:10:39 UTC 2026
Cache sync 35 at Sun Jun 28 04:10:39 UTC 2026
Cache sync 36 at Sun Jun 28 04:10:39 UTC 2026
Cache sync 37 at Sun Jun 28 04:10:39 UTC 2026
Cache sync 38 at Sun Jun 28 04:10:39 UTC 2026
Cache sync 39 at Sun Jun 28 04:10:39 UTC 2026
Cache sync 40 at Sun Jun 28 04:10:39 UTC 2026
Cache sync 41 at Sun Jun 28 04:10:39 UTC 2026
Cache sync 42 at Sun Jun 28 04:10:39 UTC 2026
Cache sync 43 at Sun Jun 28 04:10:39 UTC 2026
Cache sync 44 at Sun Jun 28 04:10:39 UTC 2026
Cache sync 45 at Sun Jun 28 04:10:39 UTC 2026
Cache sync 46 at Sun Jun 28 04:10:39 UTC 2026
Cache sync 47 at Sun Jun 28 04:10:39 UTC 2026
Cache sync 48 at Sun Jun 28 04:10:39 UTC 2026
Cache sync 49 at Sun Jun 28 04:10:39 UTC 2026
Cache sync 50 at Sun Jun 28 04:10:39 UTC 2026
Cache sync 51 at Sun Jun 28 04:10:39 UTC 2026
Cache sync 52 at Sun Jun 28 04:10:39 UTC 2026
Cache sync 53 at Sun Jun 28 04:10:39 UTC 2026
Cache sync 54 at Sun Jun 28 04:10:39 UTC 2026
Cache sync 55 at Sun Jun 28 04:10:39 UTC 2026
Cache sync 56 at Sun Jun 28 04:10:39 UTC 2026
Cache sync 57 at Sun Jun 28 04:10:39 UTC 2026
Cache sync 58 at Sun Jun 28 04:10:39 UTC 2026
Cache sync 59 at Sun Jun 28 04:10:39 UTC 2026
Cache sync 60 at Sun Jun 28 04:10:39 UTC 2026
Cache sync 1 at Sun Jun 28 08:57:25 UTC 2026
Cache sync 2 at Sun Jun 28 08:57:25 UTC 2026
Cache sync 3 at Sun Jun 28 08:57:25 UTC 2026
Cache sync 4 at Sun Jun 28 08:57:25 UTC 2026
Cache sync 5 at Sun Jun 28 08:57:25 UTC 2026
Cache sync 6 at Sun Jun 28 08:57:25 UTC 2026
Cache sync 7 at Sun Jun 28 08:57:25 UTC 2026
Cache sync 8 at Sun Jun 28 08:57:25 UTC 2026
Cache sync 9 at Sun Jun 28 08:57:25 UTC 2026
Cache sync 10 at Sun Jun 28 08:57:25 UTC 2026
Cache sync 11 at Sun Jun 28 08:57:25 UTC 2026
Cache sync 12 at Sun Jun 28 08:57:25 UTC 2026
Cache sync 13 at Sun Jun 28 08:57:25 UTC 2026
Cache sync 14 at Sun Jun 28 08:57:25 UTC 2026
Cache sync 15 at Sun Jun 28 08:57:25 UTC 2026
Cache sync 16 at Sun Jun 28 08:57:25 UTC 2026
Cache sync 17 at Sun Jun 28 08:57:25 UTC 2026
Cache sync 18 at Sun Jun 28 08:57:25 UTC 2026
Cache sync 19 at Sun Jun 28 08:57:25 UTC 2026
Cache sync 20 at Sun Jun 28 08:57:25 UTC 2026
Cache sync 21 at Sun Jun 28 08:57:25 UTC 2026
Cache sync 22 at Sun Jun 28 08:57:25 UTC 2026
Cache sync 23 at Sun Jun 28 08:57:25 UTC 2026
Cache sync 24 at Sun Jun 28 08:57:25 UTC 2026
Cache sync 25 at Sun Jun 28 08:57:25 UTC 2026
Cache sync 26 at Sun Jun 28 08:57:25 UTC 2026
Cache sync 27 at Sun Jun 28 08:57:25 UTC 2026
Cache sync 28 at Sun Jun 28 08:57:25 UTC 2026
Cache sync 29 at Sun Jun 28 08:57:25 UTC 2026
Cache sync 30 at Sun Jun 28 08:57:25 UTC 2026
Cache sync 31 at Sun Jun 28 08:57:25 UTC 2026
Cache sync 32 at Sun Jun 28 08:57:25 UTC 2026
Cache sync 33 at Sun Jun 28 08:57:25 UTC 2026
Cache sync 34 at Sun Jun 28 08:57:25 UTC 2026
Cache sync 35 at Sun Jun 28 08:57:25 UTC 2026
Cache sync 36 at Sun Jun 28 08:57:25 UTC 2026
Cache sync 37 at Sun Jun 28 08:57:25 UTC 2026
Cache sync 38 at Sun Jun 28 08:57:25 UTC 2026
Cache sync 39 at Sun Jun 28 08:57:25 UTC 2026
Cache sync 40 at Sun Jun 28 08:57:25 UTC 2026
Cache sync 41 at Sun Jun 28 08:57:25 UTC 2026
Cache sync 42 at Sun Jun 28 08:57:25 UTC 2026
Cache sync 43 at Sun Jun 28 08:57:25 UTC 2026
Cache sync 44 at Sun Jun 28 08:57:25 UTC 2026
Cache sync 45 at Sun Jun 28 08:57:25 UTC 2026
Cache sync 46 at Sun Jun 28 08:57:25 UTC 2026
Cache sync 47 at Sun Jun 28 08:57:25 UTC 2026
Cache sync 48 at Sun Jun 28 08:57:25 UTC 2026
Cache sync 49 at Sun Jun 28 08:57:25 UTC 2026
Cache sync 50 at Sun Jun 28 08:57:25 UTC 2026
Cache sync 51 at Sun Jun 28 08:57:25 UTC 2026
Cache sync 52 at Sun Jun 28 08:57:25 UTC 2026
Cache sync 53 at Sun Jun 28 08:57:25 UTC 2026
Cache sync 54 at Sun Jun 28 08:57:25 UTC 2026
Cache sync 55 at Sun Jun 28 08:57:26 UTC 2026
Cache sync 56 at Sun Jun 28 08:57:26 UTC 2026
Cache sync 57 at Sun Jun 28 08:57:26 UTC 2026
Cache sync 58 at Sun Jun 28 08:57:26 UTC 2026
Cache sync 59 at Sun Jun 28 08:57:26 UTC 2026
Cache sync 60 at Sun Jun 28 08:57:26 UTC 2026
Cache sync 61 at Sun Jun 28 08:57:26 UTC 2026
Cache sync 62 at Sun Jun 28 08:57:26 UTC 2026
Cache sync 63 at Sun Jun 28 08:57:26 UTC 2026
Cache sync 64 at Sun Jun 28 08:57:26 UTC 2026
Cache sync 65 at Sun Jun 28 08:57:26 UTC 2026
Cache sync 66 at Sun Jun 28 08:57:26 UTC 2026
Cache sync 67 at Sun Jun 28 08:57:26 UTC 2026
Cache sync 68 at Sun Jun 28 08:57:26 UTC 2026
Cache sync 69 at Sun Jun 28 08:57:26 UTC 2026
Cache sync 70 at Sun Jun 28 08:57:26 UTC 2026
Cache sync 71 at Sun Jun 28 08:57:26 UTC 2026
Cache sync 72 at Sun Jun 28 08:57:26 UTC 2026
Cache sync 73 at Sun Jun 28 08:57:26 UTC 2026
Cache sync 74 at Sun Jun 28 08:57:26 UTC 2026
Cache sync 75 at Sun Jun 28 08:57:26 UTC 2026
Cache sync 76 at Sun Jun 28 08:57:26 UTC 2026
Cache sync 77 at Sun Jun 28 08:57:26 UTC 2026
Cache sync 78 at Sun Jun 28 08:57:26 UTC 2026
Cache sync 79 at Sun Jun 28 08:57:26 UTC 2026
Cache sync 80 at Sun Jun 28 08:57:26 UTC 2026
Cache sync 81 at Sun Jun 28 08:57:26 UTC 2026
Cache sync 82 at Sun Jun 28 08:57:26 UTC 2026
Cache sync 83 at Sun Jun 28 08:57:26 UTC 2026
Cache sync 1 at Sun Jun 28 13:54:47 UTC 2026
Cache sync 2 at Sun Jun 28 13:54:47 UTC 2026
Cache sync 3 at Sun Jun 28 13:54:47 UTC 2026
Cache sync 4 at Sun Jun 28 13:54:47 UTC 2026
Cache sync 5 at Sun Jun 28 13:54:47 UTC 2026
Cache sync 6 at Sun Jun 28 13:54:47 UTC 2026
Cache sync 7 at Sun Jun 28 13:54:47 UTC 2026
Cache sync 8 at Sun Jun 28 13:54:47 UTC 2026
Cache sync 9 at Sun Jun 28 13:54:47 UTC 2026
Cache sync 10 at Sun Jun 28 13:54:47 UTC 2026
Cache sync 11 at Sun Jun 28 13:54:47 UTC 2026
Cache sync 12 at Sun Jun 28 13:54:47 UTC 2026
Cache sync 13 at Sun Jun 28 13:54:47 UTC 2026
Cache sync 14 at Sun Jun 28 13:54:47 UTC 2026
Cache sync 15 at Sun Jun 28 13:54:47 UTC 2026
Cache sync 16 at Sun Jun 28 13:54:47 UTC 2026
Cache sync 17 at Sun Jun 28 13:54:47 UTC 2026
Cache sync 18 at Sun Jun 28 13:54:47 UTC 2026
Cache sync 19 at Sun Jun 28 13:54:47 UTC 2026
Cache sync 20 at Sun Jun 28 13:54:47 UTC 2026
Cache sync 21 at Sun Jun 28 13:54:47 UTC 2026
Cache sync 22 at Sun Jun 28 13:54:47 UTC 2026
Cache sync 23 at Sun Jun 28 13:54:47 UTC 2026
Cache sync 24 at Sun Jun 28 13:54:47 UTC 2026
Cache sync 25 at Sun Jun 28 13:54:47 UTC 2026
Cache sync 26 at Sun Jun 28 13:54:47 UTC 2026
Cache sync 27 at Sun Jun 28 13:54:47 UTC 2026
Cache sync 28 at Sun Jun 28 13:54:47 UTC 2026
Cache sync 29 at Sun Jun 28 13:54:47 UTC 2026
Cache sync 30 at Sun Jun 28 13:54:47 UTC 2026
Cache sync 31 at Sun Jun 28 13:54:47 UTC 2026
Cache sync 32 at Sun Jun 28 13:54:47 UTC 2026
Cache sync 33 at Sun Jun 28 13:54:47 UTC 2026
Cache sync 1 at Sun Jun 28 19:26:02 UTC 2026
Cache sync 2 at Sun Jun 28 19:26:02 UTC 2026
Cache sync 3 at Sun Jun 28 19:26:02 UTC 2026
Cache sync 4 at Sun Jun 28 19:26:02 UTC 2026
Cache sync 5 at Sun Jun 28 19:26:02 UTC 2026
Cache sync 6 at Sun Jun 28 19:26:02 UTC 2026
Cache sync 7 at Sun Jun 28 19:26:02 UTC 2026
Cache sync 8 at Sun Jun 28 19:26:02 UTC 2026
Cache sync 9 at Sun Jun 28 19:26:03 UTC 2026
Cache sync 10 at Sun Jun 28 19:26:03 UTC 2026
Cache sync 11 at Sun Jun 28 19:26:03 UTC 2026
Cache sync 1 at Mon Jun 29 11:06:47 UTC 2026
Cache sync 2 at Mon Jun 29 11:06:47 UTC 2026
Cache sync 3 at Mon Jun 29 11:06:47 UTC 2026
Cache sync 4 at Mon Jun 29 11:06:47 UTC 2026
Cache sync 5 at Mon Jun 29 11:06:47 UTC 2026
Cache sync 6 at Mon Jun 29 11:06:47 UTC 2026
Cache sync 7 at Mon Jun 29 11:06:47 UTC 2026
Cache sync 8 at Mon Jun 29 11:06:47 UTC 2026
Cache sync 9 at Mon Jun 29 11:06:47 UTC 2026
Cache sync 10 at Mon Jun 29 11:06:47 UTC 2026
Cache sync 11 at Mon Jun 29 11:06:47 UTC 2026
Cache sync 12 at Mon Jun 29 11:06:47 UTC 2026
Cache sync 13 at Mon Jun 29 11:06:47 UTC 2026
Cache sync 14 at Mon Jun 29 11:06:47 UTC 2026
Cache sync 15 at Mon Jun 29 11:06:47 UTC 2026
Cache sync 16 at Mon Jun 29 11:06:47 UTC 2026
Cache sync 17 at Mon Jun 29 11:06:47 UTC 2026
Cache sync 18 at Mon Jun 29 11:06:47 UTC 2026
Cache sync 19 at Mon Jun 29 11:06:47 UTC 2026
Cache sync 20 at Mon Jun 29 11:06:47 UTC 2026
Cache sync 21 at Mon Jun 29 11:06:47 UTC 2026
Cache sync 22 at Mon Jun 29 11:06:47 UTC 2026
Cache sync 23 at Mon Jun 29 11:06:47 UTC 2026
Cache sync 24 at Mon Jun 29 11:06:47 UTC 2026
Cache sync 25 at Mon Jun 29 11:06:47 UTC 2026
Cache sync 26 at Mon Jun 29 11:06:47 UTC 2026
Cache sync 27 at Mon Jun 29 11:06:47 UTC 2026
Cache sync 28 at Mon Jun 29 11:06:47 UTC 2026
Cache sync 29 at Mon Jun 29 11:06:47 UTC 2026
Cache sync 30 at Mon Jun 29 11:06:47 UTC 2026
Cache sync 31 at Mon Jun 29 11:06:47 UTC 2026
Cache sync 32 at Mon Jun 29 11:06:47 UTC 2026
Cache sync 33 at Mon Jun 29 11:06:47 UTC 2026
Cache sync 1 at Mon Jun 29 20:02:49 UTC 2026
Cache sync 2 at Mon Jun 29 20:02:49 UTC 2026
Cache sync 3 at Mon Jun 29 20:02:49 UTC 2026
Cache sync 4 at Mon Jun 29 20:02:49 UTC 2026
Cache sync 5 at Mon Jun 29 20:02:49 UTC 2026
Cache sync 6 at Mon Jun 29 20:02:49 UTC 2026
Cache sync 7 at Mon Jun 29 20:02:49 UTC 2026
Cache sync 8 at Mon Jun 29 20:02:49 UTC 2026
Cache sync 9 at Mon Jun 29 20:02:49 UTC 2026
Cache sync 10 at Mon Jun 29 20:02:49 UTC 2026
Cache sync 11 at Mon Jun 29 20:02:49 UTC 2026
Cache sync 12 at Mon Jun 29 20:02:49 UTC 2026
Cache sync 13 at Mon Jun 29 20:02:49 UTC 2026
Cache sync 14 at Mon Jun 29 20:02:49 UTC 2026
Cache sync 15 at Mon Jun 29 20:02:49 UTC 2026
Cache sync 16 at Mon Jun 29 20:02:49 UTC 2026
Cache sync 17 at Mon Jun 29 20:02:49 UTC 2026
Cache sync 18 at Mon Jun 29 20:02:49 UTC 2026
Cache sync 19 at Mon Jun 29 20:02:49 UTC 2026
Cache sync 20 at Mon Jun 29 20:02:49 UTC 2026
Cache sync 21 at Mon Jun 29 20:02:49 UTC 2026
Cache sync 22 at Mon Jun 29 20:02:49 UTC 2026
Cache sync 23 at Mon Jun 29 20:02:49 UTC 2026
Cache sync 24 at Mon Jun 29 20:02:49 UTC 2026
Cache sync 25 at Mon Jun 29 20:02:49 UTC 2026
Cache sync 26 at Mon Jun 29 20:02:49 UTC 2026
Cache sync 27 at Mon Jun 29 20:02:49 UTC 2026
Cache sync 28 at Mon Jun 29 20:02:49 UTC 2026
Cache sync 29 at Mon Jun 29 20:02:49 UTC 2026
Cache sync 30 at Mon Jun 29 20:02:49 UTC 2026
Cache sync 31 at Mon Jun 29 20:02:49 UTC 2026
Cache sync 32 at Mon Jun 29 20:02:50 UTC 2026
Cache sync 33 at Mon Jun 29 20:02:50 UTC 2026
Cache sync 34 at Mon Jun 29 20:02:50 UTC 2026
Cache sync 35 at Mon Jun 29 20:02:50 UTC 2026
Cache sync 36 at Mon Jun 29 20:02:50 UTC 2026
Cache sync 37 at Mon Jun 29 20:02:50 UTC 2026
Cache sync 38 at Mon Jun 29 20:02:50 UTC 2026
Cache sync 39 at Mon Jun 29 20:02:50 UTC 2026
Cache sync 40 at Mon Jun 29 20:02:50 UTC 2026
Cache sync 41 at Mon Jun 29 20:02:50 UTC 2026
Cache sync 42 at Mon Jun 29 20:02:50 UTC 2026
Cache sync 43 at Mon Jun 29 20:02:50 UTC 2026
Cache sync 44 at Mon Jun 29 20:02:50 UTC 2026
Cache sync 45 at Mon Jun 29 20:02:50 UTC 2026
Cache sync 46 at Mon Jun 29 20:02:50 UTC 2026
Cache sync 47 at Mon Jun 29 20:02:50 UTC 2026
Cache sync 48 at Mon Jun 29 20:02:50 UTC 2026
Cache sync 49 at Mon Jun 29 20:02:50 UTC 2026
Cache sync 50 at Mon Jun 29 20:02:50 UTC 2026
Cache sync 51 at Mon Jun 29 20:02:50 UTC 2026
Cache sync 52 at Mon Jun 29 20:02:50 UTC 2026
Cache sync 53 at Mon Jun 29 20:02:50 UTC 2026
Cache sync 54 at Mon Jun 29 20:02:50 UTC 2026
Cache sync 55 at Mon Jun 29 20:02:50 UTC 2026
Cache sync 56 at Mon Jun 29 20:02:50 UTC 2026
Cache sync 1 at Tue Jun 30 03:58:18 UTC 2026
Cache sync 2 at Tue Jun 30 03:58:18 UTC 2026
Cache sync 3 at Tue Jun 30 03:58:18 UTC 2026
Cache sync 4 at Tue Jun 30 03:58:18 UTC 2026
Cache sync 5 at Tue Jun 30 03:58:18 UTC 2026
Cache sync 6 at Tue Jun 30 03:58:18 UTC 2026
Cache sync 7 at Tue Jun 30 03:58:18 UTC 2026
Cache sync 8 at Tue Jun 30 03:58:18 UTC 2026
Cache sync 9 at Tue Jun 30 03:58:18 UTC 2026
Cache sync 10 at Tue Jun 30 03:58:19 UTC 2026
Cache sync 11 at Tue Jun 30 03:58:19 UTC 2026
Cache sync 12 at Tue Jun 30 03:58:19 UTC 2026
Cache sync 13 at Tue Jun 30 03:58:19 UTC 2026
Cache sync 14 at Tue Jun 30 03:58:19 UTC 2026
Cache sync 15 at Tue Jun 30 03:58:19 UTC 2026
Cache sync 16 at Tue Jun 30 03:58:19 UTC 2026
Cache sync 17 at Tue Jun 30 03:58:19 UTC 2026
Cache sync 18 at Tue Jun 30 03:58:19 UTC 2026
Cache sync 19 at Tue Jun 30 03:58:19 UTC 2026
Cache sync 20 at Tue Jun 30 03:58:19 UTC 2026
Cache sync 21 at Tue Jun 30 03:58:19 UTC 2026
Cache sync 22 at Tue Jun 30 03:58:19 UTC 2026
Cache sync 23 at Tue Jun 30 03:58:19 UTC 2026
Cache sync 24 at Tue Jun 30 03:58:19 UTC 2026
Cache sync 25 at Tue Jun 30 03:58:19 UTC 2026
Cache sync 26 at Tue Jun 30 03:58:19 UTC 2026
Cache sync 27 at Tue Jun 30 03:58:19 UTC 2026
Cache sync 28 at Tue Jun 30 03:58:19 UTC 2026
Cache sync 29 at Tue Jun 30 03:58:19 UTC 2026
Cache sync 30 at Tue Jun 30 03:58:19 UTC 2026
Cache sync 31 at Tue Jun 30 03:58:19 UTC 2026
Cache sync 32 at Tue Jun 30 03:58:19 UTC 2026
Cache sync 33 at Tue Jun 30 03:58:19 UTC 2026
Cache sync 34 at Tue Jun 30 03:58:19 UTC 2026
Cache sync 35 at Tue Jun 30 03:58:19 UTC 2026
Cache sync 36 at Tue Jun 30 03:58:19 UTC 2026
Cache sync 37 at Tue Jun 30 03:58:19 UTC 2026
Cache sync 38 at Tue Jun 30 03:58:19 UTC 2026
Cache sync 39 at Tue Jun 30 03:58:19 UTC 2026
Cache sync 40 at Tue Jun 30 03:58:19 UTC 2026
Cache sync 41 at Tue Jun 30 03:58:19 UTC 2026
Cache sync 42 at Tue Jun 30 03:58:19 UTC 2026
Cache sync 43 at Tue Jun 30 03:58:19 UTC 2026
Cache sync 44 at Tue Jun 30 03:58:19 UTC 2026
Cache sync 45 at Tue Jun 30 03:58:19 UTC 2026
Cache sync 46 at Tue Jun 30 03:58:19 UTC 2026
Cache sync 47 at Tue Jun 30 03:58:19 UTC 2026
Cache sync 48 at Tue Jun 30 03:58:19 UTC 2026
Cache sync 49 at Tue Jun 30 03:58:19 UTC 2026
Cache sync 50 at Tue Jun 30 03:58:19 UTC 2026
Cache sync 51 at Tue Jun 30 03:58:19 UTC 2026
Cache sync 52 at Tue Jun 30 03:58:19 UTC 2026
Cache sync 53 at Tue Jun 30 03:58:19 UTC 2026
Cache sync 54 at Tue Jun 30 03:58:19 UTC 2026
Cache sync 55 at Tue Jun 30 03:58:19 UTC 2026
Cache sync 56 at Tue Jun 30 03:58:19 UTC 2026
Cache sync 57 at Tue Jun 30 03:58:19 UTC 2026
Cache sync 58 at Tue Jun 30 03:58:19 UTC 2026
Cache sync 59 at Tue Jun 30 03:58:19 UTC 2026
Cache sync 60 at Tue Jun 30 03:58:19 UTC 2026
Cache sync 61 at Tue Jun 30 03:58:19 UTC 2026
Cache sync 1 at Tue Jun 30 09:44:12 UTC 2026
Cache sync 2 at Tue Jun 30 09:44:12 UTC 2026
Cache sync 3 at Tue Jun 30 09:44:12 UTC 2026
Cache sync 4 at Tue Jun 30 09:44:12 UTC 2026
Cache sync 5 at Tue Jun 30 09:44:12 UTC 2026
Cache sync 6 at Tue Jun 30 09:44:12 UTC 2026
Cache sync 7 at Tue Jun 30 09:44:12 UTC 2026
Cache sync 8 at Tue Jun 30 09:44:12 UTC 2026
Cache sync 9 at Tue Jun 30 09:44:12 UTC 2026
Cache sync 10 at Tue Jun 30 09:44:12 UTC 2026
Cache sync 11 at Tue Jun 30 09:44:12 UTC 2026
Cache sync 12 at Tue Jun 30 09:44:12 UTC 2026
Cache sync 13 at Tue Jun 30 09:44:12 UTC 2026
Cache sync 14 at Tue Jun 30 09:44:12 UTC 2026
Cache sync 15 at Tue Jun 30 09:44:12 UTC 2026
Cache sync 16 at Tue Jun 30 09:44:12 UTC 2026
Cache sync 17 at Tue Jun 30 09:44:12 UTC 2026
Cache sync 18 at Tue Jun 30 09:44:12 UTC 2026
Cache sync 19 at Tue Jun 30 09:44:12 UTC 2026
Cache sync 20 at Tue Jun 30 09:44:12 UTC 2026
Cache sync 21 at Tue Jun 30 09:44:12 UTC 2026
Cache sync 22 at Tue Jun 30 09:44:12 UTC 2026
Cache sync 23 at Tue Jun 30 09:44:12 UTC 2026
Cache sync 24 at Tue Jun 30 09:44:12 UTC 2026
Cache sync 25 at Tue Jun 30 09:44:12 UTC 2026
Cache sync 26 at Tue Jun 30 09:44:12 UTC 2026
Cache sync 27 at Tue Jun 30 09:44:12 UTC 2026
Cache sync 28 at Tue Jun 30 09:44:12 UTC 2026
Cache sync 29 at Tue Jun 30 09:44:12 UTC 2026
Cache sync 30 at Tue Jun 30 09:44:12 UTC 2026
Cache sync 31 at Tue Jun 30 09:44:12 UTC 2026
Cache sync 32 at Tue Jun 30 09:44:12 UTC 2026
Cache sync 33 at Tue Jun 30 09:44:12 UTC 2026
Cache sync 34 at Tue Jun 30 09:44:12 UTC 2026
Cache sync 35 at Tue Jun 30 09:44:12 UTC 2026
Cache sync 36 at Tue Jun 30 09:44:12 UTC 2026
Cache sync 37 at Tue Jun 30 09:44:12 UTC 2026
Cache sync 38 at Tue Jun 30 09:44:12 UTC 2026
Cache sync 39 at Tue Jun 30 09:44:12 UTC 2026
Cache sync 40 at Tue Jun 30 09:44:12 UTC 2026
Cache sync 41 at Tue Jun 30 09:44:12 UTC 2026
Cache sync 42 at Tue Jun 30 09:44:12 UTC 2026
Cache sync 43 at Tue Jun 30 09:44:12 UTC 2026
Cache sync 44 at Tue Jun 30 09:44:12 UTC 2026
Cache sync 45 at Tue Jun 30 09:44:12 UTC 2026
Cache sync 46 at Tue Jun 30 09:44:12 UTC 2026
Cache sync 47 at Tue Jun 30 09:44:12 UTC 2026
Cache sync 48 at Tue Jun 30 09:44:12 UTC 2026
Cache sync 49 at Tue Jun 30 09:44:12 UTC 2026
Cache sync 50 at Tue Jun 30 09:44:12 UTC 2026
Cache sync 51 at Tue Jun 30 09:44:12 UTC 2026
Cache sync 52 at Tue Jun 30 09:44:13 UTC 2026
Cache sync 53 at Tue Jun 30 09:44:13 UTC 2026
Cache sync 54 at Tue Jun 30 09:44:13 UTC 2026
Cache sync 55 at Tue Jun 30 09:44:13 UTC 2026
Cache sync 56 at Tue Jun 30 09:44:13 UTC 2026
Cache sync 57 at Tue Jun 30 09:44:13 UTC 2026
Cache sync 58 at Tue Jun 30 09:44:13 UTC 2026
Cache sync 59 at Tue Jun 30 09:44:13 UTC 2026
Cache sync 60 at Tue Jun 30 09:44:13 UTC 2026
Cache sync 61 at Tue Jun 30 09:44:13 UTC 2026
Cache sync 62 at Tue Jun 30 09:44:13 UTC 2026
Cache sync 63 at Tue Jun 30 09:44:13 UTC 2026
Cache sync 64 at Tue Jun 30 09:44:13 UTC 2026
Cache sync 65 at Tue Jun 30 09:44:13 UTC 2026
Cache sync 66 at Tue Jun 30 09:44:13 UTC 2026
Cache sync 67 at Tue Jun 30 09:44:13 UTC 2026
Cache sync 68 at Tue Jun 30 09:44:13 UTC 2026
Cache sync 69 at Tue Jun 30 09:44:13 UTC 2026
Cache sync 70 at Tue Jun 30 09:44:13 UTC 2026
Cache sync 1 at Tue Jun 30 14:26:11 UTC 2026
Cache sync 2 at Tue Jun 30 14:26:11 UTC 2026
Cache sync 3 at Tue Jun 30 14:26:11 UTC 2026
Cache sync 4 at Tue Jun 30 14:26:11 UTC 2026
Cache sync 5 at Tue Jun 30 14:26:11 UTC 2026
Cache sync 6 at Tue Jun 30 14:26:11 UTC 2026
Cache sync 7 at Tue Jun 30 14:26:11 UTC 2026
Cache sync 8 at Tue Jun 30 14:26:11 UTC 2026
Cache sync 9 at Tue Jun 30 14:26:11 UTC 2026
Cache sync 10 at Tue Jun 30 14:26:11 UTC 2026
Cache sync 11 at Tue Jun 30 14:26:12 UTC 2026
Cache sync 12 at Tue Jun 30 14:26:12 UTC 2026
Cache sync 13 at Tue Jun 30 14:26:12 UTC 2026
Cache sync 14 at Tue Jun 30 14:26:12 UTC 2026
Cache sync 15 at Tue Jun 30 14:26:12 UTC 2026
Cache sync 16 at Tue Jun 30 14:26:12 UTC 2026
Cache sync 17 at Tue Jun 30 14:26:12 UTC 2026
Cache sync 18 at Tue Jun 30 14:26:12 UTC 2026
Cache sync 19 at Tue Jun 30 14:26:12 UTC 2026
Cache sync 20 at Tue Jun 30 14:26:12 UTC 2026
Cache sync 21 at Tue Jun 30 14:26:12 UTC 2026
Cache sync 22 at Tue Jun 30 14:26:12 UTC 2026
Cache sync 23 at Tue Jun 30 14:26:12 UTC 2026
Cache sync 1 at Tue Jun 30 20:02:48 UTC 2026
Cache sync 2 at Tue Jun 30 20:02:48 UTC 2026
Cache sync 3 at Tue Jun 30 20:02:48 UTC 2026
Cache sync 4 at Tue Jun 30 20:02:48 UTC 2026
Cache sync 5 at Tue Jun 30 20:02:48 UTC 2026
Cache sync 6 at Tue Jun 30 20:02:48 UTC 2026
Cache sync 7 at Tue Jun 30 20:02:48 UTC 2026
Cache sync 8 at Tue Jun 30 20:02:48 UTC 2026
Cache sync 9 at Tue Jun 30 20:02:48 UTC 2026
Cache sync 10 at Tue Jun 30 20:02:48 UTC 2026
Cache sync 11 at Tue Jun 30 20:02:48 UTC 2026
Cache sync 12 at Tue Jun 30 20:02:48 UTC 2026
Cache sync 13 at Tue Jun 30 20:02:48 UTC 2026
Cache sync 14 at Tue Jun 30 20:02:48 UTC 2026
Cache sync 15 at Tue Jun 30 20:02:48 UTC 2026
Cache sync 16 at Tue Jun 30 20:02:48 UTC 2026
Cache sync 17 at Tue Jun 30 20:02:48 UTC 2026
Cache sync 18 at Tue Jun 30 20:02:48 UTC 2026
Cache sync 19 at Tue Jun 30 20:02:48 UTC 2026
Cache sync 20 at Tue Jun 30 20:02:48 UTC 2026
Cache sync 21 at Tue Jun 30 20:02:48 UTC 2026
Cache sync 22 at Tue Jun 30 20:02:48 UTC 2026
Cache sync 23 at Tue Jun 30 20:02:48 UTC 2026
Cache sync 24 at Tue Jun 30 20:02:48 UTC 2026
Cache sync 25 at Tue Jun 30 20:02:48 UTC 2026
Cache sync 26 at Tue Jun 30 20:02:48 UTC 2026
Cache sync 27 at Tue Jun 30 20:02:48 UTC 2026
Cache sync 28 at Tue Jun 30 20:02:48 UTC 2026
Cache sync 29 at Tue Jun 30 20:02:48 UTC 2026
Cache sync 30 at Tue Jun 30 20:02:48 UTC 2026
Cache sync 31 at Tue Jun 30 20:02:48 UTC 2026
Cache sync 32 at Tue Jun 30 20:02:48 UTC 2026
Cache sync 33 at Tue Jun 30 20:02:48 UTC 2026
Cache sync 34 at Tue Jun 30 20:02:48 UTC 2026
Cache sync 35 at Tue Jun 30 20:02:48 UTC 2026
Cache sync 36 at Tue Jun 30 20:02:48 UTC 2026
Cache sync 37 at Tue Jun 30 20:02:49 UTC 2026
Cache sync 38 at Tue Jun 30 20:02:49 UTC 2026
Cache sync 39 at Tue Jun 30 20:02:49 UTC 2026
Cache sync 40 at Tue Jun 30 20:02:49 UTC 2026
Cache sync 41 at Tue Jun 30 20:02:49 UTC 2026
Cache sync 42 at Tue Jun 30 20:02:49 UTC 2026
Cache sync 43 at Tue Jun 30 20:02:49 UTC 2026
Cache sync 44 at Tue Jun 30 20:02:49 UTC 2026
Cache sync 45 at Tue Jun 30 20:02:49 UTC 2026
Cache sync 46 at Tue Jun 30 20:02:49 UTC 2026
Cache sync 47 at Tue Jun 30 20:02:49 UTC 2026
Cache sync 48 at Tue Jun 30 20:02:49 UTC 2026
Cache sync 49 at Tue Jun 30 20:02:49 UTC 2026
Cache sync 50 at Tue Jun 30 20:02:49 UTC 2026
Cache sync 51 at Tue Jun 30 20:02:49 UTC 2026
Cache sync 52 at Tue Jun 30 20:02:49 UTC 2026
Cache sync 53 at Tue Jun 30 20:02:49 UTC 2026
Cache sync 54 at Tue Jun 30 20:02:49 UTC 2026
Cache sync 55 at Tue Jun 30 20:02:49 UTC 2026
Cache sync 56 at Tue Jun 30 20:02:49 UTC 2026
Cache sync 57 at Tue Jun 30 20:02:49 UTC 2026
Cache sync 58 at Tue Jun 30 20:02:49 UTC 2026
Cache sync 59 at Tue Jun 30 20:02:49 UTC 2026
Cache sync 60 at Tue Jun 30 20:02:49 UTC 2026
Cache sync 61 at Tue Jun 30 20:02:49 UTC 2026
Cache sync 62 at Tue Jun 30 20:02:49 UTC 2026
Cache sync 63 at Tue Jun 30 20:02:49 UTC 2026
Cache sync 64 at Tue Jun 30 20:02:49 UTC 2026
Cache sync 65 at Tue Jun 30 20:02:49 UTC 2026
Cache sync 66 at Tue Jun 30 20:02:49 UTC 2026
Cache sync 67 at Tue Jun 30 20:02:49 UTC 2026
Cache sync 68 at Tue Jun 30 20:02:49 UTC 2026
Cache sync 69 at Tue Jun 30 20:02:49 UTC 2026
Cache sync 70 at Tue Jun 30 20:02:49 UTC 2026
Cache sync 71 at Tue Jun 30 20:02:49 UTC 2026
Cache sync 72 at Tue Jun 30 20:02:49 UTC 2026
Cache sync 1 at Wed Jul  1 04:13:38 UTC 2026
Cache sync 2 at Wed Jul  1 04:13:38 UTC 2026
Cache sync 3 at Wed Jul  1 04:13:38 UTC 2026
Cache sync 4 at Wed Jul  1 04:13:38 UTC 2026
Cache sync 5 at Wed Jul  1 04:13:38 UTC 2026
Cache sync 6 at Wed Jul  1 04:13:38 UTC 2026
Cache sync 7 at Wed Jul  1 04:13:38 UTC 2026
Cache sync 8 at Wed Jul  1 04:13:38 UTC 2026
Cache sync 9 at Wed Jul  1 04:13:38 UTC 2026
Cache sync 10 at Wed Jul  1 04:13:39 UTC 2026
Cache sync 11 at Wed Jul  1 04:13:39 UTC 2026
Cache sync 12 at Wed Jul  1 04:13:39 UTC 2026
Cache sync 13 at Wed Jul  1 04:13:39 UTC 2026
Cache sync 14 at Wed Jul  1 04:13:39 UTC 2026
Cache sync 15 at Wed Jul  1 04:13:39 UTC 2026
Cache sync 16 at Wed Jul  1 04:13:39 UTC 2026
Cache sync 17 at Wed Jul  1 04:13:39 UTC 2026
Cache sync 18 at Wed Jul  1 04:13:39 UTC 2026
Cache sync 19 at Wed Jul  1 04:13:39 UTC 2026
Cache sync 20 at Wed Jul  1 04:13:39 UTC 2026
Cache sync 21 at Wed Jul  1 04:13:39 UTC 2026
Cache sync 22 at Wed Jul  1 04:13:39 UTC 2026
Cache sync 23 at Wed Jul  1 04:13:39 UTC 2026
Cache sync 24 at Wed Jul  1 04:13:39 UTC 2026
Cache sync 25 at Wed Jul  1 04:13:39 UTC 2026
Cache sync 26 at Wed Jul  1 04:13:39 UTC 2026
Cache sync 27 at Wed Jul  1 04:13:39 UTC 2026
Cache sync 28 at Wed Jul  1 04:13:39 UTC 2026
Cache sync 29 at Wed Jul  1 04:13:39 UTC 2026
Cache sync 30 at Wed Jul  1 04:13:39 UTC 2026
Cache sync 31 at Wed Jul  1 04:13:39 UTC 2026
Cache sync 32 at Wed Jul  1 04:13:39 UTC 2026
Cache sync 33 at Wed Jul  1 04:13:39 UTC 2026
Cache sync 34 at Wed Jul  1 04:13:39 UTC 2026
Cache sync 35 at Wed Jul  1 04:13:39 UTC 2026
Cache sync 36 at Wed Jul  1 04:13:39 UTC 2026
Cache sync 37 at Wed Jul  1 04:13:39 UTC 2026
Cache sync 38 at Wed Jul  1 04:13:39 UTC 2026
Cache sync 39 at Wed Jul  1 04:13:39 UTC 2026
Cache sync 40 at Wed Jul  1 04:13:39 UTC 2026
Cache sync 41 at Wed Jul  1 04:13:39 UTC 2026
Cache sync 42 at Wed Jul  1 04:13:39 UTC 2026
Cache sync 43 at Wed Jul  1 04:13:39 UTC 2026
Cache sync 44 at Wed Jul  1 04:13:39 UTC 2026
Cache sync 45 at Wed Jul  1 04:13:39 UTC 2026
Cache sync 46 at Wed Jul  1 04:13:39 UTC 2026
Cache sync 47 at Wed Jul  1 04:13:39 UTC 2026
Cache sync 48 at Wed Jul  1 04:13:39 UTC 2026
Cache sync 49 at Wed Jul  1 04:13:39 UTC 2026
Cache sync 50 at Wed Jul  1 04:13:39 UTC 2026
Cache sync 51 at Wed Jul  1 04:13:39 UTC 2026
Cache sync 52 at Wed Jul  1 04:13:39 UTC 2026
Cache sync 53 at Wed Jul  1 04:13:39 UTC 2026
Cache sync 54 at Wed Jul  1 04:13:39 UTC 2026
Cache sync 55 at Wed Jul  1 04:13:39 UTC 2026
Cache sync 56 at Wed Jul  1 04:13:39 UTC 2026
Cache sync 57 at Wed Jul  1 04:13:39 UTC 2026
Cache sync 58 at Wed Jul  1 04:13:39 UTC 2026
Cache sync 59 at Wed Jul  1 04:13:39 UTC 2026
Cache sync 60 at Wed Jul  1 04:13:39 UTC 2026
Cache sync 61 at Wed Jul  1 04:13:39 UTC 2026
Cache sync 62 at Wed Jul  1 04:13:39 UTC 2026
Cache sync 63 at Wed Jul  1 04:13:39 UTC 2026
Cache sync 64 at Wed Jul  1 04:13:39 UTC 2026
Cache sync 65 at Wed Jul  1 04:13:39 UTC 2026
Cache sync 66 at Wed Jul  1 04:13:39 UTC 2026
Cache sync 67 at Wed Jul  1 04:13:39 UTC 2026
Cache sync 68 at Wed Jul  1 04:13:39 UTC 2026
Cache sync 69 at Wed Jul  1 04:13:39 UTC 2026
Cache sync 70 at Wed Jul  1 04:13:39 UTC 2026
Cache sync 71 at Wed Jul  1 04:13:39 UTC 2026
Cache sync 72 at Wed Jul  1 04:13:39 UTC 2026
Cache sync 73 at Wed Jul  1 04:13:40 UTC 2026
Cache sync 74 at Wed Jul  1 04:13:40 UTC 2026
Cache sync 75 at Wed Jul  1 04:13:40 UTC 2026
Cache sync 76 at Wed Jul  1 04:13:40 UTC 2026
Cache sync 77 at Wed Jul  1 04:13:40 UTC 2026
Cache sync 78 at Wed Jul  1 04:13:40 UTC 2026
Cache sync 79 at Wed Jul  1 04:13:40 UTC 2026
Cache sync 80 at Wed Jul  1 04:13:40 UTC 2026
Cache sync 81 at Wed Jul  1 04:13:40 UTC 2026
Cache sync 82 at Wed Jul  1 04:13:40 UTC 2026
Cache sync 83 at Wed Jul  1 04:13:40 UTC 2026
Cache sync 84 at Wed Jul  1 04:13:40 UTC 2026
Cache sync 1 at Wed Jul  1 14:44:01 UTC 2026
Cache sync 2 at Wed Jul  1 14:44:01 UTC 2026
Cache sync 3 at Wed Jul  1 14:44:01 UTC 2026
Cache sync 4 at Wed Jul  1 14:44:01 UTC 2026
Cache sync 5 at Wed Jul  1 14:44:01 UTC 2026
Cache sync 6 at Wed Jul  1 14:44:01 UTC 2026
Cache sync 7 at Wed Jul  1 14:44:01 UTC 2026
Cache sync 8 at Wed Jul  1 14:44:01 UTC 2026
Cache sync 9 at Wed Jul  1 14:44:01 UTC 2026
Cache sync 10 at Wed Jul  1 14:44:01 UTC 2026
Cache sync 11 at Wed Jul  1 14:44:01 UTC 2026
Cache sync 12 at Wed Jul  1 14:44:01 UTC 2026
Cache sync 13 at Wed Jul  1 14:44:01 UTC 2026
Cache sync 14 at Wed Jul  1 14:44:01 UTC 2026
Cache sync 15 at Wed Jul  1 14:44:01 UTC 2026
Cache sync 16 at Wed Jul  1 14:44:01 UTC 2026
Cache sync 17 at Wed Jul  1 14:44:01 UTC 2026
Cache sync 18 at Wed Jul  1 14:44:01 UTC 2026
Cache sync 19 at Wed Jul  1 14:44:01 UTC 2026
Cache sync 20 at Wed Jul  1 14:44:01 UTC 2026
Cache sync 21 at Wed Jul  1 14:44:01 UTC 2026
Cache sync 22 at Wed Jul  1 14:44:01 UTC 2026
Cache sync 23 at Wed Jul  1 14:44:01 UTC 2026
Cache sync 24 at Wed Jul  1 14:44:01 UTC 2026
Cache sync 25 at Wed Jul  1 14:44:02 UTC 2026
Cache sync 26 at Wed Jul  1 14:44:02 UTC 2026
Cache sync 27 at Wed Jul  1 14:44:02 UTC 2026
Cache sync 28 at Wed Jul  1 14:44:02 UTC 2026
Cache sync 29 at Wed Jul  1 14:44:02 UTC 2026
Cache sync 30 at Wed Jul  1 14:44:02 UTC 2026
Cache sync 1 at Wed Jul  1 20:00:44 UTC 2026
Cache sync 2 at Wed Jul  1 20:00:44 UTC 2026
Cache sync 3 at Wed Jul  1 20:00:44 UTC 2026
Cache sync 4 at Wed Jul  1 20:00:44 UTC 2026
Cache sync 5 at Wed Jul  1 20:00:44 UTC 2026
Cache sync 6 at Wed Jul  1 20:00:44 UTC 2026
Cache sync 7 at Wed Jul  1 20:00:44 UTC 2026
Cache sync 8 at Wed Jul  1 20:00:44 UTC 2026
Cache sync 9 at Wed Jul  1 20:00:44 UTC 2026
Cache sync 10 at Wed Jul  1 20:00:44 UTC 2026
Cache sync 11 at Wed Jul  1 20:00:44 UTC 2026
Cache sync 12 at Wed Jul  1 20:00:44 UTC 2026
Cache sync 13 at Wed Jul  1 20:00:44 UTC 2026
Cache sync 14 at Wed Jul  1 20:00:44 UTC 2026
Cache sync 15 at Wed Jul  1 20:00:44 UTC 2026
Cache sync 16 at Wed Jul  1 20:00:44 UTC 2026
Cache sync 17 at Wed Jul  1 20:00:44 UTC 2026
Cache sync 18 at Wed Jul  1 20:00:44 UTC 2026
Cache sync 19 at Wed Jul  1 20:00:44 UTC 2026
Cache sync 20 at Wed Jul  1 20:00:44 UTC 2026
Cache sync 21 at Wed Jul  1 20:00:44 UTC 2026
Cache sync 22 at Wed Jul  1 20:00:44 UTC 2026
Cache sync 23 at Wed Jul  1 20:00:44 UTC 2026
Cache sync 24 at Wed Jul  1 20:00:44 UTC 2026
Cache sync 25 at Wed Jul  1 20:00:44 UTC 2026
Cache sync 26 at Wed Jul  1 20:00:44 UTC 2026
Cache sync 27 at Wed Jul  1 20:00:44 UTC 2026
Cache sync 28 at Wed Jul  1 20:00:44 UTC 2026
Cache sync 29 at Wed Jul  1 20:00:44 UTC 2026
Cache sync 30 at Wed Jul  1 20:00:44 UTC 2026
Cache sync 31 at Wed Jul  1 20:00:44 UTC 2026
Cache sync 32 at Wed Jul  1 20:00:44 UTC 2026
Cache sync 33 at Wed Jul  1 20:00:44 UTC 2026
Cache sync 34 at Wed Jul  1 20:00:44 UTC 2026
Cache sync 35 at Wed Jul  1 20:00:44 UTC 2026
Cache sync 36 at Wed Jul  1 20:00:44 UTC 2026
Cache sync 37 at Wed Jul  1 20:00:44 UTC 2026
Cache sync 38 at Wed Jul  1 20:00:45 UTC 2026
Cache sync 39 at Wed Jul  1 20:00:45 UTC 2026
Cache sync 40 at Wed Jul  1 20:00:45 UTC 2026
Cache sync 41 at Wed Jul  1 20:00:45 UTC 2026
Cache sync 42 at Wed Jul  1 20:00:45 UTC 2026
Cache sync 43 at Wed Jul  1 20:00:45 UTC 2026
Cache sync 44 at Wed Jul  1 20:00:45 UTC 2026
Cache sync 45 at Wed Jul  1 20:00:45 UTC 2026
Cache sync 46 at Wed Jul  1 20:00:45 UTC 2026
Cache sync 47 at Wed Jul  1 20:00:45 UTC 2026
Cache sync 48 at Wed Jul  1 20:00:45 UTC 2026
Cache sync 49 at Wed Jul  1 20:00:45 UTC 2026
Cache sync 50 at Wed Jul  1 20:00:45 UTC 2026
Cache sync 51 at Wed Jul  1 20:00:45 UTC 2026
Cache sync 52 at Wed Jul  1 20:00:45 UTC 2026
Cache sync 1 at Thu Jul  2 03:54:00 UTC 2026
Cache sync 2 at Thu Jul  2 03:54:00 UTC 2026
Cache sync 3 at Thu Jul  2 03:54:00 UTC 2026
Cache sync 4 at Thu Jul  2 03:54:00 UTC 2026
Cache sync 1 at Thu Jul  2 14:12:16 UTC 2026
Cache sync 2 at Thu Jul  2 14:12:16 UTC 2026
Cache sync 3 at Thu Jul  2 14:12:16 UTC 2026
Cache sync 4 at Thu Jul  2 14:12:16 UTC 2026
Cache sync 5 at Thu Jul  2 14:12:16 UTC 2026
Cache sync 6 at Thu Jul  2 14:12:16 UTC 2026
Cache sync 7 at Thu Jul  2 14:12:16 UTC 2026
Cache sync 8 at Thu Jul  2 14:12:16 UTC 2026
Cache sync 9 at Thu Jul  2 14:12:16 UTC 2026
Cache sync 10 at Thu Jul  2 14:12:16 UTC 2026
Cache sync 11 at Thu Jul  2 14:12:16 UTC 2026
Cache sync 12 at Thu Jul  2 14:12:17 UTC 2026
Cache sync 13 at Thu Jul  2 14:12:17 UTC 2026
Cache sync 14 at Thu Jul  2 14:12:17 UTC 2026
Cache sync 15 at Thu Jul  2 14:12:17 UTC 2026
Cache sync 16 at Thu Jul  2 14:12:17 UTC 2026
Cache sync 17 at Thu Jul  2 14:12:17 UTC 2026
Cache sync 18 at Thu Jul  2 14:12:17 UTC 2026
Cache sync 19 at Thu Jul  2 14:12:17 UTC 2026
Cache sync 20 at Thu Jul  2 14:12:17 UTC 2026
Cache sync 21 at Thu Jul  2 14:12:17 UTC 2026
Cache sync 22 at Thu Jul  2 14:12:17 UTC 2026
Cache sync 1 at Thu Jul  2 19:35:32 UTC 2026
Cache sync 2 at Thu Jul  2 19:35:32 UTC 2026
Cache sync 3 at Thu Jul  2 19:35:32 UTC 2026
Cache sync 4 at Thu Jul  2 19:35:32 UTC 2026
Cache sync 5 at Thu Jul  2 19:35:32 UTC 2026
Cache sync 6 at Thu Jul  2 19:35:32 UTC 2026
Cache sync 7 at Thu Jul  2 19:35:32 UTC 2026
Cache sync 8 at Thu Jul  2 19:35:32 UTC 2026
Cache sync 9 at Thu Jul  2 19:35:32 UTC 2026
Cache sync 10 at Thu Jul  2 19:35:32 UTC 2026
Cache sync 11 at Thu Jul  2 19:35:32 UTC 2026
Cache sync 12 at Thu Jul  2 19:35:32 UTC 2026
Cache sync 13 at Thu Jul  2 19:35:32 UTC 2026
Cache sync 14 at Thu Jul  2 19:35:32 UTC 2026
Cache sync 15 at Thu Jul  2 19:35:32 UTC 2026
Cache sync 16 at Thu Jul  2 19:35:32 UTC 2026
Cache sync 17 at Thu Jul  2 19:35:32 UTC 2026
Cache sync 18 at Thu Jul  2 19:35:32 UTC 2026
Cache sync 19 at Thu Jul  2 19:35:32 UTC 2026
Cache sync 20 at Thu Jul  2 19:35:32 UTC 2026
Cache sync 21 at Thu Jul  2 19:35:32 UTC 2026
Cache sync 22 at Thu Jul  2 19:35:32 UTC 2026
Cache sync 23 at Thu Jul  2 19:35:32 UTC 2026
Cache sync 24 at Thu Jul  2 19:35:32 UTC 2026
Cache sync 25 at Thu Jul  2 19:35:33 UTC 2026
Cache sync 26 at Thu Jul  2 19:35:33 UTC 2026
Cache sync 27 at Thu Jul  2 19:35:33 UTC 2026
Cache sync 28 at Thu Jul  2 19:35:33 UTC 2026
Cache sync 29 at Thu Jul  2 19:35:33 UTC 2026
Cache sync 30 at Thu Jul  2 19:35:33 UTC 2026
Cache sync 31 at Thu Jul  2 19:35:33 UTC 2026
Cache sync 32 at Thu Jul  2 19:35:33 UTC 2026
Cache sync 33 at Thu Jul  2 19:35:33 UTC 2026
Cache sync 34 at Thu Jul  2 19:35:33 UTC 2026
Cache sync 35 at Thu Jul  2 19:35:33 UTC 2026
Cache sync 36 at Thu Jul  2 19:35:33 UTC 2026
Cache sync 37 at Thu Jul  2 19:35:33 UTC 2026
Cache sync 38 at Thu Jul  2 19:35:33 UTC 2026
Cache sync 39 at Thu Jul  2 19:35:33 UTC 2026
Cache sync 40 at Thu Jul  2 19:35:33 UTC 2026
Cache sync 41 at Thu Jul  2 19:35:33 UTC 2026
Cache sync 42 at Thu Jul  2 19:35:33 UTC 2026
Cache sync 43 at Thu Jul  2 19:35:33 UTC 2026
Cache sync 44 at Thu Jul  2 19:35:33 UTC 2026
Cache sync 45 at Thu Jul  2 19:35:33 UTC 2026
Cache sync 1 at Fri Jul  3 03:36:16 UTC 2026
Cache sync 2 at Fri Jul  3 03:36:16 UTC 2026
Cache sync 3 at Fri Jul  3 03:36:16 UTC 2026
Cache sync 4 at Fri Jul  3 03:36:16 UTC 2026
Cache sync 5 at Fri Jul  3 03:36:16 UTC 2026
Cache sync 6 at Fri Jul  3 03:36:16 UTC 2026
Cache sync 7 at Fri Jul  3 03:36:16 UTC 2026
Cache sync 8 at Fri Jul  3 03:36:16 UTC 2026
Cache sync 9 at Fri Jul  3 03:36:16 UTC 2026
Cache sync 10 at Fri Jul  3 03:36:16 UTC 2026
Cache sync 11 at Fri Jul  3 03:36:17 UTC 2026
Cache sync 12 at Fri Jul  3 03:36:17 UTC 2026
Cache sync 13 at Fri Jul  3 03:36:17 UTC 2026
Cache sync 14 at Fri Jul  3 03:36:17 UTC 2026
Cache sync 15 at Fri Jul  3 03:36:17 UTC 2026
Cache sync 16 at Fri Jul  3 03:36:17 UTC 2026
Cache sync 17 at Fri Jul  3 03:36:17 UTC 2026
Cache sync 18 at Fri Jul  3 03:36:17 UTC 2026
Cache sync 19 at Fri Jul  3 03:36:17 UTC 2026
Cache sync 20 at Fri Jul  3 03:36:17 UTC 2026
Cache sync 21 at Fri Jul  3 03:36:17 UTC 2026
Cache sync 22 at Fri Jul  3 03:36:17 UTC 2026
Cache sync 23 at Fri Jul  3 03:36:17 UTC 2026
Cache sync 24 at Fri Jul  3 03:36:17 UTC 2026
Cache sync 25 at Fri Jul  3 03:36:17 UTC 2026
Cache sync 26 at Fri Jul  3 03:36:17 UTC 2026
Cache sync 27 at Fri Jul  3 03:36:17 UTC 2026
Cache sync 28 at Fri Jul  3 03:36:17 UTC 2026
Cache sync 29 at Fri Jul  3 03:36:17 UTC 2026
Cache sync 30 at Fri Jul  3 03:36:17 UTC 2026
Cache sync 31 at Fri Jul  3 03:36:17 UTC 2026
Cache sync 32 at Fri Jul  3 03:36:17 UTC 2026
Cache sync 33 at Fri Jul  3 03:36:17 UTC 2026
Cache sync 34 at Fri Jul  3 03:36:17 UTC 2026
Cache sync 35 at Fri Jul  3 03:36:17 UTC 2026
Cache sync 36 at Fri Jul  3 03:36:17 UTC 2026
Cache sync 37 at Fri Jul  3 03:36:17 UTC 2026
Cache sync 38 at Fri Jul  3 03:36:17 UTC 2026
Cache sync 39 at Fri Jul  3 03:36:17 UTC 2026
Cache sync 40 at Fri Jul  3 03:36:17 UTC 2026
Cache sync 41 at Fri Jul  3 03:36:17 UTC 2026
Cache sync 42 at Fri Jul  3 03:36:17 UTC 2026
Cache sync 43 at Fri Jul  3 03:36:17 UTC 2026
Cache sync 44 at Fri Jul  3 03:36:17 UTC 2026
Cache sync 45 at Fri Jul  3 03:36:17 UTC 2026
Cache sync 46 at Fri Jul  3 03:36:17 UTC 2026
Cache sync 47 at Fri Jul  3 03:36:17 UTC 2026
Cache sync 48 at Fri Jul  3 03:36:17 UTC 2026
Cache sync 49 at Fri Jul  3 03:36:17 UTC 2026
Cache sync 50 at Fri Jul  3 03:36:17 UTC 2026
Cache sync 51 at Fri Jul  3 03:36:17 UTC 2026
Cache sync 52 at Fri Jul  3 03:36:17 UTC 2026
Cache sync 53 at Fri Jul  3 03:36:17 UTC 2026
Cache sync 54 at Fri Jul  3 03:36:17 UTC 2026
Cache sync 55 at Fri Jul  3 03:36:17 UTC 2026
Cache sync 56 at Fri Jul  3 03:36:17 UTC 2026
Cache sync 57 at Fri Jul  3 03:36:17 UTC 2026
Cache sync 58 at Fri Jul  3 03:36:17 UTC 2026
Cache sync 59 at Fri Jul  3 03:36:17 UTC 2026
Cache sync 60 at Fri Jul  3 03:36:17 UTC 2026
Cache sync 61 at Fri Jul  3 03:36:17 UTC 2026
Cache sync 62 at Fri Jul  3 03:36:17 UTC 2026
Cache sync 63 at Fri Jul  3 03:36:17 UTC 2026
Cache sync 64 at Fri Jul  3 03:36:17 UTC 2026
Cache sync 65 at Fri Jul  3 03:36:17 UTC 2026
Cache sync 66 at Fri Jul  3 03:36:17 UTC 2026
Cache sync 67 at Fri Jul  3 03:36:17 UTC 2026
Cache sync 68 at Fri Jul  3 03:36:17 UTC 2026
Cache sync 69 at Fri Jul  3 03:36:18 UTC 2026
Cache sync 70 at Fri Jul  3 03:36:18 UTC 2026
Cache sync 71 at Fri Jul  3 03:36:18 UTC 2026
Cache sync 72 at Fri Jul  3 03:36:18 UTC 2026
Cache sync 1 at Fri Jul  3 09:23:53 UTC 2026
Cache sync 2 at Fri Jul  3 09:23:53 UTC 2026
Cache sync 3 at Fri Jul  3 09:23:53 UTC 2026
Cache sync 4 at Fri Jul  3 09:23:53 UTC 2026
Cache sync 5 at Fri Jul  3 09:23:53 UTC 2026
Cache sync 6 at Fri Jul  3 09:23:53 UTC 2026
Cache sync 7 at Fri Jul  3 09:23:53 UTC 2026
Cache sync 8 at Fri Jul  3 09:23:53 UTC 2026
Cache sync 9 at Fri Jul  3 09:23:53 UTC 2026
Cache sync 10 at Fri Jul  3 09:23:53 UTC 2026
Cache sync 11 at Fri Jul  3 09:23:53 UTC 2026
Cache sync 12 at Fri Jul  3 09:23:53 UTC 2026
Cache sync 13 at Fri Jul  3 09:23:53 UTC 2026
Cache sync 14 at Fri Jul  3 09:23:53 UTC 2026
Cache sync 15 at Fri Jul  3 09:23:53 UTC 2026
Cache sync 16 at Fri Jul  3 09:23:53 UTC 2026
Cache sync 17 at Fri Jul  3 09:23:53 UTC 2026
Cache sync 18 at Fri Jul  3 09:23:53 UTC 2026
Cache sync 19 at Fri Jul  3 09:23:53 UTC 2026
Cache sync 20 at Fri Jul  3 09:23:53 UTC 2026
Cache sync 21 at Fri Jul  3 09:23:53 UTC 2026
Cache sync 22 at Fri Jul  3 09:23:53 UTC 2026
Cache sync 23 at Fri Jul  3 09:23:53 UTC 2026
Cache sync 24 at Fri Jul  3 09:23:53 UTC 2026
Cache sync 25 at Fri Jul  3 09:23:53 UTC 2026
Cache sync 26 at Fri Jul  3 09:23:53 UTC 2026
Cache sync 27 at Fri Jul  3 09:23:53 UTC 2026
Cache sync 28 at Fri Jul  3 09:23:53 UTC 2026
Cache sync 29 at Fri Jul  3 09:23:53 UTC 2026
Cache sync 30 at Fri Jul  3 09:23:53 UTC 2026
Cache sync 31 at Fri Jul  3 09:23:54 UTC 2026
Cache sync 32 at Fri Jul  3 09:23:54 UTC 2026
Cache sync 33 at Fri Jul  3 09:23:54 UTC 2026
Cache sync 34 at Fri Jul  3 09:23:54 UTC 2026
Cache sync 35 at Fri Jul  3 09:23:54 UTC 2026
Cache sync 36 at Fri Jul  3 09:23:54 UTC 2026
Cache sync 37 at Fri Jul  3 09:23:54 UTC 2026
Cache sync 38 at Fri Jul  3 09:23:54 UTC 2026
Cache sync 39 at Fri Jul  3 09:23:54 UTC 2026
Cache sync 40 at Fri Jul  3 09:23:54 UTC 2026
Cache sync 41 at Fri Jul  3 09:23:54 UTC 2026
Cache sync 42 at Fri Jul  3 09:23:54 UTC 2026
Cache sync 43 at Fri Jul  3 09:23:54 UTC 2026
Cache sync 44 at Fri Jul  3 09:23:54 UTC 2026
Cache sync 45 at Fri Jul  3 09:23:54 UTC 2026
Cache sync 46 at Fri Jul  3 09:23:54 UTC 2026
Cache sync 47 at Fri Jul  3 09:23:54 UTC 2026
Cache sync 48 at Fri Jul  3 09:23:54 UTC 2026
Cache sync 49 at Fri Jul  3 09:23:54 UTC 2026
Cache sync 50 at Fri Jul  3 09:23:54 UTC 2026
Cache sync 51 at Fri Jul  3 09:23:54 UTC 2026
Cache sync 52 at Fri Jul  3 09:23:54 UTC 2026
Cache sync 53 at Fri Jul  3 09:23:54 UTC 2026
Cache sync 54 at Fri Jul  3 09:23:54 UTC 2026
Cache sync 55 at Fri Jul  3 09:23:54 UTC 2026
Cache sync 56 at Fri Jul  3 09:23:54 UTC 2026
Cache sync 57 at Fri Jul  3 09:23:54 UTC 2026
Cache sync 58 at Fri Jul  3 09:23:54 UTC 2026
Cache sync 59 at Fri Jul  3 09:23:54 UTC 2026
Cache sync 60 at Fri Jul  3 09:23:54 UTC 2026
Cache sync 61 at Fri Jul  3 09:23:54 UTC 2026
Cache sync 62 at Fri Jul  3 09:23:54 UTC 2026
Cache sync 63 at Fri Jul  3 09:23:54 UTC 2026
Cache sync 64 at Fri Jul  3 09:23:54 UTC 2026
Cache sync 65 at Fri Jul  3 09:23:54 UTC 2026
Cache sync 1 at Fri Jul  3 14:14:20 UTC 2026
Cache sync 2 at Fri Jul  3 14:14:20 UTC 2026
Cache sync 3 at Fri Jul  3 14:14:20 UTC 2026
Cache sync 4 at Fri Jul  3 14:14:20 UTC 2026
Cache sync 5 at Fri Jul  3 14:14:20 UTC 2026
Cache sync 6 at Fri Jul  3 14:14:20 UTC 2026
Cache sync 7 at Fri Jul  3 14:14:20 UTC 2026
Cache sync 8 at Fri Jul  3 14:14:20 UTC 2026
Cache sync 9 at Fri Jul  3 14:14:20 UTC 2026
Cache sync 10 at Fri Jul  3 14:14:20 UTC 2026
Cache sync 11 at Fri Jul  3 14:14:20 UTC 2026
Cache sync 12 at Fri Jul  3 14:14:20 UTC 2026
Cache sync 13 at Fri Jul  3 14:14:20 UTC 2026
Cache sync 14 at Fri Jul  3 14:14:20 UTC 2026
Cache sync 15 at Fri Jul  3 14:14:20 UTC 2026
Cache sync 1 at Fri Jul  3 19:27:38 UTC 2026
Cache sync 2 at Fri Jul  3 19:27:38 UTC 2026
Cache sync 3 at Fri Jul  3 19:27:38 UTC 2026
Cache sync 4 at Fri Jul  3 19:27:38 UTC 2026
Cache sync 5 at Fri Jul  3 19:27:38 UTC 2026
Cache sync 6 at Fri Jul  3 19:27:38 UTC 2026
Cache sync 7 at Fri Jul  3 19:27:38 UTC 2026
Cache sync 8 at Fri Jul  3 19:27:38 UTC 2026
Cache sync 9 at Fri Jul  3 19:27:38 UTC 2026
Cache sync 10 at Fri Jul  3 19:27:38 UTC 2026
Cache sync 11 at Fri Jul  3 19:27:38 UTC 2026
Cache sync 12 at Fri Jul  3 19:27:38 UTC 2026
Cache sync 13 at Fri Jul  3 19:27:38 UTC 2026
Cache sync 1 at Sat Jul  4 03:29:14 UTC 2026
Cache sync 2 at Sat Jul  4 03:29:14 UTC 2026
Cache sync 3 at Sat Jul  4 03:29:14 UTC 2026
Cache sync 4 at Sat Jul  4 03:29:14 UTC 2026
Cache sync 5 at Sat Jul  4 03:29:14 UTC 2026
Cache sync 6 at Sat Jul  4 03:29:14 UTC 2026
Cache sync 7 at Sat Jul  4 03:29:15 UTC 2026
Cache sync 8 at Sat Jul  4 03:29:15 UTC 2026
Cache sync 9 at Sat Jul  4 03:29:15 UTC 2026
Cache sync 10 at Sat Jul  4 03:29:15 UTC 2026
Cache sync 11 at Sat Jul  4 03:29:15 UTC 2026
Cache sync 12 at Sat Jul  4 03:29:15 UTC 2026
Cache sync 13 at Sat Jul  4 03:29:15 UTC 2026
Cache sync 14 at Sat Jul  4 03:29:15 UTC 2026
Cache sync 15 at Sat Jul  4 03:29:15 UTC 2026
Cache sync 16 at Sat Jul  4 03:29:15 UTC 2026
Cache sync 17 at Sat Jul  4 03:29:15 UTC 2026
Cache sync 18 at Sat Jul  4 03:29:15 UTC 2026
Cache sync 19 at Sat Jul  4 03:29:15 UTC 2026
Cache sync 20 at Sat Jul  4 03:29:15 UTC 2026
Cache sync 21 at Sat Jul  4 03:29:15 UTC 2026
Cache sync 22 at Sat Jul  4 03:29:15 UTC 2026
Cache sync 23 at Sat Jul  4 03:29:15 UTC 2026
Cache sync 24 at Sat Jul  4 03:29:15 UTC 2026
Cache sync 25 at Sat Jul  4 03:29:15 UTC 2026
Cache sync 26 at Sat Jul  4 03:29:15 UTC 2026
Cache sync 27 at Sat Jul  4 03:29:15 UTC 2026
Cache sync 28 at Sat Jul  4 03:29:15 UTC 2026
Cache sync 29 at Sat Jul  4 03:29:15 UTC 2026
Cache sync 30 at Sat Jul  4 03:29:15 UTC 2026
Cache sync 31 at Sat Jul  4 03:29:15 UTC 2026
Cache sync 32 at Sat Jul  4 03:29:15 UTC 2026
Cache sync 33 at Sat Jul  4 03:29:15 UTC 2026
Cache sync 34 at Sat Jul  4 03:29:15 UTC 2026
Cache sync 35 at Sat Jul  4 03:29:15 UTC 2026
Cache sync 36 at Sat Jul  4 03:29:15 UTC 2026
Cache sync 37 at Sat Jul  4 03:29:15 UTC 2026
Cache sync 38 at Sat Jul  4 03:29:15 UTC 2026
Cache sync 39 at Sat Jul  4 03:29:15 UTC 2026
Cache sync 40 at Sat Jul  4 03:29:15 UTC 2026
Cache sync 41 at Sat Jul  4 03:29:15 UTC 2026
Cache sync 42 at Sat Jul  4 03:29:15 UTC 2026
Cache sync 43 at Sat Jul  4 03:29:15 UTC 2026
Cache sync 44 at Sat Jul  4 03:29:15 UTC 2026
Cache sync 45 at Sat Jul  4 03:29:15 UTC 2026
Cache sync 46 at Sat Jul  4 03:29:15 UTC 2026
Cache sync 47 at Sat Jul  4 03:29:15 UTC 2026
Cache sync 48 at Sat Jul  4 03:29:15 UTC 2026
Cache sync 49 at Sat Jul  4 03:29:15 UTC 2026
Cache sync 50 at Sat Jul  4 03:29:15 UTC 2026
Cache sync 51 at Sat Jul  4 03:29:15 UTC 2026
Cache sync 52 at Sat Jul  4 03:29:15 UTC 2026
Cache sync 53 at Sat Jul  4 03:29:15 UTC 2026
Cache sync 54 at Sat Jul  4 03:29:15 UTC 2026
Cache sync 55 at Sat Jul  4 03:29:15 UTC 2026
Cache sync 56 at Sat Jul  4 03:29:15 UTC 2026
Cache sync 57 at Sat Jul  4 03:29:15 UTC 2026
Cache sync 58 at Sat Jul  4 03:29:15 UTC 2026
Cache sync 59 at Sat Jul  4 03:29:15 UTC 2026
Cache sync 60 at Sat Jul  4 03:29:15 UTC 2026
Cache sync 61 at Sat Jul  4 03:29:15 UTC 2026
Cache sync 62 at Sat Jul  4 03:29:15 UTC 2026
Cache sync 63 at Sat Jul  4 03:29:15 UTC 2026
Cache sync 64 at Sat Jul  4 03:29:15 UTC 2026
Cache sync 65 at Sat Jul  4 03:29:15 UTC 2026
Cache sync 66 at Sat Jul  4 03:29:16 UTC 2026
Cache sync 67 at Sat Jul  4 03:29:16 UTC 2026
Cache sync 68 at Sat Jul  4 03:29:16 UTC 2026
Cache sync 69 at Sat Jul  4 03:29:16 UTC 2026
Cache sync 70 at Sat Jul  4 03:29:16 UTC 2026
Cache sync 71 at Sat Jul  4 03:29:16 UTC 2026
Cache sync 72 at Sat Jul  4 03:29:16 UTC 2026
Cache sync 73 at Sat Jul  4 03:29:16 UTC 2026
Cache sync 74 at Sat Jul  4 03:29:16 UTC 2026
Cache sync 75 at Sat Jul  4 03:29:16 UTC 2026
Cache sync 76 at Sat Jul  4 03:29:16 UTC 2026
Cache sync 77 at Sat Jul  4 03:29:16 UTC 2026
Cache sync 78 at Sat Jul  4 03:29:16 UTC 2026
Cache sync 79 at Sat Jul  4 03:29:16 UTC 2026
Cache sync 80 at Sat Jul  4 03:29:16 UTC 2026
Cache sync 81 at Sat Jul  4 03:29:16 UTC 2026
Cache sync 82 at Sat Jul  4 03:29:16 UTC 2026
Cache sync 1 at Sat Jul  4 08:42:01 UTC 2026
Cache sync 2 at Sat Jul  4 08:42:01 UTC 2026
Cache sync 3 at Sat Jul  4 08:42:01 UTC 2026
Cache sync 4 at Sat Jul  4 08:42:01 UTC 2026
Cache sync 5 at Sat Jul  4 08:42:01 UTC 2026
Cache sync 6 at Sat Jul  4 08:42:01 UTC 2026
Cache sync 7 at Sat Jul  4 08:42:01 UTC 2026
Cache sync 8 at Sat Jul  4 08:42:01 UTC 2026
Cache sync 9 at Sat Jul  4 08:42:01 UTC 2026
Cache sync 10 at Sat Jul  4 08:42:01 UTC 2026
Cache sync 11 at Sat Jul  4 08:42:01 UTC 2026
Cache sync 12 at Sat Jul  4 08:42:01 UTC 2026
Cache sync 13 at Sat Jul  4 08:42:01 UTC 2026
Cache sync 14 at Sat Jul  4 08:42:01 UTC 2026
Cache sync 15 at Sat Jul  4 08:42:01 UTC 2026
Cache sync 16 at Sat Jul  4 08:42:01 UTC 2026
Cache sync 17 at Sat Jul  4 08:42:01 UTC 2026
Cache sync 18 at Sat Jul  4 08:42:01 UTC 2026
Cache sync 19 at Sat Jul  4 08:42:01 UTC 2026
Cache sync 20 at Sat Jul  4 08:42:01 UTC 2026
Cache sync 21 at Sat Jul  4 08:42:01 UTC 2026
Cache sync 22 at Sat Jul  4 08:42:01 UTC 2026
Cache sync 23 at Sat Jul  4 08:42:01 UTC 2026
Cache sync 24 at Sat Jul  4 08:42:01 UTC 2026
Cache sync 25 at Sat Jul  4 08:42:01 UTC 2026
Cache sync 26 at Sat Jul  4 08:42:01 UTC 2026
Cache sync 27 at Sat Jul  4 08:42:01 UTC 2026
Cache sync 28 at Sat Jul  4 08:42:01 UTC 2026
Cache sync 29 at Sat Jul  4 08:42:01 UTC 2026
Cache sync 30 at Sat Jul  4 08:42:01 UTC 2026
Cache sync 31 at Sat Jul  4 08:42:01 UTC 2026
Cache sync 32 at Sat Jul  4 08:42:01 UTC 2026
Cache sync 33 at Sat Jul  4 08:42:01 UTC 2026
Cache sync 34 at Sat Jul  4 08:42:01 UTC 2026
Cache sync 35 at Sat Jul  4 08:42:01 UTC 2026
Cache sync 36 at Sat Jul  4 08:42:01 UTC 2026
Cache sync 37 at Sat Jul  4 08:42:01 UTC 2026
Cache sync 38 at Sat Jul  4 08:42:01 UTC 2026
Cache sync 39 at Sat Jul  4 08:42:01 UTC 2026
Cache sync 40 at Sat Jul  4 08:42:01 UTC 2026
Cache sync 41 at Sat Jul  4 08:42:01 UTC 2026
Cache sync 42 at Sat Jul  4 08:42:01 UTC 2026
Cache sync 43 at Sat Jul  4 08:42:01 UTC 2026
Cache sync 44 at Sat Jul  4 08:42:01 UTC 2026
Cache sync 45 at Sat Jul  4 08:42:01 UTC 2026
Cache sync 46 at Sat Jul  4 08:42:01 UTC 2026
Cache sync 47 at Sat Jul  4 08:42:01 UTC 2026
Cache sync 48 at Sat Jul  4 08:42:01 UTC 2026
Cache sync 49 at Sat Jul  4 08:42:01 UTC 2026
Cache sync 50 at Sat Jul  4 08:42:01 UTC 2026
Cache sync 51 at Sat Jul  4 08:42:01 UTC 2026
Cache sync 52 at Sat Jul  4 08:42:01 UTC 2026
Cache sync 53 at Sat Jul  4 08:42:01 UTC 2026
Cache sync 54 at Sat Jul  4 08:42:01 UTC 2026
Cache sync 55 at Sat Jul  4 08:42:01 UTC 2026
Cache sync 56 at Sat Jul  4 08:42:01 UTC 2026
Cache sync 57 at Sat Jul  4 08:42:01 UTC 2026
Cache sync 58 at Sat Jul  4 08:42:02 UTC 2026
Cache sync 59 at Sat Jul  4 08:42:02 UTC 2026
Cache sync 60 at Sat Jul  4 08:42:02 UTC 2026
Cache sync 61 at Sat Jul  4 08:42:02 UTC 2026
Cache sync 62 at Sat Jul  4 08:42:02 UTC 2026
Cache sync 63 at Sat Jul  4 08:42:02 UTC 2026
Cache sync 64 at Sat Jul  4 08:42:02 UTC 2026
Cache sync 65 at Sat Jul  4 08:42:02 UTC 2026
Cache sync 66 at Sat Jul  4 08:42:02 UTC 2026
Cache sync 67 at Sat Jul  4 08:42:02 UTC 2026
Cache sync 68 at Sat Jul  4 08:42:02 UTC 2026
Cache sync 69 at Sat Jul  4 08:42:02 UTC 2026
Cache sync 70 at Sat Jul  4 08:42:02 UTC 2026
Cache sync 71 at Sat Jul  4 08:42:02 UTC 2026
Cache sync 72 at Sat Jul  4 08:42:02 UTC 2026
Cache sync 73 at Sat Jul  4 08:42:02 UTC 2026
Cache sync 74 at Sat Jul  4 08:42:02 UTC 2026
Cache sync 75 at Sat Jul  4 08:42:02 UTC 2026
Cache sync 76 at Sat Jul  4 08:42:02 UTC 2026
Cache sync 77 at Sat Jul  4 08:42:02 UTC 2026
Cache sync 78 at Sat Jul  4 08:42:02 UTC 2026
Cache sync 79 at Sat Jul  4 08:42:02 UTC 2026
Cache sync 1 at Sat Jul  4 13:40:27 UTC 2026
Cache sync 2 at Sat Jul  4 13:40:27 UTC 2026
Cache sync 3 at Sat Jul  4 13:40:27 UTC 2026
Cache sync 4 at Sat Jul  4 13:40:27 UTC 2026
Cache sync 5 at Sat Jul  4 13:40:27 UTC 2026
Cache sync 6 at Sat Jul  4 13:40:27 UTC 2026
Cache sync 7 at Sat Jul  4 13:40:27 UTC 2026
Cache sync 8 at Sat Jul  4 13:40:27 UTC 2026
Cache sync 9 at Sat Jul  4 13:40:27 UTC 2026
Cache sync 10 at Sat Jul  4 13:40:27 UTC 2026
Cache sync 11 at Sat Jul  4 13:40:27 UTC 2026
Cache sync 12 at Sat Jul  4 13:40:27 UTC 2026
Cache sync 13 at Sat Jul  4 13:40:27 UTC 2026
Cache sync 14 at Sat Jul  4 13:40:27 UTC 2026
Cache sync 15 at Sat Jul  4 13:40:27 UTC 2026
Cache sync 16 at Sat Jul  4 13:40:27 UTC 2026
Cache sync 17 at Sat Jul  4 13:40:27 UTC 2026
Cache sync 18 at Sat Jul  4 13:40:27 UTC 2026
Cache sync 19 at Sat Jul  4 13:40:28 UTC 2026
Cache sync 20 at Sat Jul  4 13:40:28 UTC 2026
Cache sync 1 at Sat Jul  4 19:19:06 UTC 2026
Cache sync 2 at Sat Jul  4 19:19:06 UTC 2026
Cache sync 3 at Sat Jul  4 19:19:06 UTC 2026
Cache sync 4 at Sat Jul  4 19:19:06 UTC 2026
Cache sync 5 at Sat Jul  4 19:19:06 UTC 2026
Cache sync 6 at Sat Jul  4 19:19:06 UTC 2026
Cache sync 7 at Sat Jul  4 19:19:06 UTC 2026
Cache sync 8 at Sat Jul  4 19:19:06 UTC 2026
Cache sync 9 at Sat Jul  4 19:19:06 UTC 2026
Cache sync 10 at Sat Jul  4 19:19:06 UTC 2026
Cache sync 1 at Sun Jul  5 03:46:58 UTC 2026
Cache sync 2 at Sun Jul  5 03:46:58 UTC 2026
Cache sync 3 at Sun Jul  5 03:46:58 UTC 2026
Cache sync 4 at Sun Jul  5 03:46:58 UTC 2026
Cache sync 5 at Sun Jul  5 03:46:58 UTC 2026
Cache sync 6 at Sun Jul  5 03:46:58 UTC 2026
Cache sync 7 at Sun Jul  5 03:46:58 UTC 2026
Cache sync 8 at Sun Jul  5 03:46:58 UTC 2026
Cache sync 9 at Sun Jul  5 03:46:58 UTC 2026
Cache sync 10 at Sun Jul  5 03:46:58 UTC 2026
Cache sync 11 at Sun Jul  5 03:46:58 UTC 2026
Cache sync 12 at Sun Jul  5 03:46:58 UTC 2026
Cache sync 13 at Sun Jul  5 03:46:58 UTC 2026
Cache sync 14 at Sun Jul  5 03:46:58 UTC 2026
Cache sync 15 at Sun Jul  5 03:46:58 UTC 2026
Cache sync 16 at Sun Jul  5 03:46:58 UTC 2026
Cache sync 17 at Sun Jul  5 03:46:58 UTC 2026
Cache sync 18 at Sun Jul  5 03:46:58 UTC 2026
Cache sync 19 at Sun Jul  5 03:46:58 UTC 2026
Cache sync 20 at Sun Jul  5 03:46:58 UTC 2026
Cache sync 21 at Sun Jul  5 03:46:58 UTC 2026
Cache sync 22 at Sun Jul  5 03:46:58 UTC 2026
Cache sync 23 at Sun Jul  5 03:46:58 UTC 2026
Cache sync 24 at Sun Jul  5 03:46:58 UTC 2026
Cache sync 25 at Sun Jul  5 03:46:59 UTC 2026
Cache sync 26 at Sun Jul  5 03:46:59 UTC 2026
Cache sync 27 at Sun Jul  5 03:46:59 UTC 2026
Cache sync 28 at Sun Jul  5 03:46:59 UTC 2026
Cache sync 29 at Sun Jul  5 03:46:59 UTC 2026
Cache sync 30 at Sun Jul  5 03:46:59 UTC 2026
Cache sync 31 at Sun Jul  5 03:46:59 UTC 2026
Cache sync 32 at Sun Jul  5 03:46:59 UTC 2026
Cache sync 33 at Sun Jul  5 03:46:59 UTC 2026
Cache sync 34 at Sun Jul  5 03:46:59 UTC 2026
Cache sync 35 at Sun Jul  5 03:46:59 UTC 2026
Cache sync 36 at Sun Jul  5 03:46:59 UTC 2026
Cache sync 37 at Sun Jul  5 03:46:59 UTC 2026
Cache sync 38 at Sun Jul  5 03:46:59 UTC 2026
Cache sync 39 at Sun Jul  5 03:46:59 UTC 2026
Cache sync 40 at Sun Jul  5 03:46:59 UTC 2026
Cache sync 41 at Sun Jul  5 03:46:59 UTC 2026
Cache sync 42 at Sun Jul  5 03:46:59 UTC 2026
Cache sync 43 at Sun Jul  5 03:46:59 UTC 2026
Cache sync 44 at Sun Jul  5 03:46:59 UTC 2026
Cache sync 45 at Sun Jul  5 03:46:59 UTC 2026
Cache sync 46 at Sun Jul  5 03:46:59 UTC 2026
Cache sync 47 at Sun Jul  5 03:46:59 UTC 2026
Cache sync 48 at Sun Jul  5 03:46:59 UTC 2026
Cache sync 49 at Sun Jul  5 03:46:59 UTC 2026
Cache sync 50 at Sun Jul  5 03:46:59 UTC 2026
Cache sync 51 at Sun Jul  5 03:46:59 UTC 2026
Cache sync 52 at Sun Jul  5 03:46:59 UTC 2026
Cache sync 53 at Sun Jul  5 03:46:59 UTC 2026
Cache sync 54 at Sun Jul  5 03:46:59 UTC 2026
Cache sync 55 at Sun Jul  5 03:46:59 UTC 2026
Cache sync 56 at Sun Jul  5 03:46:59 UTC 2026
Cache sync 57 at Sun Jul  5 03:46:59 UTC 2026
Cache sync 58 at Sun Jul  5 03:46:59 UTC 2026
Cache sync 59 at Sun Jul  5 03:46:59 UTC 2026
Cache sync 60 at Sun Jul  5 03:46:59 UTC 2026
Cache sync 61 at Sun Jul  5 03:46:59 UTC 2026
Cache sync 62 at Sun Jul  5 03:46:59 UTC 2026
Cache sync 63 at Sun Jul  5 03:46:59 UTC 2026
Cache sync 64 at Sun Jul  5 03:46:59 UTC 2026
Cache sync 65 at Sun Jul  5 03:46:59 UTC 2026
Cache sync 66 at Sun Jul  5 03:46:59 UTC 2026
Cache sync 67 at Sun Jul  5 03:46:59 UTC 2026
Cache sync 68 at Sun Jul  5 03:46:59 UTC 2026
Cache sync 69 at Sun Jul  5 03:46:59 UTC 2026
Cache sync 70 at Sun Jul  5 03:46:59 UTC 2026
Cache sync 71 at Sun Jul  5 03:46:59 UTC 2026
Cache sync 1 at Sun Jul  5 08:56:48 UTC 2026
Cache sync 2 at Sun Jul  5 08:56:48 UTC 2026
Cache sync 3 at Sun Jul  5 08:56:48 UTC 2026
Cache sync 4 at Sun Jul  5 08:56:48 UTC 2026
Cache sync 5 at Sun Jul  5 08:56:48 UTC 2026
Cache sync 6 at Sun Jul  5 08:56:48 UTC 2026
Cache sync 7 at Sun Jul  5 08:56:48 UTC 2026
Cache sync 8 at Sun Jul  5 08:56:49 UTC 2026
Cache sync 9 at Sun Jul  5 08:56:49 UTC 2026
Cache sync 10 at Sun Jul  5 08:56:49 UTC 2026
Cache sync 11 at Sun Jul  5 08:56:49 UTC 2026
Cache sync 1 at Sun Jul  5 13:47:31 UTC 2026
Cache sync 2 at Sun Jul  5 13:47:31 UTC 2026
Cache sync 3 at Sun Jul  5 13:47:31 UTC 2026
Cache sync 4 at Sun Jul  5 13:47:31 UTC 2026
Cache sync 5 at Sun Jul  5 13:47:31 UTC 2026
Cache sync 6 at Sun Jul  5 13:47:31 UTC 2026
Cache sync 7 at Sun Jul  5 13:47:31 UTC 2026
Cache sync 8 at Sun Jul  5 13:47:31 UTC 2026
Cache sync 9 at Sun Jul  5 13:47:31 UTC 2026
Cache sync 10 at Sun Jul  5 13:47:31 UTC 2026
Cache sync 11 at Sun Jul  5 13:47:32 UTC 2026
Cache sync 12 at Sun Jul  5 13:47:32 UTC 2026
Cache sync 13 at Sun Jul  5 13:47:32 UTC 2026
Cache sync 14 at Sun Jul  5 13:47:32 UTC 2026
Cache sync 15 at Sun Jul  5 13:47:32 UTC 2026
Cache sync 16 at Sun Jul  5 13:47:32 UTC 2026
Cache sync 17 at Sun Jul  5 13:47:32 UTC 2026
Cache sync 18 at Sun Jul  5 13:47:32 UTC 2026
Cache sync 19 at Sun Jul  5 13:47:32 UTC 2026
Cache sync 20 at Sun Jul  5 13:47:32 UTC 2026
Cache sync 21 at Sun Jul  5 13:47:32 UTC 2026
Cache sync 1 at Sun Jul  5 19:22:54 UTC 2026
Cache sync 2 at Sun Jul  5 19:22:54 UTC 2026
Cache sync 3 at Sun Jul  5 19:22:54 UTC 2026
Cache sync 4 at Sun Jul  5 19:22:54 UTC 2026
Cache sync 5 at Sun Jul  5 19:22:54 UTC 2026
Cache sync 6 at Sun Jul  5 19:22:54 UTC 2026
Cache sync 7 at Sun Jul  5 19:22:54 UTC 2026
Cache sync 8 at Sun Jul  5 19:22:54 UTC 2026
Cache sync 9 at Sun Jul  5 19:22:54 UTC 2026
Cache sync 10 at Sun Jul  5 19:22:54 UTC 2026
Cache sync 11 at Sun Jul  5 19:22:54 UTC 2026
Cache sync 12 at Sun Jul  5 19:22:54 UTC 2026
Cache sync 13 at Sun Jul  5 19:22:54 UTC 2026
Cache sync 14 at Sun Jul  5 19:22:54 UTC 2026
Cache sync 15 at Sun Jul  5 19:22:55 UTC 2026
Cache sync 1 at Mon Jul  6 03:54:42 UTC 2026
Cache sync 2 at Mon Jul  6 03:54:42 UTC 2026
Cache sync 3 at Mon Jul  6 03:54:42 UTC 2026
Cache sync 4 at Mon Jul  6 03:54:42 UTC 2026
Cache sync 5 at Mon Jul  6 03:54:42 UTC 2026
Cache sync 6 at Mon Jul  6 03:54:42 UTC 2026
Cache sync 7 at Mon Jul  6 03:54:42 UTC 2026
Cache sync 8 at Mon Jul  6 03:54:42 UTC 2026
Cache sync 9 at Mon Jul  6 03:54:42 UTC 2026
Cache sync 10 at Mon Jul  6 03:54:42 UTC 2026
Cache sync 11 at Mon Jul  6 03:54:43 UTC 2026
Cache sync 12 at Mon Jul  6 03:54:43 UTC 2026
Cache sync 13 at Mon Jul  6 03:54:43 UTC 2026
Cache sync 14 at Mon Jul  6 03:54:43 UTC 2026
Cache sync 15 at Mon Jul  6 03:54:43 UTC 2026
Cache sync 16 at Mon Jul  6 03:54:43 UTC 2026
Cache sync 17 at Mon Jul  6 03:54:43 UTC 2026
Cache sync 18 at Mon Jul  6 03:54:43 UTC 2026
Cache sync 19 at Mon Jul  6 03:54:43 UTC 2026
Cache sync 20 at Mon Jul  6 03:54:43 UTC 2026
Cache sync 21 at Mon Jul  6 03:54:43 UTC 2026
Cache sync 22 at Mon Jul  6 03:54:43 UTC 2026
Cache sync 23 at Mon Jul  6 03:54:43 UTC 2026
Cache sync 24 at Mon Jul  6 03:54:43 UTC 2026
Cache sync 25 at Mon Jul  6 03:54:43 UTC 2026
Cache sync 26 at Mon Jul  6 03:54:43 UTC 2026
Cache sync 27 at Mon Jul  6 03:54:43 UTC 2026
Cache sync 28 at Mon Jul  6 03:54:43 UTC 2026
Cache sync 29 at Mon Jul  6 03:54:43 UTC 2026
Cache sync 30 at Mon Jul  6 03:54:43 UTC 2026
Cache sync 31 at Mon Jul  6 03:54:43 UTC 2026
Cache sync 32 at Mon Jul  6 03:54:43 UTC 2026
Cache sync 33 at Mon Jul  6 03:54:43 UTC 2026
Cache sync 34 at Mon Jul  6 03:54:43 UTC 2026
Cache sync 35 at Mon Jul  6 03:54:43 UTC 2026
Cache sync 36 at Mon Jul  6 03:54:43 UTC 2026
Cache sync 37 at Mon Jul  6 03:54:43 UTC 2026
Cache sync 38 at Mon Jul  6 03:54:43 UTC 2026
Cache sync 39 at Mon Jul  6 03:54:43 UTC 2026
Cache sync 40 at Mon Jul  6 03:54:43 UTC 2026
Cache sync 41 at Mon Jul  6 03:54:43 UTC 2026
Cache sync 42 at Mon Jul  6 03:54:43 UTC 2026
Cache sync 43 at Mon Jul  6 03:54:43 UTC 2026
Cache sync 44 at Mon Jul  6 03:54:43 UTC 2026
Cache sync 45 at Mon Jul  6 03:54:43 UTC 2026
Cache sync 46 at Mon Jul  6 03:54:43 UTC 2026
Cache sync 47 at Mon Jul  6 03:54:43 UTC 2026
Cache sync 48 at Mon Jul  6 03:54:43 UTC 2026
Cache sync 49 at Mon Jul  6 03:54:43 UTC 2026
Cache sync 50 at Mon Jul  6 03:54:43 UTC 2026
Cache sync 51 at Mon Jul  6 03:54:43 UTC 2026
Cache sync 1 at Mon Jul  6 10:43:17 UTC 2026
Cache sync 2 at Mon Jul  6 10:43:17 UTC 2026
Cache sync 3 at Mon Jul  6 10:43:17 UTC 2026
Cache sync 4 at Mon Jul  6 10:43:17 UTC 2026
Cache sync 5 at Mon Jul  6 10:43:17 UTC 2026
Cache sync 6 at Mon Jul  6 10:43:17 UTC 2026
Cache sync 7 at Mon Jul  6 10:43:17 UTC 2026
Cache sync 8 at Mon Jul  6 10:43:17 UTC 2026
Cache sync 9 at Mon Jul  6 10:43:17 UTC 2026
Cache sync 10 at Mon Jul  6 10:43:17 UTC 2026
Cache sync 11 at Mon Jul  6 10:43:17 UTC 2026
Cache sync 12 at Mon Jul  6 10:43:17 UTC 2026
Cache sync 13 at Mon Jul  6 10:43:17 UTC 2026
Cache sync 14 at Mon Jul  6 10:43:17 UTC 2026
Cache sync 15 at Mon Jul  6 10:43:17 UTC 2026
Cache sync 16 at Mon Jul  6 10:43:18 UTC 2026
Cache sync 17 at Mon Jul  6 10:43:18 UTC 2026
Cache sync 18 at Mon Jul  6 10:43:18 UTC 2026
Cache sync 19 at Mon Jul  6 10:43:18 UTC 2026
Cache sync 20 at Mon Jul  6 10:43:18 UTC 2026
Cache sync 21 at Mon Jul  6 10:43:18 UTC 2026
Cache sync 22 at Mon Jul  6 10:43:18 UTC 2026
Cache sync 23 at Mon Jul  6 10:43:18 UTC 2026
Cache sync 24 at Mon Jul  6 10:43:18 UTC 2026
Cache sync 25 at Mon Jul  6 10:43:18 UTC 2026
Cache sync 26 at Mon Jul  6 10:43:18 UTC 2026
Cache sync 27 at Mon Jul  6 10:43:18 UTC 2026
Cache sync 28 at Mon Jul  6 10:43:18 UTC 2026
Cache sync 29 at Mon Jul  6 10:43:18 UTC 2026
Cache sync 30 at Mon Jul  6 10:43:18 UTC 2026
Cache sync 31 at Mon Jul  6 10:43:18 UTC 2026
Cache sync 32 at Mon Jul  6 10:43:18 UTC 2026
Cache sync 33 at Mon Jul  6 10:43:18 UTC 2026
Cache sync 1 at Mon Jul  6 15:40:27 UTC 2026
Cache sync 2 at Mon Jul  6 15:40:27 UTC 2026
Cache sync 3 at Mon Jul  6 15:40:27 UTC 2026
Cache sync 4 at Mon Jul  6 15:40:27 UTC 2026
Cache sync 5 at Mon Jul  6 15:40:27 UTC 2026
Cache sync 6 at Mon Jul  6 15:40:27 UTC 2026
Cache sync 7 at Mon Jul  6 15:40:27 UTC 2026
Cache sync 8 at Mon Jul  6 15:40:27 UTC 2026
Cache sync 9 at Mon Jul  6 15:40:27 UTC 2026
Cache sync 10 at Mon Jul  6 15:40:27 UTC 2026
Cache sync 11 at Mon Jul  6 15:40:27 UTC 2026
Cache sync 12 at Mon Jul  6 15:40:27 UTC 2026
Cache sync 13 at Mon Jul  6 15:40:27 UTC 2026
Cache sync 14 at Mon Jul  6 15:40:27 UTC 2026
Cache sync 15 at Mon Jul  6 15:40:27 UTC 2026
Cache sync 16 at Mon Jul  6 15:40:27 UTC 2026
Cache sync 17 at Mon Jul  6 15:40:27 UTC 2026
Cache sync 18 at Mon Jul  6 15:40:27 UTC 2026
Cache sync 19 at Mon Jul  6 15:40:27 UTC 2026
Cache sync 20 at Mon Jul  6 15:40:27 UTC 2026
Cache sync 21 at Mon Jul  6 15:40:27 UTC 2026
Cache sync 22 at Mon Jul  6 15:40:27 UTC 2026
Cache sync 23 at Mon Jul  6 15:40:27 UTC 2026
Cache sync 24 at Mon Jul  6 15:40:27 UTC 2026
Cache sync 25 at Mon Jul  6 15:40:27 UTC 2026
Cache sync 26 at Mon Jul  6 15:40:27 UTC 2026
Cache sync 27 at Mon Jul  6 15:40:27 UTC 2026
Cache sync 28 at Mon Jul  6 15:40:27 UTC 2026
Cache sync 29 at Mon Jul  6 15:40:27 UTC 2026
Cache sync 30 at Mon Jul  6 15:40:27 UTC 2026
Cache sync 31 at Mon Jul  6 15:40:27 UTC 2026
Cache sync 32 at Mon Jul  6 15:40:27 UTC 2026
Cache sync 33 at Mon Jul  6 15:40:27 UTC 2026
Cache sync 34 at Mon Jul  6 15:40:27 UTC 2026
Cache sync 35 at Mon Jul  6 15:40:27 UTC 2026
Cache sync 36 at Mon Jul  6 15:40:27 UTC 2026
Cache sync 37 at Mon Jul  6 15:40:27 UTC 2026
Cache sync 38 at Mon Jul  6 15:40:27 UTC 2026
Cache sync 39 at Mon Jul  6 15:40:28 UTC 2026
Cache sync 40 at Mon Jul  6 15:40:28 UTC 2026
Cache sync 41 at Mon Jul  6 15:40:28 UTC 2026
Cache sync 42 at Mon Jul  6 15:40:28 UTC 2026
Cache sync 43 at Mon Jul  6 15:40:28 UTC 2026
Cache sync 44 at Mon Jul  6 15:40:28 UTC 2026
Cache sync 45 at Mon Jul  6 15:40:28 UTC 2026
Cache sync 46 at Mon Jul  6 15:40:28 UTC 2026
Cache sync 47 at Mon Jul  6 15:40:28 UTC 2026
Cache sync 48 at Mon Jul  6 15:40:28 UTC 2026
Cache sync 49 at Mon Jul  6 15:40:28 UTC 2026
Cache sync 50 at Mon Jul  6 15:40:28 UTC 2026
Cache sync 51 at Mon Jul  6 15:40:28 UTC 2026
Cache sync 52 at Mon Jul  6 15:40:28 UTC 2026
Cache sync 53 at Mon Jul  6 15:40:28 UTC 2026
Cache sync 54 at Mon Jul  6 15:40:28 UTC 2026
Cache sync 55 at Mon Jul  6 15:40:28 UTC 2026
Cache sync 56 at Mon Jul  6 15:40:28 UTC 2026
Cache sync 57 at Mon Jul  6 15:40:29 UTC 2026
Cache sync 58 at Mon Jul  6 15:40:29 UTC 2026
Cache sync 59 at Mon Jul  6 15:40:29 UTC 2026
Cache sync 60 at Mon Jul  6 15:40:29 UTC 2026
Cache sync 61 at Mon Jul  6 15:40:29 UTC 2026
Cache sync 62 at Mon Jul  6 15:40:29 UTC 2026
Cache sync 63 at Mon Jul  6 15:40:29 UTC 2026
Cache sync 64 at Mon Jul  6 15:40:29 UTC 2026
Cache sync 65 at Mon Jul  6 15:40:29 UTC 2026
Cache sync 66 at Mon Jul  6 15:40:29 UTC 2026
Cache sync 67 at Mon Jul  6 15:40:29 UTC 2026
Cache sync 68 at Mon Jul  6 15:40:29 UTC 2026
Cache sync 69 at Mon Jul  6 15:40:29 UTC 2026
Cache sync 70 at Mon Jul  6 15:40:29 UTC 2026
Cache sync 71 at Mon Jul  6 15:40:29 UTC 2026
Cache sync 72 at Mon Jul  6 15:40:29 UTC 2026
Cache sync 73 at Mon Jul  6 15:40:29 UTC 2026
Cache sync 74 at Mon Jul  6 15:40:29 UTC 2026
Cache sync 75 at Mon Jul  6 15:40:29 UTC 2026
Cache sync 76 at Mon Jul  6 15:40:29 UTC 2026
Cache sync 77 at Mon Jul  6 15:40:29 UTC 2026
Cache sync 78 at Mon Jul  6 15:40:29 UTC 2026
Cache sync 79 at Mon Jul  6 15:40:29 UTC 2026
Cache sync 80 at Mon Jul  6 15:40:29 UTC 2026
Cache sync 81 at Mon Jul  6 15:40:29 UTC 2026
Cache sync 82 at Mon Jul  6 15:40:29 UTC 2026
Cache sync 83 at Mon Jul  6 15:40:29 UTC 2026
Cache sync 84 at Mon Jul  6 15:40:29 UTC 2026
Cache sync 85 at Mon Jul  6 15:40:29 UTC 2026
Cache sync 1 at Tue Jul  7 03:44:56 UTC 2026
Cache sync 2 at Tue Jul  7 03:44:56 UTC 2026
Cache sync 3 at Tue Jul  7 03:44:56 UTC 2026
Cache sync 4 at Tue Jul  7 03:44:56 UTC 2026
Cache sync 5 at Tue Jul  7 03:44:56 UTC 2026
Cache sync 6 at Tue Jul  7 03:44:56 UTC 2026
Cache sync 7 at Tue Jul  7 03:44:56 UTC 2026
Cache sync 8 at Tue Jul  7 03:44:56 UTC 2026
Cache sync 9 at Tue Jul  7 03:44:56 UTC 2026
Cache sync 10 at Tue Jul  7 03:44:56 UTC 2026
Cache sync 11 at Tue Jul  7 03:44:56 UTC 2026
Cache sync 12 at Tue Jul  7 03:44:56 UTC 2026
Cache sync 13 at Tue Jul  7 03:44:56 UTC 2026
Cache sync 14 at Tue Jul  7 03:44:56 UTC 2026
Cache sync 15 at Tue Jul  7 03:44:56 UTC 2026
Cache sync 16 at Tue Jul  7 03:44:56 UTC 2026
Cache sync 17 at Tue Jul  7 03:44:56 UTC 2026
Cache sync 18 at Tue Jul  7 03:44:56 UTC 2026
Cache sync 19 at Tue Jul  7 03:44:56 UTC 2026
Cache sync 20 at Tue Jul  7 03:44:56 UTC 2026
Cache sync 21 at Tue Jul  7 03:44:56 UTC 2026
Cache sync 22 at Tue Jul  7 03:44:56 UTC 2026
Cache sync 23 at Tue Jul  7 03:44:56 UTC 2026
Cache sync 24 at Tue Jul  7 03:44:56 UTC 2026
Cache sync 25 at Tue Jul  7 03:44:56 UTC 2026
Cache sync 26 at Tue Jul  7 03:44:56 UTC 2026
Cache sync 27 at Tue Jul  7 03:44:56 UTC 2026
Cache sync 28 at Tue Jul  7 03:44:56 UTC 2026
Cache sync 29 at Tue Jul  7 03:44:56 UTC 2026
Cache sync 1 at Tue Jul  7 09:48:36 UTC 2026
Cache sync 2 at Tue Jul  7 09:48:36 UTC 2026
Cache sync 3 at Tue Jul  7 09:48:36 UTC 2026
Cache sync 4 at Tue Jul  7 09:48:36 UTC 2026
Cache sync 5 at Tue Jul  7 09:48:36 UTC 2026
Cache sync 6 at Tue Jul  7 09:48:36 UTC 2026
Cache sync 7 at Tue Jul  7 09:48:36 UTC 2026
Cache sync 8 at Tue Jul  7 09:48:36 UTC 2026
Cache sync 9 at Tue Jul  7 09:48:36 UTC 2026
Cache sync 10 at Tue Jul  7 09:48:36 UTC 2026
Cache sync 1 at Tue Jul  7 14:43:50 UTC 2026
Cache sync 2 at Tue Jul  7 14:43:50 UTC 2026
Cache sync 3 at Tue Jul  7 14:43:50 UTC 2026
Cache sync 4 at Tue Jul  7 14:43:50 UTC 2026
Cache sync 5 at Tue Jul  7 14:43:50 UTC 2026
Cache sync 6 at Tue Jul  7 14:43:50 UTC 2026
Cache sync 7 at Tue Jul  7 14:43:50 UTC 2026
Cache sync 8 at Tue Jul  7 14:43:50 UTC 2026
Cache sync 9 at Tue Jul  7 14:43:50 UTC 2026
Cache sync 10 at Tue Jul  7 14:43:50 UTC 2026
Cache sync 11 at Tue Jul  7 14:43:50 UTC 2026
Cache sync 12 at Tue Jul  7 14:43:50 UTC 2026
Cache sync 13 at Tue Jul  7 14:43:50 UTC 2026
Cache sync 14 at Tue Jul  7 14:43:50 UTC 2026
Cache sync 15 at Tue Jul  7 14:43:50 UTC 2026
Cache sync 16 at Tue Jul  7 14:43:50 UTC 2026
Cache sync 17 at Tue Jul  7 14:43:50 UTC 2026
Cache sync 18 at Tue Jul  7 14:43:50 UTC 2026
Cache sync 19 at Tue Jul  7 14:43:50 UTC 2026
Cache sync 20 at Tue Jul  7 14:43:50 UTC 2026
Cache sync 21 at Tue Jul  7 14:43:50 UTC 2026
Cache sync 22 at Tue Jul  7 14:43:50 UTC 2026
Cache sync 23 at Tue Jul  7 14:43:50 UTC 2026
Cache sync 24 at Tue Jul  7 14:43:50 UTC 2026
Cache sync 25 at Tue Jul  7 14:43:50 UTC 2026
Cache sync 26 at Tue Jul  7 14:43:50 UTC 2026
Cache sync 27 at Tue Jul  7 14:43:50 UTC 2026
Cache sync 28 at Tue Jul  7 14:43:50 UTC 2026
Cache sync 29 at Tue Jul  7 14:43:50 UTC 2026
Cache sync 30 at Tue Jul  7 14:43:50 UTC 2026
Cache sync 31 at Tue Jul  7 14:43:50 UTC 2026
Cache sync 32 at Tue Jul  7 14:43:50 UTC 2026
Cache sync 33 at Tue Jul  7 14:43:50 UTC 2026
Cache sync 34 at Tue Jul  7 14:43:50 UTC 2026
Cache sync 35 at Tue Jul  7 14:43:50 UTC 2026
Cache sync 36 at Tue Jul  7 14:43:50 UTC 2026
Cache sync 37 at Tue Jul  7 14:43:50 UTC 2026
Cache sync 38 at Tue Jul  7 14:43:50 UTC 2026
Cache sync 39 at Tue Jul  7 14:43:50 UTC 2026
Cache sync 40 at Tue Jul  7 14:43:50 UTC 2026
Cache sync 41 at Tue Jul  7 14:43:50 UTC 2026
Cache sync 42 at Tue Jul  7 14:43:50 UTC 2026
Cache sync 43 at Tue Jul  7 14:43:50 UTC 2026
Cache sync 44 at Tue Jul  7 14:43:51 UTC 2026
Cache sync 45 at Tue Jul  7 14:43:51 UTC 2026
Cache sync 46 at Tue Jul  7 14:43:51 UTC 2026
Cache sync 47 at Tue Jul  7 14:43:51 UTC 2026
Cache sync 48 at Tue Jul  7 14:43:51 UTC 2026
Cache sync 49 at Tue Jul  7 14:43:51 UTC 2026
Cache sync 50 at Tue Jul  7 14:43:51 UTC 2026
Cache sync 51 at Tue Jul  7 14:43:51 UTC 2026
Cache sync 52 at Tue Jul  7 14:43:51 UTC 2026
Cache sync 53 at Tue Jul  7 14:43:51 UTC 2026
Cache sync 54 at Tue Jul  7 14:43:51 UTC 2026
Cache sync 55 at Tue Jul  7 14:43:51 UTC 2026
Cache sync 56 at Tue Jul  7 14:43:51 UTC 2026
Cache sync 57 at Tue Jul  7 14:43:51 UTC 2026
Cache sync 58 at Tue Jul  7 14:43:51 UTC 2026
Cache sync 59 at Tue Jul  7 14:43:51 UTC 2026
Cache sync 60 at Tue Jul  7 14:43:51 UTC 2026
Cache sync 61 at Tue Jul  7 14:43:51 UTC 2026
Cache sync 62 at Tue Jul  7 14:43:51 UTC 2026
Cache sync 63 at Tue Jul  7 14:43:51 UTC 2026
Cache sync 64 at Tue Jul  7 14:43:51 UTC 2026
Cache sync 65 at Tue Jul  7 14:43:51 UTC 2026
Cache sync 66 at Tue Jul  7 14:43:51 UTC 2026
Cache sync 67 at Tue Jul  7 14:43:51 UTC 2026
Cache sync 68 at Tue Jul  7 14:43:51 UTC 2026
Cache sync 69 at Tue Jul  7 14:43:51 UTC 2026
Cache sync 70 at Tue Jul  7 14:43:51 UTC 2026
Cache sync 71 at Tue Jul  7 14:43:51 UTC 2026
Cache sync 72 at Tue Jul  7 14:43:51 UTC 2026
Cache sync 73 at Tue Jul  7 14:43:51 UTC 2026
Cache sync 74 at Tue Jul  7 14:43:51 UTC 2026
Cache sync 75 at Tue Jul  7 14:43:51 UTC 2026
Cache sync 76 at Tue Jul  7 14:43:51 UTC 2026
Cache sync 77 at Tue Jul  7 14:43:51 UTC 2026
Cache sync 78 at Tue Jul  7 14:43:51 UTC 2026
Cache sync 79 at Tue Jul  7 14:43:51 UTC 2026
Cache sync 80 at Tue Jul  7 14:43:51 UTC 2026
Cache sync 1 at Tue Jul  7 20:00:09 UTC 2026
Cache sync 2 at Tue Jul  7 20:00:09 UTC 2026
Cache sync 3 at Tue Jul  7 20:00:09 UTC 2026
Cache sync 4 at Tue Jul  7 20:00:09 UTC 2026
Cache sync 5 at Tue Jul  7 20:00:09 UTC 2026
Cache sync 6 at Tue Jul  7 20:00:09 UTC 2026
Cache sync 7 at Tue Jul  7 20:00:09 UTC 2026
Cache sync 8 at Tue Jul  7 20:00:10 UTC 2026
Cache sync 9 at Tue Jul  7 20:00:10 UTC 2026
Cache sync 10 at Tue Jul  7 20:00:10 UTC 2026
Cache sync 11 at Tue Jul  7 20:00:10 UTC 2026
Cache sync 12 at Tue Jul  7 20:00:10 UTC 2026
Cache sync 13 at Tue Jul  7 20:00:10 UTC 2026
Cache sync 14 at Tue Jul  7 20:00:10 UTC 2026
Cache sync 15 at Tue Jul  7 20:00:10 UTC 2026
Cache sync 16 at Tue Jul  7 20:00:10 UTC 2026
Cache sync 17 at Tue Jul  7 20:00:10 UTC 2026
Cache sync 18 at Tue Jul  7 20:00:10 UTC 2026
Cache sync 19 at Tue Jul  7 20:00:10 UTC 2026
Cache sync 20 at Tue Jul  7 20:00:10 UTC 2026
Cache sync 21 at Tue Jul  7 20:00:10 UTC 2026
Cache sync 22 at Tue Jul  7 20:00:10 UTC 2026
Cache sync 23 at Tue Jul  7 20:00:10 UTC 2026
Cache sync 24 at Tue Jul  7 20:00:10 UTC 2026
Cache sync 25 at Tue Jul  7 20:00:10 UTC 2026
Cache sync 26 at Tue Jul  7 20:00:10 UTC 2026
Cache sync 27 at Tue Jul  7 20:00:10 UTC 2026
Cache sync 28 at Tue Jul  7 20:00:10 UTC 2026
Cache sync 29 at Tue Jul  7 20:00:10 UTC 2026
Cache sync 30 at Tue Jul  7 20:00:10 UTC 2026
Cache sync 31 at Tue Jul  7 20:00:10 UTC 2026
Cache sync 32 at Tue Jul  7 20:00:10 UTC 2026
Cache sync 33 at Tue Jul  7 20:00:10 UTC 2026
Cache sync 34 at Tue Jul  7 20:00:10 UTC 2026
Cache sync 35 at Tue Jul  7 20:00:10 UTC 2026
Cache sync 36 at Tue Jul  7 20:00:10 UTC 2026
Cache sync 37 at Tue Jul  7 20:00:10 UTC 2026
Cache sync 38 at Tue Jul  7 20:00:10 UTC 2026
Cache sync 39 at Tue Jul  7 20:00:10 UTC 2026
Cache sync 40 at Tue Jul  7 20:00:10 UTC 2026
Cache sync 41 at Tue Jul  7 20:00:10 UTC 2026
Cache sync 42 at Tue Jul  7 20:00:10 UTC 2026
Cache sync 43 at Tue Jul  7 20:00:10 UTC 2026
Cache sync 44 at Tue Jul  7 20:00:10 UTC 2026
Cache sync 45 at Tue Jul  7 20:00:10 UTC 2026
Cache sync 46 at Tue Jul  7 20:00:10 UTC 2026
Cache sync 47 at Tue Jul  7 20:00:10 UTC 2026
Cache sync 48 at Tue Jul  7 20:00:10 UTC 2026
Cache sync 49 at Tue Jul  7 20:00:10 UTC 2026
Cache sync 50 at Tue Jul  7 20:00:10 UTC 2026
Cache sync 51 at Tue Jul  7 20:00:10 UTC 2026
Cache sync 52 at Tue Jul  7 20:00:10 UTC 2026
Cache sync 53 at Tue Jul  7 20:00:10 UTC 2026
Cache sync 54 at Tue Jul  7 20:00:10 UTC 2026
Cache sync 55 at Tue Jul  7 20:00:10 UTC 2026
Cache sync 56 at Tue Jul  7 20:00:10 UTC 2026
Cache sync 57 at Tue Jul  7 20:00:10 UTC 2026
Cache sync 58 at Tue Jul  7 20:00:10 UTC 2026
Cache sync 59 at Tue Jul  7 20:00:10 UTC 2026
Cache sync 60 at Tue Jul  7 20:00:10 UTC 2026
Cache sync 61 at Tue Jul  7 20:00:10 UTC 2026
Cache sync 62 at Tue Jul  7 20:00:11 UTC 2026
Cache sync 63 at Tue Jul  7 20:00:11 UTC 2026
Cache sync 64 at Tue Jul  7 20:00:11 UTC 2026
Cache sync 65 at Tue Jul  7 20:00:11 UTC 2026
Cache sync 66 at Tue Jul  7 20:00:11 UTC 2026
Cache sync 67 at Tue Jul  7 20:00:11 UTC 2026
Cache sync 68 at Tue Jul  7 20:00:11 UTC 2026
Cache sync 69 at Tue Jul  7 20:00:11 UTC 2026
Cache sync 70 at Tue Jul  7 20:00:11 UTC 2026
Cache sync 71 at Tue Jul  7 20:00:11 UTC 2026
Cache sync 72 at Tue Jul  7 20:00:11 UTC 2026
Cache sync 73 at Tue Jul  7 20:00:11 UTC 2026
Cache sync 74 at Tue Jul  7 20:00:11 UTC 2026
Cache sync 75 at Tue Jul  7 20:00:11 UTC 2026
Cache sync 76 at Tue Jul  7 20:00:11 UTC 2026
Cache sync 77 at Tue Jul  7 20:00:11 UTC 2026
Cache sync 78 at Tue Jul  7 20:00:11 UTC 2026
Cache sync 79 at Tue Jul  7 20:00:11 UTC 2026
Cache sync 80 at Tue Jul  7 20:00:11 UTC 2026
Cache sync 81 at Tue Jul  7 20:00:11 UTC 2026
Cache sync 1 at Wed Jul  8 08:34:15 UTC 2026
Cache sync 2 at Wed Jul  8 08:34:15 UTC 2026
Cache sync 3 at Wed Jul  8 08:34:15 UTC 2026
Cache sync 4 at Wed Jul  8 08:34:15 UTC 2026
Cache sync 5 at Wed Jul  8 08:34:15 UTC 2026
Cache sync 6 at Wed Jul  8 08:34:15 UTC 2026
Cache sync 7 at Wed Jul  8 08:34:15 UTC 2026
Cache sync 8 at Wed Jul  8 08:34:15 UTC 2026
Cache sync 9 at Wed Jul  8 08:34:15 UTC 2026
Cache sync 10 at Wed Jul  8 08:34:15 UTC 2026
Cache sync 11 at Wed Jul  8 08:34:15 UTC 2026
Cache sync 12 at Wed Jul  8 08:34:15 UTC 2026
Cache sync 13 at Wed Jul  8 08:34:15 UTC 2026
Cache sync 14 at Wed Jul  8 08:34:15 UTC 2026
Cache sync 15 at Wed Jul  8 08:34:15 UTC 2026
Cache sync 16 at Wed Jul  8 08:34:15 UTC 2026
Cache sync 17 at Wed Jul  8 08:34:15 UTC 2026
Cache sync 18 at Wed Jul  8 08:34:15 UTC 2026
Cache sync 19 at Wed Jul  8 08:34:15 UTC 2026
Cache sync 20 at Wed Jul  8 08:34:15 UTC 2026
Cache sync 21 at Wed Jul  8 08:34:15 UTC 2026
Cache sync 22 at Wed Jul  8 08:34:15 UTC 2026
Cache sync 23 at Wed Jul  8 08:34:15 UTC 2026
Cache sync 24 at Wed Jul  8 08:34:15 UTC 2026
Cache sync 25 at Wed Jul  8 08:34:15 UTC 2026
Cache sync 26 at Wed Jul  8 08:34:15 UTC 2026
Cache sync 27 at Wed Jul  8 08:34:15 UTC 2026
Cache sync 28 at Wed Jul  8 08:34:15 UTC 2026
Cache sync 29 at Wed Jul  8 08:34:15 UTC 2026
Cache sync 30 at Wed Jul  8 08:34:15 UTC 2026
Cache sync 31 at Wed Jul  8 08:34:15 UTC 2026
Cache sync 32 at Wed Jul  8 08:34:15 UTC 2026
Cache sync 33 at Wed Jul  8 08:34:15 UTC 2026
Cache sync 34 at Wed Jul  8 08:34:16 UTC 2026
Cache sync 35 at Wed Jul  8 08:34:16 UTC 2026
Cache sync 36 at Wed Jul  8 08:34:16 UTC 2026
Cache sync 37 at Wed Jul  8 08:34:16 UTC 2026
Cache sync 38 at Wed Jul  8 08:34:16 UTC 2026
Cache sync 39 at Wed Jul  8 08:34:16 UTC 2026
Cache sync 40 at Wed Jul  8 08:34:16 UTC 2026
Cache sync 41 at Wed Jul  8 08:34:16 UTC 2026
Cache sync 42 at Wed Jul  8 08:34:16 UTC 2026
Cache sync 43 at Wed Jul  8 08:34:16 UTC 2026
Cache sync 44 at Wed Jul  8 08:34:16 UTC 2026
Cache sync 45 at Wed Jul  8 08:34:16 UTC 2026
Cache sync 46 at Wed Jul  8 08:34:16 UTC 2026
Cache sync 47 at Wed Jul  8 08:34:16 UTC 2026
Cache sync 48 at Wed Jul  8 08:34:16 UTC 2026
Cache sync 49 at Wed Jul  8 08:34:16 UTC 2026
Cache sync 50 at Wed Jul  8 08:34:16 UTC 2026
Cache sync 51 at Wed Jul  8 08:34:16 UTC 2026
Cache sync 52 at Wed Jul  8 08:34:16 UTC 2026
Cache sync 53 at Wed Jul  8 08:34:16 UTC 2026
Cache sync 54 at Wed Jul  8 08:34:16 UTC 2026
Cache sync 55 at Wed Jul  8 08:34:16 UTC 2026
Cache sync 56 at Wed Jul  8 08:34:16 UTC 2026
Cache sync 57 at Wed Jul  8 08:34:16 UTC 2026
Cache sync 58 at Wed Jul  8 08:34:16 UTC 2026
Cache sync 59 at Wed Jul  8 08:34:16 UTC 2026
Cache sync 60 at Wed Jul  8 08:34:16 UTC 2026
Cache sync 61 at Wed Jul  8 08:34:16 UTC 2026
Cache sync 62 at Wed Jul  8 08:34:16 UTC 2026
Cache sync 63 at Wed Jul  8 08:34:16 UTC 2026
Cache sync 64 at Wed Jul  8 08:34:16 UTC 2026
Cache sync 65 at Wed Jul  8 08:34:16 UTC 2026
Cache sync 66 at Wed Jul  8 08:34:16 UTC 2026
Cache sync 67 at Wed Jul  8 08:34:16 UTC 2026
Cache sync 68 at Wed Jul  8 08:34:16 UTC 2026
Cache sync 69 at Wed Jul  8 08:34:16 UTC 2026
Cache sync 1 at Wed Jul  8 14:22:00 UTC 2026
Cache sync 2 at Wed Jul  8 14:22:00 UTC 2026
Cache sync 3 at Wed Jul  8 14:22:00 UTC 2026
Cache sync 4 at Wed Jul  8 14:22:00 UTC 2026
Cache sync 5 at Wed Jul  8 14:22:00 UTC 2026
Cache sync 6 at Wed Jul  8 14:22:00 UTC 2026
Cache sync 7 at Wed Jul  8 14:22:00 UTC 2026
Cache sync 8 at Wed Jul  8 14:22:00 UTC 2026
Cache sync 9 at Wed Jul  8 14:22:00 UTC 2026
Cache sync 10 at Wed Jul  8 14:22:00 UTC 2026
Cache sync 11 at Wed Jul  8 14:22:00 UTC 2026
Cache sync 12 at Wed Jul  8 14:22:00 UTC 2026
Cache sync 13 at Wed Jul  8 14:22:00 UTC 2026
Cache sync 14 at Wed Jul  8 14:22:00 UTC 2026
Cache sync 15 at Wed Jul  8 14:22:00 UTC 2026
Cache sync 16 at Wed Jul  8 14:22:00 UTC 2026
Cache sync 17 at Wed Jul  8 14:22:00 UTC 2026
Cache sync 18 at Wed Jul  8 14:22:00 UTC 2026
Cache sync 19 at Wed Jul  8 14:22:00 UTC 2026
Cache sync 20 at Wed Jul  8 14:22:00 UTC 2026
Cache sync 21 at Wed Jul  8 14:22:00 UTC 2026
Cache sync 22 at Wed Jul  8 14:22:00 UTC 2026
Cache sync 23 at Wed Jul  8 14:22:00 UTC 2026
Cache sync 24 at Wed Jul  8 14:22:00 UTC 2026
Cache sync 25 at Wed Jul  8 14:22:00 UTC 2026
Cache sync 26 at Wed Jul  8 14:22:00 UTC 2026
Cache sync 27 at Wed Jul  8 14:22:00 UTC 2026
Cache sync 28 at Wed Jul  8 14:22:00 UTC 2026
Cache sync 29 at Wed Jul  8 14:22:00 UTC 2026
Cache sync 30 at Wed Jul  8 14:22:00 UTC 2026
Cache sync 31 at Wed Jul  8 14:22:00 UTC 2026
Cache sync 32 at Wed Jul  8 14:22:00 UTC 2026
Cache sync 33 at Wed Jul  8 14:22:00 UTC 2026
Cache sync 34 at Wed Jul  8 14:22:00 UTC 2026
Cache sync 35 at Wed Jul  8 14:22:00 UTC 2026
Cache sync 36 at Wed Jul  8 14:22:00 UTC 2026
Cache sync 37 at Wed Jul  8 14:22:00 UTC 2026
Cache sync 38 at Wed Jul  8 14:22:00 UTC 2026
Cache sync 39 at Wed Jul  8 14:22:00 UTC 2026
Cache sync 40 at Wed Jul  8 14:22:00 UTC 2026
Cache sync 41 at Wed Jul  8 14:22:00 UTC 2026
Cache sync 42 at Wed Jul  8 14:22:00 UTC 2026
Cache sync 43 at Wed Jul  8 14:22:00 UTC 2026
Cache sync 44 at Wed Jul  8 14:22:00 UTC 2026
Cache sync 45 at Wed Jul  8 14:22:00 UTC 2026
Cache sync 46 at Wed Jul  8 14:22:00 UTC 2026
Cache sync 47 at Wed Jul  8 14:22:00 UTC 2026
Cache sync 48 at Wed Jul  8 14:22:00 UTC 2026
Cache sync 49 at Wed Jul  8 14:22:00 UTC 2026
Cache sync 50 at Wed Jul  8 14:22:00 UTC 2026
Cache sync 51 at Wed Jul  8 14:22:01 UTC 2026
Cache sync 52 at Wed Jul  8 14:22:01 UTC 2026
Cache sync 53 at Wed Jul  8 14:22:01 UTC 2026
Cache sync 54 at Wed Jul  8 14:22:01 UTC 2026
Cache sync 55 at Wed Jul  8 14:22:01 UTC 2026
Cache sync 56 at Wed Jul  8 14:22:01 UTC 2026
Cache sync 57 at Wed Jul  8 14:22:01 UTC 2026
Cache sync 58 at Wed Jul  8 14:22:01 UTC 2026
Cache sync 59 at Wed Jul  8 14:22:01 UTC 2026
Cache sync 60 at Wed Jul  8 14:22:01 UTC 2026
Cache sync 61 at Wed Jul  8 14:22:01 UTC 2026
Cache sync 62 at Wed Jul  8 14:22:01 UTC 2026
Cache sync 63 at Wed Jul  8 14:22:01 UTC 2026
Cache sync 64 at Wed Jul  8 14:22:01 UTC 2026
Cache sync 65 at Wed Jul  8 14:22:01 UTC 2026
Cache sync 66 at Wed Jul  8 14:22:01 UTC 2026
Cache sync 67 at Wed Jul  8 14:22:01 UTC 2026
Cache sync 68 at Wed Jul  8 14:22:01 UTC 2026
Cache sync 69 at Wed Jul  8 14:22:01 UTC 2026
Cache sync 70 at Wed Jul  8 14:22:01 UTC 2026
Cache sync 71 at Wed Jul  8 14:22:01 UTC 2026
Cache sync 72 at Wed Jul  8 14:22:01 UTC 2026
Cache sync 73 at Wed Jul  8 14:22:01 UTC 2026
Cache sync 74 at Wed Jul  8 14:22:01 UTC 2026
Cache sync 75 at Wed Jul  8 14:22:01 UTC 2026
Cache sync 76 at Wed Jul  8 14:22:01 UTC 2026
Cache sync 77 at Wed Jul  8 14:22:01 UTC 2026
Cache sync 78 at Wed Jul  8 14:22:01 UTC 2026
Cache sync 79 at Wed Jul  8 14:22:01 UTC 2026
Cache sync 80 at Wed Jul  8 14:22:01 UTC 2026
Cache sync 81 at Wed Jul  8 14:22:01 UTC 2026
Cache sync 82 at Wed Jul  8 14:22:02 UTC 2026
Cache sync 83 at Wed Jul  8 14:22:02 UTC 2026
Cache sync 84 at Wed Jul  8 14:22:02 UTC 2026
Cache sync 1 at Wed Jul  8 19:37:22 UTC 2026
Cache sync 2 at Wed Jul  8 19:37:22 UTC 2026
Cache sync 3 at Wed Jul  8 19:37:22 UTC 2026
Cache sync 4 at Wed Jul  8 19:37:22 UTC 2026
Cache sync 5 at Wed Jul  8 19:37:22 UTC 2026
Cache sync 6 at Wed Jul  8 19:37:22 UTC 2026
Cache sync 7 at Wed Jul  8 19:37:22 UTC 2026
Cache sync 8 at Wed Jul  8 19:37:22 UTC 2026
Cache sync 9 at Wed Jul  8 19:37:22 UTC 2026
Cache sync 10 at Wed Jul  8 19:37:22 UTC 2026
Cache sync 11 at Wed Jul  8 19:37:22 UTC 2026
Cache sync 12 at Wed Jul  8 19:37:22 UTC 2026
Cache sync 13 at Wed Jul  8 19:37:22 UTC 2026
Cache sync 14 at Wed Jul  8 19:37:22 UTC 2026
Cache sync 15 at Wed Jul  8 19:37:22 UTC 2026
Cache sync 16 at Wed Jul  8 19:37:22 UTC 2026
Cache sync 17 at Wed Jul  8 19:37:22 UTC 2026
Cache sync 18 at Wed Jul  8 19:37:22 UTC 2026
Cache sync 19 at Wed Jul  8 19:37:22 UTC 2026
Cache sync 20 at Wed Jul  8 19:37:22 UTC 2026
Cache sync 21 at Wed Jul  8 19:37:22 UTC 2026
Cache sync 22 at Wed Jul  8 19:37:22 UTC 2026
Cache sync 23 at Wed Jul  8 19:37:22 UTC 2026
Cache sync 24 at Wed Jul  8 19:37:22 UTC 2026
Cache sync 25 at Wed Jul  8 19:37:22 UTC 2026
Cache sync 26 at Wed Jul  8 19:37:22 UTC 2026
Cache sync 27 at Wed Jul  8 19:37:22 UTC 2026
Cache sync 28 at Wed Jul  8 19:37:22 UTC 2026
Cache sync 29 at Wed Jul  8 19:37:22 UTC 2026
Cache sync 30 at Wed Jul  8 19:37:22 UTC 2026
Cache sync 31 at Wed Jul  8 19:37:22 UTC 2026
Cache sync 32 at Wed Jul  8 19:37:22 UTC 2026
Cache sync 33 at Wed Jul  8 19:37:22 UTC 2026
Cache sync 34 at Wed Jul  8 19:37:22 UTC 2026
Cache sync 35 at Wed Jul  8 19:37:22 UTC 2026
Cache sync 1 at Thu Jul  9 03:37:34 UTC 2026
Cache sync 2 at Thu Jul  9 03:37:34 UTC 2026
Cache sync 3 at Thu Jul  9 03:37:34 UTC 2026
Cache sync 4 at Thu Jul  9 03:37:34 UTC 2026
Cache sync 5 at Thu Jul  9 03:37:34 UTC 2026
Cache sync 6 at Thu Jul  9 03:37:34 UTC 2026
Cache sync 7 at Thu Jul  9 03:37:34 UTC 2026
Cache sync 8 at Thu Jul  9 03:37:34 UTC 2026
Cache sync 9 at Thu Jul  9 03:37:34 UTC 2026
Cache sync 10 at Thu Jul  9 03:37:34 UTC 2026
Cache sync 11 at Thu Jul  9 03:37:34 UTC 2026
Cache sync 12 at Thu Jul  9 03:37:34 UTC 2026
Cache sync 13 at Thu Jul  9 03:37:34 UTC 2026
Cache sync 14 at Thu Jul  9 03:37:34 UTC 2026
Cache sync 15 at Thu Jul  9 03:37:34 UTC 2026
Cache sync 16 at Thu Jul  9 03:37:34 UTC 2026
Cache sync 17 at Thu Jul  9 03:37:34 UTC 2026
Cache sync 18 at Thu Jul  9 03:37:34 UTC 2026
Cache sync 19 at Thu Jul  9 03:37:34 UTC 2026
Cache sync 20 at Thu Jul  9 03:37:34 UTC 2026
Cache sync 21 at Thu Jul  9 03:37:34 UTC 2026
Cache sync 1 at Thu Jul  9 09:51:02 UTC 2026
Cache sync 2 at Thu Jul  9 09:51:02 UTC 2026
Cache sync 3 at Thu Jul  9 09:51:02 UTC 2026
Cache sync 4 at Thu Jul  9 09:51:02 UTC 2026
Cache sync 5 at Thu Jul  9 09:51:02 UTC 2026
Cache sync 6 at Thu Jul  9 09:51:02 UTC 2026
Cache sync 7 at Thu Jul  9 09:51:02 UTC 2026
Cache sync 8 at Thu Jul  9 09:51:02 UTC 2026
Cache sync 9 at Thu Jul  9 09:51:02 UTC 2026
Cache sync 10 at Thu Jul  9 09:51:02 UTC 2026
Cache sync 11 at Thu Jul  9 09:51:02 UTC 2026
Cache sync 12 at Thu Jul  9 09:51:02 UTC 2026
Cache sync 13 at Thu Jul  9 09:51:02 UTC 2026
Cache sync 14 at Thu Jul  9 09:51:02 UTC 2026
Cache sync 15 at Thu Jul  9 09:51:02 UTC 2026
Cache sync 16 at Thu Jul  9 09:51:02 UTC 2026
Cache sync 17 at Thu Jul  9 09:51:02 UTC 2026
Cache sync 18 at Thu Jul  9 09:51:02 UTC 2026
Cache sync 19 at Thu Jul  9 09:51:02 UTC 2026
Cache sync 20 at Thu Jul  9 09:51:02 UTC 2026
Cache sync 21 at Thu Jul  9 09:51:02 UTC 2026
Cache sync 22 at Thu Jul  9 09:51:02 UTC 2026
Cache sync 23 at Thu Jul  9 09:51:02 UTC 2026
Cache sync 24 at Thu Jul  9 09:51:02 UTC 2026
Cache sync 25 at Thu Jul  9 09:51:02 UTC 2026
Cache sync 26 at Thu Jul  9 09:51:03 UTC 2026
Cache sync 27 at Thu Jul  9 09:51:03 UTC 2026
Cache sync 28 at Thu Jul  9 09:51:03 UTC 2026
Cache sync 29 at Thu Jul  9 09:51:03 UTC 2026
Cache sync 30 at Thu Jul  9 09:51:03 UTC 2026
Cache sync 31 at Thu Jul  9 09:51:03 UTC 2026
Cache sync 32 at Thu Jul  9 09:51:03 UTC 2026
Cache sync 33 at Thu Jul  9 09:51:03 UTC 2026
Cache sync 34 at Thu Jul  9 09:51:03 UTC 2026
Cache sync 35 at Thu Jul  9 09:51:03 UTC 2026
Cache sync 36 at Thu Jul  9 09:51:03 UTC 2026
Cache sync 37 at Thu Jul  9 09:51:03 UTC 2026
Cache sync 38 at Thu Jul  9 09:51:03 UTC 2026
Cache sync 39 at Thu Jul  9 09:51:03 UTC 2026
Cache sync 40 at Thu Jul  9 09:51:04 UTC 2026
Cache sync 41 at Thu Jul  9 09:51:04 UTC 2026
Cache sync 42 at Thu Jul  9 09:51:04 UTC 2026
Cache sync 43 at Thu Jul  9 09:51:04 UTC 2026
Cache sync 44 at Thu Jul  9 09:51:04 UTC 2026
Cache sync 45 at Thu Jul  9 09:51:04 UTC 2026
Cache sync 46 at Thu Jul  9 09:51:04 UTC 2026
Cache sync 47 at Thu Jul  9 09:51:04 UTC 2026
Cache sync 48 at Thu Jul  9 09:51:04 UTC 2026
Cache sync 49 at Thu Jul  9 09:51:04 UTC 2026
Cache sync 50 at Thu Jul  9 09:51:04 UTC 2026
Cache sync 51 at Thu Jul  9 09:51:04 UTC 2026
Cache sync 52 at Thu Jul  9 09:51:04 UTC 2026
Cache sync 53 at Thu Jul  9 09:51:04 UTC 2026
Cache sync 54 at Thu Jul  9 09:51:04 UTC 2026
Cache sync 55 at Thu Jul  9 09:51:04 UTC 2026
Cache sync 56 at Thu Jul  9 09:51:04 UTC 2026
Cache sync 57 at Thu Jul  9 09:51:05 UTC 2026
Cache sync 58 at Thu Jul  9 09:51:05 UTC 2026
Cache sync 59 at Thu Jul  9 09:51:05 UTC 2026
Cache sync 60 at Thu Jul  9 09:51:05 UTC 2026
Cache sync 61 at Thu Jul  9 09:51:05 UTC 2026
Cache sync 62 at Thu Jul  9 09:51:05 UTC 2026
Cache sync 63 at Thu Jul  9 09:51:05 UTC 2026
Cache sync 64 at Thu Jul  9 09:51:05 UTC 2026
Cache sync 65 at Thu Jul  9 09:51:05 UTC 2026
Cache sync 66 at Thu Jul  9 09:51:05 UTC 2026
Cache sync 67 at Thu Jul  9 09:51:05 UTC 2026
Cache sync 68 at Thu Jul  9 09:51:05 UTC 2026
Cache sync 1 at Thu Jul  9 15:16:42 UTC 2026
Cache sync 2 at Thu Jul  9 15:16:42 UTC 2026
Cache sync 3 at Thu Jul  9 15:16:42 UTC 2026
Cache sync 4 at Thu Jul  9 15:16:42 UTC 2026
Cache sync 5 at Thu Jul  9 15:16:42 UTC 2026
Cache sync 6 at Thu Jul  9 15:16:42 UTC 2026
Cache sync 7 at Thu Jul  9 15:16:42 UTC 2026
Cache sync 8 at Thu Jul  9 15:16:42 UTC 2026
Cache sync 9 at Thu Jul  9 15:16:42 UTC 2026
Cache sync 10 at Thu Jul  9 15:16:42 UTC 2026
Cache sync 11 at Thu Jul  9 15:16:42 UTC 2026
Cache sync 12 at Thu Jul  9 15:16:42 UTC 2026
Cache sync 13 at Thu Jul  9 15:16:42 UTC 2026
Cache sync 14 at Thu Jul  9 15:16:42 UTC 2026
Cache sync 15 at Thu Jul  9 15:16:42 UTC 2026
Cache sync 16 at Thu Jul  9 15:16:42 UTC 2026
Cache sync 17 at Thu Jul  9 15:16:42 UTC 2026
Cache sync 18 at Thu Jul  9 15:16:42 UTC 2026
Cache sync 19 at Thu Jul  9 15:16:42 UTC 2026
Cache sync 20 at Thu Jul  9 15:16:42 UTC 2026
Cache sync 21 at Thu Jul  9 15:16:42 UTC 2026
Cache sync 22 at Thu Jul  9 15:16:42 UTC 2026
Cache sync 23 at Thu Jul  9 15:16:42 UTC 2026
Cache sync 24 at Thu Jul  9 15:16:42 UTC 2026
Cache sync 25 at Thu Jul  9 15:16:42 UTC 2026
Cache sync 26 at Thu Jul  9 15:16:42 UTC 2026
Cache sync 27 at Thu Jul  9 15:16:42 UTC 2026
Cache sync 28 at Thu Jul  9 15:16:42 UTC 2026
Cache sync 29 at Thu Jul  9 15:16:42 UTC 2026
Cache sync 30 at Thu Jul  9 15:16:43 UTC 2026
Cache sync 31 at Thu Jul  9 15:16:43 UTC 2026
Cache sync 32 at Thu Jul  9 15:16:43 UTC 2026
Cache sync 33 at Thu Jul  9 15:16:43 UTC 2026
Cache sync 34 at Thu Jul  9 15:16:43 UTC 2026
Cache sync 35 at Thu Jul  9 15:16:43 UTC 2026
Cache sync 36 at Thu Jul  9 15:16:43 UTC 2026
Cache sync 37 at Thu Jul  9 15:16:43 UTC 2026
Cache sync 38 at Thu Jul  9 15:16:43 UTC 2026
Cache sync 39 at Thu Jul  9 15:16:43 UTC 2026
Cache sync 40 at Thu Jul  9 15:16:43 UTC 2026
Cache sync 41 at Thu Jul  9 15:16:43 UTC 2026
Cache sync 42 at Thu Jul  9 15:16:43 UTC 2026
Cache sync 43 at Thu Jul  9 15:16:43 UTC 2026
Cache sync 44 at Thu Jul  9 15:16:43 UTC 2026
Cache sync 45 at Thu Jul  9 15:16:43 UTC 2026
Cache sync 46 at Thu Jul  9 15:16:43 UTC 2026
Cache sync 47 at Thu Jul  9 15:16:43 UTC 2026
Cache sync 48 at Thu Jul  9 15:16:43 UTC 2026
Cache sync 49 at Thu Jul  9 15:16:43 UTC 2026
Cache sync 50 at Thu Jul  9 15:16:43 UTC 2026
Cache sync 51 at Thu Jul  9 15:16:43 UTC 2026
Cache sync 52 at Thu Jul  9 15:16:43 UTC 2026
Cache sync 53 at Thu Jul  9 15:16:43 UTC 2026
Cache sync 54 at Thu Jul  9 15:16:43 UTC 2026
Cache sync 55 at Thu Jul  9 15:16:43 UTC 2026
Cache sync 56 at Thu Jul  9 15:16:43 UTC 2026
Cache sync 57 at Thu Jul  9 15:16:43 UTC 2026
Cache sync 58 at Thu Jul  9 15:16:43 UTC 2026
Cache sync 59 at Thu Jul  9 15:16:43 UTC 2026
Cache sync 60 at Thu Jul  9 15:16:43 UTC 2026
Cache sync 61 at Thu Jul  9 15:16:43 UTC 2026
Cache sync 62 at Thu Jul  9 15:16:43 UTC 2026
Cache sync 63 at Thu Jul  9 15:16:43 UTC 2026
Cache sync 64 at Thu Jul  9 15:16:43 UTC 2026
Cache sync 65 at Thu Jul  9 15:16:43 UTC 2026
Cache sync 66 at Thu Jul  9 15:16:43 UTC 2026
Cache sync 67 at Thu Jul  9 15:16:43 UTC 2026
Cache sync 68 at Thu Jul  9 15:16:43 UTC 2026
Cache sync 1 at Thu Jul  9 19:50:46 UTC 2026
Cache sync 2 at Thu Jul  9 19:50:46 UTC 2026
Cache sync 3 at Thu Jul  9 19:50:46 UTC 2026
Cache sync 4 at Thu Jul  9 19:50:46 UTC 2026
Cache sync 5 at Thu Jul  9 19:50:46 UTC 2026
Cache sync 6 at Thu Jul  9 19:50:46 UTC 2026
Cache sync 7 at Thu Jul  9 19:50:46 UTC 2026
Cache sync 8 at Thu Jul  9 19:50:46 UTC 2026
Cache sync 9 at Thu Jul  9 19:50:46 UTC 2026
Cache sync 10 at Thu Jul  9 19:50:47 UTC 2026
Cache sync 1 at Fri Jul 10 03:39:01 UTC 2026
Cache sync 2 at Fri Jul 10 03:39:01 UTC 2026
Cache sync 3 at Fri Jul 10 03:39:01 UTC 2026
Cache sync 4 at Fri Jul 10 03:39:01 UTC 2026
Cache sync 5 at Fri Jul 10 03:39:01 UTC 2026
Cache sync 6 at Fri Jul 10 03:39:01 UTC 2026
Cache sync 7 at Fri Jul 10 03:39:01 UTC 2026
Cache sync 8 at Fri Jul 10 03:39:01 UTC 2026
Cache sync 9 at Fri Jul 10 03:39:01 UTC 2026
Cache sync 10 at Fri Jul 10 03:39:01 UTC 2026
Cache sync 11 at Fri Jul 10 03:39:01 UTC 2026
Cache sync 12 at Fri Jul 10 03:39:02 UTC 2026
Cache sync 13 at Fri Jul 10 03:39:02 UTC 2026
Cache sync 14 at Fri Jul 10 03:39:02 UTC 2026
Cache sync 15 at Fri Jul 10 03:39:02 UTC 2026
Cache sync 16 at Fri Jul 10 03:39:02 UTC 2026
Cache sync 17 at Fri Jul 10 03:39:02 UTC 2026
Cache sync 18 at Fri Jul 10 03:39:02 UTC 2026
Cache sync 19 at Fri Jul 10 03:39:02 UTC 2026
Cache sync 20 at Fri Jul 10 03:39:02 UTC 2026
Cache sync 21 at Fri Jul 10 03:39:02 UTC 2026
Cache sync 22 at Fri Jul 10 03:39:02 UTC 2026
Cache sync 23 at Fri Jul 10 03:39:02 UTC 2026
Cache sync 1 at Fri Jul 10 09:40:57 UTC 2026
Cache sync 2 at Fri Jul 10 09:40:57 UTC 2026
Cache sync 3 at Fri Jul 10 09:40:57 UTC 2026
Cache sync 4 at Fri Jul 10 09:40:57 UTC 2026
Cache sync 5 at Fri Jul 10 09:40:57 UTC 2026
Cache sync 6 at Fri Jul 10 09:40:57 UTC 2026
Cache sync 7 at Fri Jul 10 09:40:57 UTC 2026
Cache sync 8 at Fri Jul 10 09:40:57 UTC 2026
Cache sync 9 at Fri Jul 10 09:40:57 UTC 2026
Cache sync 10 at Fri Jul 10 09:40:57 UTC 2026
Cache sync 11 at Fri Jul 10 09:40:57 UTC 2026
Cache sync 12 at Fri Jul 10 09:40:57 UTC 2026
Cache sync 13 at Fri Jul 10 09:40:57 UTC 2026
Cache sync 14 at Fri Jul 10 09:40:57 UTC 2026
Cache sync 15 at Fri Jul 10 09:40:57 UTC 2026
Cache sync 16 at Fri Jul 10 09:40:57 UTC 2026
Cache sync 17 at Fri Jul 10 09:40:57 UTC 2026
Cache sync 18 at Fri Jul 10 09:40:57 UTC 2026
Cache sync 19 at Fri Jul 10 09:40:57 UTC 2026
Cache sync 20 at Fri Jul 10 09:40:57 UTC 2026
Cache sync 21 at Fri Jul 10 09:40:57 UTC 2026
Cache sync 22 at Fri Jul 10 09:40:57 UTC 2026
Cache sync 23 at Fri Jul 10 09:40:57 UTC 2026
Cache sync 24 at Fri Jul 10 09:40:57 UTC 2026
Cache sync 25 at Fri Jul 10 09:40:57 UTC 2026
Cache sync 26 at Fri Jul 10 09:40:57 UTC 2026
Cache sync 27 at Fri Jul 10 09:40:57 UTC 2026
Cache sync 28 at Fri Jul 10 09:40:57 UTC 2026
Cache sync 29 at Fri Jul 10 09:40:57 UTC 2026
Cache sync 30 at Fri Jul 10 09:40:57 UTC 2026
Cache sync 31 at Fri Jul 10 09:40:57 UTC 2026
Cache sync 32 at Fri Jul 10 09:40:57 UTC 2026
Cache sync 33 at Fri Jul 10 09:40:57 UTC 2026
Cache sync 34 at Fri Jul 10 09:40:57 UTC 2026
Cache sync 35 at Fri Jul 10 09:40:57 UTC 2026
Cache sync 36 at Fri Jul 10 09:40:58 UTC 2026
Cache sync 37 at Fri Jul 10 09:40:58 UTC 2026
Cache sync 38 at Fri Jul 10 09:40:58 UTC 2026
Cache sync 39 at Fri Jul 10 09:40:58 UTC 2026
Cache sync 40 at Fri Jul 10 09:40:58 UTC 2026
Cache sync 41 at Fri Jul 10 09:40:58 UTC 2026
Cache sync 42 at Fri Jul 10 09:40:58 UTC 2026
Cache sync 43 at Fri Jul 10 09:40:58 UTC 2026
Cache sync 44 at Fri Jul 10 09:40:58 UTC 2026
Cache sync 45 at Fri Jul 10 09:40:58 UTC 2026
Cache sync 46 at Fri Jul 10 09:40:58 UTC 2026
Cache sync 47 at Fri Jul 10 09:40:58 UTC 2026
Cache sync 48 at Fri Jul 10 09:40:58 UTC 2026
Cache sync 1 at Fri Jul 10 14:34:47 UTC 2026
Cache sync 2 at Fri Jul 10 14:34:47 UTC 2026
Cache sync 3 at Fri Jul 10 14:34:47 UTC 2026
Cache sync 4 at Fri Jul 10 14:34:47 UTC 2026
Cache sync 5 at Fri Jul 10 14:34:48 UTC 2026
Cache sync 6 at Fri Jul 10 14:34:48 UTC 2026
Cache sync 7 at Fri Jul 10 14:34:48 UTC 2026
Cache sync 8 at Fri Jul 10 14:34:48 UTC 2026
Cache sync 9 at Fri Jul 10 14:34:48 UTC 2026
Cache sync 10 at Fri Jul 10 14:34:48 UTC 2026
Cache sync 11 at Fri Jul 10 14:34:48 UTC 2026
Cache sync 12 at Fri Jul 10 14:34:48 UTC 2026
Cache sync 13 at Fri Jul 10 14:34:48 UTC 2026
Cache sync 14 at Fri Jul 10 14:34:48 UTC 2026
Cache sync 15 at Fri Jul 10 14:34:48 UTC 2026
Cache sync 16 at Fri Jul 10 14:34:48 UTC 2026
Cache sync 17 at Fri Jul 10 14:34:49 UTC 2026
Cache sync 18 at Fri Jul 10 14:34:49 UTC 2026
Cache sync 19 at Fri Jul 10 14:34:49 UTC 2026
Cache sync 20 at Fri Jul 10 14:34:49 UTC 2026
Cache sync 21 at Fri Jul 10 14:34:49 UTC 2026
Cache sync 22 at Fri Jul 10 14:34:49 UTC 2026
Cache sync 23 at Fri Jul 10 14:34:49 UTC 2026
Cache sync 24 at Fri Jul 10 14:34:49 UTC 2026
Cache sync 25 at Fri Jul 10 14:34:49 UTC 2026
Cache sync 26 at Fri Jul 10 14:34:49 UTC 2026
Cache sync 27 at Fri Jul 10 14:34:49 UTC 2026
Cache sync 28 at Fri Jul 10 14:34:49 UTC 2026
Cache sync 29 at Fri Jul 10 14:34:49 UTC 2026
Cache sync 30 at Fri Jul 10 14:34:49 UTC 2026
Cache sync 31 at Fri Jul 10 14:34:49 UTC 2026
Cache sync 32 at Fri Jul 10 14:34:49 UTC 2026
Cache sync 33 at Fri Jul 10 14:34:50 UTC 2026
Cache sync 34 at Fri Jul 10 14:34:50 UTC 2026
Cache sync 35 at Fri Jul 10 14:34:50 UTC 2026
Cache sync 36 at Fri Jul 10 14:34:50 UTC 2026
Cache sync 37 at Fri Jul 10 14:34:50 UTC 2026
Cache sync 38 at Fri Jul 10 14:34:50 UTC 2026
Cache sync 39 at Fri Jul 10 14:34:50 UTC 2026
Cache sync 40 at Fri Jul 10 14:34:50 UTC 2026
Cache sync 41 at Fri Jul 10 14:34:50 UTC 2026
Cache sync 42 at Fri Jul 10 14:34:50 UTC 2026
Cache sync 43 at Fri Jul 10 14:34:50 UTC 2026
Cache sync 44 at Fri Jul 10 14:34:50 UTC 2026
Cache sync 45 at Fri Jul 10 14:34:50 UTC 2026
Cache sync 46 at Fri Jul 10 14:34:50 UTC 2026
Cache sync 47 at Fri Jul 10 14:34:50 UTC 2026
Cache sync 48 at Fri Jul 10 14:34:50 UTC 2026
Cache sync 49 at Fri Jul 10 14:34:50 UTC 2026
Cache sync 50 at Fri Jul 10 14:34:50 UTC 2026
Cache sync 51 at Fri Jul 10 14:34:50 UTC 2026
Cache sync 52 at Fri Jul 10 14:34:50 UTC 2026
Cache sync 53 at Fri Jul 10 14:34:50 UTC 2026
Cache sync 54 at Fri Jul 10 14:34:50 UTC 2026
Cache sync 55 at Fri Jul 10 14:34:50 UTC 2026
Cache sync 56 at Fri Jul 10 14:34:50 UTC 2026
Cache sync 57 at Fri Jul 10 14:34:50 UTC 2026
Cache sync 58 at Fri Jul 10 14:34:50 UTC 2026
Cache sync 59 at Fri Jul 10 14:34:50 UTC 2026
Cache sync 60 at Fri Jul 10 14:34:50 UTC 2026
Cache sync 61 at Fri Jul 10 14:34:50 UTC 2026
Cache sync 62 at Fri Jul 10 14:34:50 UTC 2026
Cache sync 63 at Fri Jul 10 14:34:50 UTC 2026
Cache sync 64 at Fri Jul 10 14:34:50 UTC 2026
Cache sync 65 at Fri Jul 10 14:34:50 UTC 2026
Cache sync 66 at Fri Jul 10 14:34:50 UTC 2026
Cache sync 67 at Fri Jul 10 14:34:50 UTC 2026
Cache sync 68 at Fri Jul 10 14:34:50 UTC 2026
Cache sync 69 at Fri Jul 10 14:34:50 UTC 2026
Cache sync 70 at Fri Jul 10 14:34:50 UTC 2026
Cache sync 71 at Fri Jul 10 14:34:50 UTC 2026
Cache sync 72 at Fri Jul 10 14:34:50 UTC 2026
Cache sync 73 at Fri Jul 10 14:34:50 UTC 2026
Cache sync 74 at Fri Jul 10 14:34:50 UTC 2026
Cache sync 75 at Fri Jul 10 14:34:51 UTC 2026
Cache sync 76 at Fri Jul 10 14:34:51 UTC 2026
Cache sync 77 at Fri Jul 10 14:34:51 UTC 2026
Cache sync 78 at Fri Jul 10 14:34:51 UTC 2026
Cache sync 79 at Fri Jul 10 14:34:51 UTC 2026
Cache sync 80 at Fri Jul 10 14:34:51 UTC 2026
Cache sync 81 at Fri Jul 10 14:34:51 UTC 2026
Cache sync 82 at Fri Jul 10 14:34:51 UTC 2026
Cache sync 1 at Fri Jul 10 19:37:26 UTC 2026
Cache sync 2 at Fri Jul 10 19:37:26 UTC 2026
Cache sync 3 at Fri Jul 10 19:37:26 UTC 2026
Cache sync 4 at Fri Jul 10 19:37:27 UTC 2026
Cache sync 5 at Fri Jul 10 19:37:27 UTC 2026
Cache sync 6 at Fri Jul 10 19:37:27 UTC 2026
Cache sync 7 at Fri Jul 10 19:37:27 UTC 2026
Cache sync 8 at Fri Jul 10 19:37:27 UTC 2026
Cache sync 9 at Fri Jul 10 19:37:27 UTC 2026
Cache sync 10 at Fri Jul 10 19:37:27 UTC 2026
Cache sync 11 at Fri Jul 10 19:37:27 UTC 2026
Cache sync 12 at Fri Jul 10 19:37:27 UTC 2026
Cache sync 13 at Fri Jul 10 19:37:27 UTC 2026
Cache sync 14 at Fri Jul 10 19:37:27 UTC 2026
Cache sync 15 at Fri Jul 10 19:37:27 UTC 2026
Cache sync 16 at Fri Jul 10 19:37:27 UTC 2026
Cache sync 17 at Fri Jul 10 19:37:27 UTC 2026
Cache sync 18 at Fri Jul 10 19:37:27 UTC 2026
Cache sync 19 at Fri Jul 10 19:37:27 UTC 2026
Cache sync 20 at Fri Jul 10 19:37:27 UTC 2026
Cache sync 21 at Fri Jul 10 19:37:27 UTC 2026
Cache sync 22 at Fri Jul 10 19:37:27 UTC 2026
Cache sync 23 at Fri Jul 10 19:37:27 UTC 2026
Cache sync 24 at Fri Jul 10 19:37:27 UTC 2026
Cache sync 25 at Fri Jul 10 19:37:27 UTC 2026
Cache sync 26 at Fri Jul 10 19:37:27 UTC 2026
Cache sync 27 at Fri Jul 10 19:37:27 UTC 2026
Cache sync 28 at Fri Jul 10 19:37:27 UTC 2026
Cache sync 29 at Fri Jul 10 19:37:27 UTC 2026
Cache sync 30 at Fri Jul 10 19:37:27 UTC 2026
Cache sync 31 at Fri Jul 10 19:37:27 UTC 2026
Cache sync 32 at Fri Jul 10 19:37:27 UTC 2026
Cache sync 33 at Fri Jul 10 19:37:27 UTC 2026
Cache sync 34 at Fri Jul 10 19:37:27 UTC 2026
Cache sync 35 at Fri Jul 10 19:37:27 UTC 2026
Cache sync 36 at Fri Jul 10 19:37:27 UTC 2026
Cache sync 37 at Fri Jul 10 19:37:27 UTC 2026
Cache sync 38 at Fri Jul 10 19:37:27 UTC 2026
Cache sync 39 at Fri Jul 10 19:37:27 UTC 2026
Cache sync 40 at Fri Jul 10 19:37:27 UTC 2026
Cache sync 41 at Fri Jul 10 19:37:27 UTC 2026
Cache sync 42 at Fri Jul 10 19:37:27 UTC 2026
Cache sync 43 at Fri Jul 10 19:37:27 UTC 2026
Cache sync 44 at Fri Jul 10 19:37:27 UTC 2026
Cache sync 45 at Fri Jul 10 19:37:27 UTC 2026
Cache sync 46 at Fri Jul 10 19:37:27 UTC 2026
Cache sync 47 at Fri Jul 10 19:37:27 UTC 2026
Cache sync 48 at Fri Jul 10 19:37:27 UTC 2026
Cache sync 49 at Fri Jul 10 19:37:27 UTC 2026
Cache sync 50 at Fri Jul 10 19:37:27 UTC 2026
Cache sync 51 at Fri Jul 10 19:37:27 UTC 2026
Cache sync 52 at Fri Jul 10 19:37:27 UTC 2026
Cache sync 53 at Fri Jul 10 19:37:27 UTC 2026
Cache sync 54 at Fri Jul 10 19:37:28 UTC 2026
Cache sync 55 at Fri Jul 10 19:37:28 UTC 2026
Cache sync 56 at Fri Jul 10 19:37:28 UTC 2026
Cache sync 57 at Fri Jul 10 19:37:28 UTC 2026
Cache sync 58 at Fri Jul 10 19:37:28 UTC 2026
Cache sync 59 at Fri Jul 10 19:37:28 UTC 2026
Cache sync 60 at Fri Jul 10 19:37:28 UTC 2026
Cache sync 61 at Fri Jul 10 19:37:28 UTC 2026
Cache sync 62 at Fri Jul 10 19:37:28 UTC 2026
Cache sync 1 at Sat Jul 11 02:53:44 UTC 2026
Cache sync 2 at Sat Jul 11 02:53:44 UTC 2026
Cache sync 3 at Sat Jul 11 02:53:44 UTC 2026
Cache sync 4 at Sat Jul 11 02:53:44 UTC 2026
Cache sync 5 at Sat Jul 11 02:53:44 UTC 2026
Cache sync 6 at Sat Jul 11 02:53:44 UTC 2026
Cache sync 7 at Sat Jul 11 02:53:44 UTC 2026
Cache sync 8 at Sat Jul 11 02:53:44 UTC 2026
Cache sync 9 at Sat Jul 11 02:53:44 UTC 2026
Cache sync 10 at Sat Jul 11 02:53:44 UTC 2026
Cache sync 11 at Sat Jul 11 02:53:44 UTC 2026
Cache sync 12 at Sat Jul 11 02:53:44 UTC 2026
Cache sync 1 at Sat Jul 11 08:01:03 UTC 2026
Cache sync 2 at Sat Jul 11 08:01:03 UTC 2026
Cache sync 3 at Sat Jul 11 08:01:03 UTC 2026
Cache sync 4 at Sat Jul 11 08:01:03 UTC 2026
Cache sync 5 at Sat Jul 11 08:01:03 UTC 2026
Cache sync 6 at Sat Jul 11 08:01:03 UTC 2026
Cache sync 7 at Sat Jul 11 08:01:04 UTC 2026
Cache sync 8 at Sat Jul 11 08:01:04 UTC 2026
Cache sync 9 at Sat Jul 11 08:01:04 UTC 2026
Cache sync 10 at Sat Jul 11 08:01:04 UTC 2026
Cache sync 11 at Sat Jul 11 08:01:04 UTC 2026
Cache sync 12 at Sat Jul 11 08:01:04 UTC 2026
Cache sync 13 at Sat Jul 11 08:01:04 UTC 2026
Cache sync 14 at Sat Jul 11 08:01:04 UTC 2026
Cache sync 15 at Sat Jul 11 08:01:04 UTC 2026
Cache sync 16 at Sat Jul 11 08:01:04 UTC 2026
Cache sync 17 at Sat Jul 11 08:01:04 UTC 2026
Cache sync 18 at Sat Jul 11 08:01:04 UTC 2026
Cache sync 19 at Sat Jul 11 08:01:04 UTC 2026
Cache sync 20 at Sat Jul 11 08:01:04 UTC 2026
Cache sync 21 at Sat Jul 11 08:01:04 UTC 2026
Cache sync 22 at Sat Jul 11 08:01:04 UTC 2026
Cache sync 23 at Sat Jul 11 08:01:04 UTC 2026
Cache sync 24 at Sat Jul 11 08:01:04 UTC 2026
Cache sync 25 at Sat Jul 11 08:01:04 UTC 2026
Cache sync 26 at Sat Jul 11 08:01:04 UTC 2026
Cache sync 27 at Sat Jul 11 08:01:04 UTC 2026
Cache sync 28 at Sat Jul 11 08:01:04 UTC 2026
Cache sync 29 at Sat Jul 11 08:01:04 UTC 2026
Cache sync 30 at Sat Jul 11 08:01:04 UTC 2026
Cache sync 31 at Sat Jul 11 08:01:04 UTC 2026
Cache sync 32 at Sat Jul 11 08:01:04 UTC 2026
Cache sync 33 at Sat Jul 11 08:01:04 UTC 2026
Cache sync 34 at Sat Jul 11 08:01:04 UTC 2026
Cache sync 35 at Sat Jul 11 08:01:04 UTC 2026
Cache sync 1 at Sat Jul 11 13:26:40 UTC 2026
Cache sync 1 at Sat Jul 11 19:09:09 UTC 2026
Cache sync 2 at Sat Jul 11 19:09:09 UTC 2026
Cache sync 3 at Sat Jul 11 19:09:09 UTC 2026
Cache sync 4 at Sat Jul 11 19:09:09 UTC 2026
Cache sync 5 at Sat Jul 11 19:09:09 UTC 2026
Cache sync 6 at Sat Jul 11 19:09:09 UTC 2026
Cache sync 7 at Sat Jul 11 19:09:09 UTC 2026
Cache sync 8 at Sat Jul 11 19:09:09 UTC 2026
Cache sync 9 at Sat Jul 11 19:09:09 UTC 2026
Cache sync 10 at Sat Jul 11 19:09:09 UTC 2026
Cache sync 11 at Sat Jul 11 19:09:09 UTC 2026
Cache sync 12 at Sat Jul 11 19:09:09 UTC 2026
Cache sync 13 at Sat Jul 11 19:09:09 UTC 2026
Cache sync 14 at Sat Jul 11 19:09:09 UTC 2026
Cache sync 15 at Sat Jul 11 19:09:09 UTC 2026
Cache sync 16 at Sat Jul 11 19:09:10 UTC 2026
Cache sync 17 at Sat Jul 11 19:09:10 UTC 2026
Cache sync 18 at Sat Jul 11 19:09:10 UTC 2026
Cache sync 19 at Sat Jul 11 19:09:10 UTC 2026
Cache sync 20 at Sat Jul 11 19:09:10 UTC 2026
Cache sync 21 at Sat Jul 11 19:09:10 UTC 2026
Cache sync 22 at Sat Jul 11 19:09:10 UTC 2026
Cache sync 23 at Sat Jul 11 19:09:10 UTC 2026
Cache sync 24 at Sat Jul 11 19:09:10 UTC 2026
Cache sync 25 at Sat Jul 11 19:09:10 UTC 2026
Cache sync 26 at Sat Jul 11 19:09:10 UTC 2026
Cache sync 27 at Sat Jul 11 19:09:10 UTC 2026
Cache sync 28 at Sat Jul 11 19:09:10 UTC 2026
Cache sync 29 at Sat Jul 11 19:09:10 UTC 2026
Cache sync 30 at Sat Jul 11 19:09:10 UTC 2026
Cache sync 31 at Sat Jul 11 19:09:10 UTC 2026
Cache sync 32 at Sat Jul 11 19:09:10 UTC 2026
Cache sync 33 at Sat Jul 11 19:09:10 UTC 2026
Cache sync 34 at Sat Jul 11 19:09:10 UTC 2026
Cache sync 35 at Sat Jul 11 19:09:10 UTC 2026
Cache sync 36 at Sat Jul 11 19:09:10 UTC 2026
Cache sync 37 at Sat Jul 11 19:09:10 UTC 2026
Cache sync 38 at Sat Jul 11 19:09:10 UTC 2026
Cache sync 39 at Sat Jul 11 19:09:10 UTC 2026
Cache sync 40 at Sat Jul 11 19:09:10 UTC 2026
Cache sync 41 at Sat Jul 11 19:09:10 UTC 2026
Cache sync 42 at Sat Jul 11 19:09:10 UTC 2026
Cache sync 43 at Sat Jul 11 19:09:10 UTC 2026
Cache sync 44 at Sat Jul 11 19:09:10 UTC 2026
Cache sync 45 at Sat Jul 11 19:09:10 UTC 2026
Cache sync 46 at Sat Jul 11 19:09:10 UTC 2026
Cache sync 47 at Sat Jul 11 19:09:10 UTC 2026
Cache sync 48 at Sat Jul 11 19:09:10 UTC 2026
Cache sync 49 at Sat Jul 11 19:09:10 UTC 2026
Cache sync 50 at Sat Jul 11 19:09:10 UTC 2026
Cache sync 51 at Sat Jul 11 19:09:10 UTC 2026
Cache sync 1 at Sun Jul 12 03:18:36 UTC 2026
Cache sync 2 at Sun Jul 12 03:18:36 UTC 2026
Cache sync 3 at Sun Jul 12 03:18:36 UTC 2026
Cache sync 4 at Sun Jul 12 03:18:36 UTC 2026
Cache sync 5 at Sun Jul 12 03:18:37 UTC 2026
Cache sync 6 at Sun Jul 12 03:18:37 UTC 2026
Cache sync 7 at Sun Jul 12 03:18:37 UTC 2026
Cache sync 8 at Sun Jul 12 03:18:37 UTC 2026
Cache sync 9 at Sun Jul 12 03:18:37 UTC 2026
Cache sync 10 at Sun Jul 12 03:18:37 UTC 2026
Cache sync 11 at Sun Jul 12 03:18:37 UTC 2026
Cache sync 12 at Sun Jul 12 03:18:37 UTC 2026
Cache sync 13 at Sun Jul 12 03:18:37 UTC 2026
Cache sync 14 at Sun Jul 12 03:18:37 UTC 2026
Cache sync 15 at Sun Jul 12 03:18:37 UTC 2026
Cache sync 16 at Sun Jul 12 03:18:37 UTC 2026
Cache sync 17 at Sun Jul 12 03:18:37 UTC 2026
Cache sync 18 at Sun Jul 12 03:18:37 UTC 2026
Cache sync 19 at Sun Jul 12 03:18:38 UTC 2026
Cache sync 20 at Sun Jul 12 03:18:38 UTC 2026
Cache sync 21 at Sun Jul 12 03:18:38 UTC 2026
Cache sync 22 at Sun Jul 12 03:18:38 UTC 2026
Cache sync 23 at Sun Jul 12 03:18:38 UTC 2026
Cache sync 24 at Sun Jul 12 03:18:38 UTC 2026
Cache sync 25 at Sun Jul 12 03:18:38 UTC 2026
Cache sync 26 at Sun Jul 12 03:18:38 UTC 2026
Cache sync 27 at Sun Jul 12 03:18:38 UTC 2026
Cache sync 28 at Sun Jul 12 03:18:38 UTC 2026
Cache sync 29 at Sun Jul 12 03:18:38 UTC 2026
Cache sync 30 at Sun Jul 12 03:18:38 UTC 2026
Cache sync 31 at Sun Jul 12 03:18:38 UTC 2026
Cache sync 32 at Sun Jul 12 03:18:38 UTC 2026
Cache sync 33 at Sun Jul 12 03:18:38 UTC 2026
Cache sync 34 at Sun Jul 12 03:18:39 UTC 2026
Cache sync 35 at Sun Jul 12 03:18:39 UTC 2026
Cache sync 36 at Sun Jul 12 03:18:39 UTC 2026
Cache sync 37 at Sun Jul 12 03:18:39 UTC 2026
Cache sync 38 at Sun Jul 12 03:18:39 UTC 2026
Cache sync 39 at Sun Jul 12 03:18:39 UTC 2026
Cache sync 40 at Sun Jul 12 03:18:39 UTC 2026
Cache sync 41 at Sun Jul 12 03:18:39 UTC 2026
Cache sync 42 at Sun Jul 12 03:18:39 UTC 2026
Cache sync 43 at Sun Jul 12 03:18:39 UTC 2026
Cache sync 44 at Sun Jul 12 03:18:39 UTC 2026
Cache sync 45 at Sun Jul 12 03:18:39 UTC 2026
Cache sync 46 at Sun Jul 12 03:18:39 UTC 2026
Cache sync 47 at Sun Jul 12 03:18:39 UTC 2026
Cache sync 48 at Sun Jul 12 03:18:39 UTC 2026
Cache sync 49 at Sun Jul 12 03:18:39 UTC 2026
Cache sync 50 at Sun Jul 12 03:18:39 UTC 2026
Cache sync 51 at Sun Jul 12 03:18:39 UTC 2026
Cache sync 52 at Sun Jul 12 03:18:39 UTC 2026
Cache sync 53 at Sun Jul 12 03:18:39 UTC 2026
Cache sync 54 at Sun Jul 12 03:18:39 UTC 2026
Cache sync 55 at Sun Jul 12 03:18:39 UTC 2026
Cache sync 56 at Sun Jul 12 03:18:39 UTC 2026
Cache sync 57 at Sun Jul 12 03:18:39 UTC 2026
Cache sync 58 at Sun Jul 12 03:18:39 UTC 2026
Cache sync 59 at Sun Jul 12 03:18:39 UTC 2026
Cache sync 60 at Sun Jul 12 03:18:39 UTC 2026
Cache sync 61 at Sun Jul 12 03:18:40 UTC 2026
Cache sync 62 at Sun Jul 12 03:18:40 UTC 2026
Cache sync 63 at Sun Jul 12 03:18:40 UTC 2026
Cache sync 64 at Sun Jul 12 03:18:40 UTC 2026
Cache sync 65 at Sun Jul 12 03:18:40 UTC 2026
Cache sync 66 at Sun Jul 12 03:18:40 UTC 2026
Cache sync 67 at Sun Jul 12 03:18:40 UTC 2026
Cache sync 68 at Sun Jul 12 03:18:40 UTC 2026
Cache sync 69 at Sun Jul 12 03:18:40 UTC 2026
Cache sync 70 at Sun Jul 12 03:18:40 UTC 2026
Cache sync 71 at Sun Jul 12 03:18:40 UTC 2026
Cache sync 72 at Sun Jul 12 03:18:40 UTC 2026
Cache sync 73 at Sun Jul 12 03:18:40 UTC 2026
Cache sync 74 at Sun Jul 12 03:18:40 UTC 2026
Cache sync 75 at Sun Jul 12 03:18:40 UTC 2026
Cache sync 76 at Sun Jul 12 03:18:40 UTC 2026
Cache sync 77 at Sun Jul 12 03:18:40 UTC 2026
Cache sync 78 at Sun Jul 12 03:18:40 UTC 2026
Cache sync 79 at Sun Jul 12 03:18:40 UTC 2026
Cache sync 80 at Sun Jul 12 03:18:40 UTC 2026
Cache sync 81 at Sun Jul 12 03:18:40 UTC 2026
Cache sync 82 at Sun Jul 12 03:18:40 UTC 2026
Cache sync 83 at Sun Jul 12 03:18:40 UTC 2026
Cache sync 84 at Sun Jul 12 03:18:40 UTC 2026
Cache sync 85 at Sun Jul 12 03:18:40 UTC 2026
Cache sync 1 at Sun Jul 12 08:22:26 UTC 2026
Cache sync 2 at Sun Jul 12 08:22:26 UTC 2026
Cache sync 3 at Sun Jul 12 08:22:26 UTC 2026
Cache sync 4 at Sun Jul 12 08:22:26 UTC 2026
Cache sync 5 at Sun Jul 12 08:22:26 UTC 2026
Cache sync 6 at Sun Jul 12 08:22:26 UTC 2026
Cache sync 7 at Sun Jul 12 08:22:26 UTC 2026
Cache sync 8 at Sun Jul 12 08:22:26 UTC 2026
Cache sync 9 at Sun Jul 12 08:22:26 UTC 2026
Cache sync 10 at Sun Jul 12 08:22:26 UTC 2026
Cache sync 11 at Sun Jul 12 08:22:26 UTC 2026
Cache sync 12 at Sun Jul 12 08:22:26 UTC 2026
Cache sync 13 at Sun Jul 12 08:22:26 UTC 2026
Cache sync 14 at Sun Jul 12 08:22:26 UTC 2026
Cache sync 15 at Sun Jul 12 08:22:26 UTC 2026
Cache sync 16 at Sun Jul 12 08:22:26 UTC 2026
Cache sync 17 at Sun Jul 12 08:22:26 UTC 2026
Cache sync 18 at Sun Jul 12 08:22:26 UTC 2026
Cache sync 19 at Sun Jul 12 08:22:26 UTC 2026
Cache sync 1 at Sun Jul 12 13:27:28 UTC 2026
Cache sync 2 at Sun Jul 12 13:27:28 UTC 2026
Cache sync 3 at Sun Jul 12 13:27:28 UTC 2026
Cache sync 4 at Sun Jul 12 13:27:28 UTC 2026
Cache sync 5 at Sun Jul 12 13:27:28 UTC 2026
Cache sync 6 at Sun Jul 12 13:27:28 UTC 2026
Cache sync 7 at Sun Jul 12 13:27:28 UTC 2026
Cache sync 8 at Sun Jul 12 13:27:28 UTC 2026
Cache sync 9 at Sun Jul 12 13:27:28 UTC 2026
Cache sync 10 at Sun Jul 12 13:27:28 UTC 2026
Cache sync 11 at Sun Jul 12 13:27:28 UTC 2026
Cache sync 12 at Sun Jul 12 13:27:28 UTC 2026
Cache sync 13 at Sun Jul 12 13:27:28 UTC 2026
Cache sync 14 at Sun Jul 12 13:27:28 UTC 2026
Cache sync 15 at Sun Jul 12 13:27:28 UTC 2026
Cache sync 16 at Sun Jul 12 13:27:28 UTC 2026
Cache sync 1 at Sun Jul 12 19:09:39 UTC 2026
Cache sync 2 at Sun Jul 12 19:09:39 UTC 2026
Cache sync 3 at Sun Jul 12 19:09:39 UTC 2026
Cache sync 4 at Sun Jul 12 19:09:39 UTC 2026
Cache sync 5 at Sun Jul 12 19:09:39 UTC 2026
Cache sync 6 at Sun Jul 12 19:09:39 UTC 2026
Cache sync 7 at Sun Jul 12 19:09:39 UTC 2026
Cache sync 8 at Sun Jul 12 19:09:39 UTC 2026
Cache sync 9 at Sun Jul 12 19:09:39 UTC 2026
Cache sync 10 at Sun Jul 12 19:09:39 UTC 2026
Cache sync 11 at Sun Jul 12 19:09:39 UTC 2026
Cache sync 12 at Sun Jul 12 19:09:39 UTC 2026
Cache sync 13 at Sun Jul 12 19:09:39 UTC 2026
Cache sync 14 at Sun Jul 12 19:09:39 UTC 2026
Cache sync 15 at Sun Jul 12 19:09:40 UTC 2026
Cache sync 16 at Sun Jul 12 19:09:40 UTC 2026
Cache sync 17 at Sun Jul 12 19:09:40 UTC 2026
Cache sync 18 at Sun Jul 12 19:09:40 UTC 2026
Cache sync 19 at Sun Jul 12 19:09:40 UTC 2026
Cache sync 20 at Sun Jul 12 19:09:40 UTC 2026
Cache sync 21 at Sun Jul 12 19:09:40 UTC 2026
Cache sync 22 at Sun Jul 12 19:09:40 UTC 2026
Cache sync 23 at Sun Jul 12 19:09:40 UTC 2026
Cache sync 24 at Sun Jul 12 19:09:40 UTC 2026
Cache sync 25 at Sun Jul 12 19:09:40 UTC 2026
Cache sync 26 at Sun Jul 12 19:09:40 UTC 2026
Cache sync 27 at Sun Jul 12 19:09:40 UTC 2026
Cache sync 28 at Sun Jul 12 19:09:40 UTC 2026
Cache sync 29 at Sun Jul 12 19:09:40 UTC 2026
Cache sync 30 at Sun Jul 12 19:09:40 UTC 2026
Cache sync 31 at Sun Jul 12 19:09:40 UTC 2026
Cache sync 32 at Sun Jul 12 19:09:40 UTC 2026
Cache sync 33 at Sun Jul 12 19:09:40 UTC 2026
Cache sync 34 at Sun Jul 12 19:09:40 UTC 2026
Cache sync 35 at Sun Jul 12 19:09:40 UTC 2026
Cache sync 36 at Sun Jul 12 19:09:40 UTC 2026
Cache sync 37 at Sun Jul 12 19:09:40 UTC 2026
Cache sync 38 at Sun Jul 12 19:09:40 UTC 2026
Cache sync 39 at Sun Jul 12 19:09:40 UTC 2026
Cache sync 40 at Sun Jul 12 19:09:40 UTC 2026
Cache sync 41 at Sun Jul 12 19:09:40 UTC 2026
Cache sync 42 at Sun Jul 12 19:09:40 UTC 2026
Cache sync 43 at Sun Jul 12 19:09:40 UTC 2026
Cache sync 44 at Sun Jul 12 19:09:40 UTC 2026
Cache sync 45 at Sun Jul 12 19:09:40 UTC 2026
Cache sync 46 at Sun Jul 12 19:09:40 UTC 2026
Cache sync 47 at Sun Jul 12 19:09:40 UTC 2026
Cache sync 48 at Sun Jul 12 19:09:40 UTC 2026
Cache sync 49 at Sun Jul 12 19:09:40 UTC 2026
Cache sync 50 at Sun Jul 12 19:09:40 UTC 2026
Cache sync 51 at Sun Jul 12 19:09:40 UTC 2026
Cache sync 52 at Sun Jul 12 19:09:40 UTC 2026
Cache sync 53 at Sun Jul 12 19:09:40 UTC 2026
Cache sync 54 at Sun Jul 12 19:09:40 UTC 2026
Cache sync 55 at Sun Jul 12 19:09:40 UTC 2026
Cache sync 56 at Sun Jul 12 19:09:40 UTC 2026
Cache sync 57 at Sun Jul 12 19:09:40 UTC 2026
Cache sync 58 at Sun Jul 12 19:09:40 UTC 2026
Cache sync 59 at Sun Jul 12 19:09:40 UTC 2026
Cache sync 60 at Sun Jul 12 19:09:40 UTC 2026
Cache sync 61 at Sun Jul 12 19:09:40 UTC 2026
Cache sync 62 at Sun Jul 12 19:09:40 UTC 2026
Cache sync 63 at Sun Jul 12 19:09:40 UTC 2026
Cache sync 64 at Sun Jul 12 19:09:40 UTC 2026
Cache sync 65 at Sun Jul 12 19:09:40 UTC 2026
Cache sync 66 at Sun Jul 12 19:09:40 UTC 2026
Cache sync 67 at Sun Jul 12 19:09:40 UTC 2026
Cache sync 68 at Sun Jul 12 19:09:40 UTC 2026
Cache sync 69 at Sun Jul 12 19:09:40 UTC 2026
Cache sync 70 at Sun Jul 12 19:09:40 UTC 2026
Cache sync 71 at Sun Jul 12 19:09:40 UTC 2026
Cache sync 72 at Sun Jul 12 19:09:41 UTC 2026
Cache sync 1 at Mon Jul 13 03:21:24 UTC 2026
Cache sync 2 at Mon Jul 13 03:21:24 UTC 2026
Cache sync 3 at Mon Jul 13 03:21:24 UTC 2026
Cache sync 4 at Mon Jul 13 03:21:24 UTC 2026
Cache sync 5 at Mon Jul 13 03:21:24 UTC 2026
Cache sync 6 at Mon Jul 13 03:21:24 UTC 2026
Cache sync 7 at Mon Jul 13 03:21:24 UTC 2026
Cache sync 8 at Mon Jul 13 03:21:24 UTC 2026
Cache sync 9 at Mon Jul 13 03:21:25 UTC 2026
Cache sync 10 at Mon Jul 13 03:21:25 UTC 2026
Cache sync 11 at Mon Jul 13 03:21:25 UTC 2026
Cache sync 12 at Mon Jul 13 03:21:25 UTC 2026
Cache sync 13 at Mon Jul 13 03:21:25 UTC 2026
Cache sync 14 at Mon Jul 13 03:21:25 UTC 2026
Cache sync 15 at Mon Jul 13 03:21:25 UTC 2026
Cache sync 16 at Mon Jul 13 03:21:25 UTC 2026
Cache sync 17 at Mon Jul 13 03:21:25 UTC 2026
Cache sync 18 at Mon Jul 13 03:21:25 UTC 2026
Cache sync 19 at Mon Jul 13 03:21:25 UTC 2026
Cache sync 20 at Mon Jul 13 03:21:25 UTC 2026
Cache sync 21 at Mon Jul 13 03:21:25 UTC 2026
Cache sync 22 at Mon Jul 13 03:21:25 UTC 2026
Cache sync 23 at Mon Jul 13 03:21:25 UTC 2026
Cache sync 24 at Mon Jul 13 03:21:25 UTC 2026
Cache sync 25 at Mon Jul 13 03:21:25 UTC 2026
Cache sync 26 at Mon Jul 13 03:21:25 UTC 2026
Cache sync 27 at Mon Jul 13 03:21:25 UTC 2026
Cache sync 28 at Mon Jul 13 03:21:25 UTC 2026
Cache sync 29 at Mon Jul 13 03:21:25 UTC 2026
Cache sync 30 at Mon Jul 13 03:21:25 UTC 2026
Cache sync 31 at Mon Jul 13 03:21:25 UTC 2026
Cache sync 32 at Mon Jul 13 03:21:25 UTC 2026
Cache sync 33 at Mon Jul 13 03:21:25 UTC 2026
Cache sync 34 at Mon Jul 13 03:21:25 UTC 2026
Cache sync 35 at Mon Jul 13 03:21:25 UTC 2026
Cache sync 36 at Mon Jul 13 03:21:25 UTC 2026
Cache sync 37 at Mon Jul 13 03:21:25 UTC 2026
Cache sync 38 at Mon Jul 13 03:21:25 UTC 2026
Cache sync 39 at Mon Jul 13 03:21:25 UTC 2026
Cache sync 40 at Mon Jul 13 03:21:25 UTC 2026
Cache sync 41 at Mon Jul 13 03:21:25 UTC 2026
Cache sync 42 at Mon Jul 13 03:21:25 UTC 2026
Cache sync 43 at Mon Jul 13 03:21:25 UTC 2026
Cache sync 44 at Mon Jul 13 03:21:25 UTC 2026
Cache sync 45 at Mon Jul 13 03:21:25 UTC 2026
Cache sync 46 at Mon Jul 13 03:21:25 UTC 2026
Cache sync 47 at Mon Jul 13 03:21:25 UTC 2026
Cache sync 48 at Mon Jul 13 03:21:25 UTC 2026
Cache sync 49 at Mon Jul 13 03:21:25 UTC 2026
Cache sync 50 at Mon Jul 13 03:21:25 UTC 2026
Cache sync 51 at Mon Jul 13 03:21:25 UTC 2026
Cache sync 52 at Mon Jul 13 03:21:25 UTC 2026
Cache sync 53 at Mon Jul 13 03:21:25 UTC 2026
Cache sync 54 at Mon Jul 13 03:21:25 UTC 2026
Cache sync 55 at Mon Jul 13 03:21:25 UTC 2026
Cache sync 56 at Mon Jul 13 03:21:25 UTC 2026
Cache sync 57 at Mon Jul 13 03:21:25 UTC 2026
Cache sync 58 at Mon Jul 13 03:21:25 UTC 2026
Cache sync 59 at Mon Jul 13 03:21:25 UTC 2026
Cache sync 1 at Mon Jul 13 09:33:38 UTC 2026
Cache sync 2 at Mon Jul 13 09:33:38 UTC 2026
Cache sync 3 at Mon Jul 13 09:33:38 UTC 2026
Cache sync 4 at Mon Jul 13 09:33:39 UTC 2026
Cache sync 5 at Mon Jul 13 09:33:39 UTC 2026
Cache sync 6 at Mon Jul 13 09:33:39 UTC 2026
Cache sync 7 at Mon Jul 13 09:33:39 UTC 2026
Cache sync 8 at Mon Jul 13 09:33:39 UTC 2026
Cache sync 9 at Mon Jul 13 09:33:39 UTC 2026
Cache sync 10 at Mon Jul 13 09:33:39 UTC 2026
Cache sync 11 at Mon Jul 13 09:33:39 UTC 2026
Cache sync 12 at Mon Jul 13 09:33:39 UTC 2026
Cache sync 13 at Mon Jul 13 09:33:39 UTC 2026
Cache sync 14 at Mon Jul 13 09:33:39 UTC 2026
Cache sync 15 at Mon Jul 13 09:33:39 UTC 2026
Cache sync 16 at Mon Jul 13 09:33:39 UTC 2026
Cache sync 17 at Mon Jul 13 09:33:39 UTC 2026
Cache sync 18 at Mon Jul 13 09:33:39 UTC 2026
Cache sync 19 at Mon Jul 13 09:33:39 UTC 2026
Cache sync 20 at Mon Jul 13 09:33:39 UTC 2026
Cache sync 21 at Mon Jul 13 09:33:39 UTC 2026
Cache sync 22 at Mon Jul 13 09:33:39 UTC 2026
Cache sync 23 at Mon Jul 13 09:33:39 UTC 2026
Cache sync 24 at Mon Jul 13 09:33:39 UTC 2026
Cache sync 25 at Mon Jul 13 09:33:39 UTC 2026
Cache sync 26 at Mon Jul 13 09:33:39 UTC 2026
Cache sync 27 at Mon Jul 13 09:33:39 UTC 2026
Cache sync 28 at Mon Jul 13 09:33:39 UTC 2026
Cache sync 29 at Mon Jul 13 09:33:39 UTC 2026
Cache sync 30 at Mon Jul 13 09:33:39 UTC 2026
Cache sync 31 at Mon Jul 13 09:33:39 UTC 2026
Cache sync 1 at Mon Jul 13 19:26:33 UTC 2026
Cache sync 2 at Mon Jul 13 19:26:33 UTC 2026
Cache sync 3 at Mon Jul 13 19:26:33 UTC 2026
Cache sync 4 at Mon Jul 13 19:26:33 UTC 2026
Cache sync 5 at Mon Jul 13 19:26:33 UTC 2026
Cache sync 6 at Mon Jul 13 19:26:33 UTC 2026
Cache sync 7 at Mon Jul 13 19:26:33 UTC 2026
Cache sync 8 at Mon Jul 13 19:26:33 UTC 2026
Cache sync 9 at Mon Jul 13 19:26:33 UTC 2026
Cache sync 10 at Mon Jul 13 19:26:33 UTC 2026
Cache sync 11 at Mon Jul 13 19:26:33 UTC 2026
Cache sync 12 at Mon Jul 13 19:26:34 UTC 2026
Cache sync 13 at Mon Jul 13 19:26:34 UTC 2026
Cache sync 14 at Mon Jul 13 19:26:34 UTC 2026
Cache sync 15 at Mon Jul 13 19:26:34 UTC 2026
Cache sync 16 at Mon Jul 13 19:26:34 UTC 2026
Cache sync 17 at Mon Jul 13 19:26:34 UTC 2026
Cache sync 18 at Mon Jul 13 19:26:34 UTC 2026
Cache sync 19 at Mon Jul 13 19:26:34 UTC 2026
Cache sync 20 at Mon Jul 13 19:26:34 UTC 2026
Cache sync 21 at Mon Jul 13 19:26:34 UTC 2026
Cache sync 22 at Mon Jul 13 19:26:34 UTC 2026
Cache sync 23 at Mon Jul 13 19:26:34 UTC 2026
Cache sync 24 at Mon Jul 13 19:26:34 UTC 2026
Cache sync 1 at Tue Jul 14 02:45:47 UTC 2026
Cache sync 2 at Tue Jul 14 02:45:47 UTC 2026
Cache sync 3 at Tue Jul 14 02:45:47 UTC 2026
Cache sync 4 at Tue Jul 14 02:45:47 UTC 2026
Cache sync 5 at Tue Jul 14 02:45:47 UTC 2026
Cache sync 6 at Tue Jul 14 02:45:47 UTC 2026
Cache sync 7 at Tue Jul 14 02:45:47 UTC 2026
Cache sync 8 at Tue Jul 14 02:45:47 UTC 2026
Cache sync 9 at Tue Jul 14 02:45:47 UTC 2026
Cache sync 10 at Tue Jul 14 02:45:47 UTC 2026
Cache sync 11 at Tue Jul 14 02:45:47 UTC 2026
Cache sync 12 at Tue Jul 14 02:45:48 UTC 2026
Cache sync 13 at Tue Jul 14 02:45:48 UTC 2026
Cache sync 14 at Tue Jul 14 02:45:48 UTC 2026
Cache sync 15 at Tue Jul 14 02:45:48 UTC 2026
Cache sync 16 at Tue Jul 14 02:45:48 UTC 2026
Cache sync 17 at Tue Jul 14 02:45:48 UTC 2026
Cache sync 18 at Tue Jul 14 02:45:48 UTC 2026
Cache sync 19 at Tue Jul 14 02:45:48 UTC 2026
Cache sync 20 at Tue Jul 14 02:45:48 UTC 2026
Cache sync 21 at Tue Jul 14 02:45:48 UTC 2026
Cache sync 22 at Tue Jul 14 02:45:48 UTC 2026
Cache sync 23 at Tue Jul 14 02:45:48 UTC 2026
Cache sync 24 at Tue Jul 14 02:45:48 UTC 2026
Cache sync 25 at Tue Jul 14 02:45:48 UTC 2026
Cache sync 26 at Tue Jul 14 02:45:48 UTC 2026
Cache sync 27 at Tue Jul 14 02:45:48 UTC 2026
Cache sync 28 at Tue Jul 14 02:45:48 UTC 2026
Cache sync 1 at Tue Jul 14 13:51:16 UTC 2026
Cache sync 2 at Tue Jul 14 13:51:17 UTC 2026
Cache sync 3 at Tue Jul 14 13:51:17 UTC 2026
Cache sync 4 at Tue Jul 14 13:51:17 UTC 2026
Cache sync 5 at Tue Jul 14 13:51:17 UTC 2026
Cache sync 6 at Tue Jul 14 13:51:17 UTC 2026
Cache sync 7 at Tue Jul 14 13:51:17 UTC 2026
Cache sync 8 at Tue Jul 14 13:51:17 UTC 2026
Cache sync 9 at Tue Jul 14 13:51:17 UTC 2026
Cache sync 10 at Tue Jul 14 13:51:17 UTC 2026
Cache sync 11 at Tue Jul 14 13:51:17 UTC 2026
Cache sync 12 at Tue Jul 14 13:51:17 UTC 2026
Cache sync 13 at Tue Jul 14 13:51:17 UTC 2026
Cache sync 14 at Tue Jul 14 13:51:17 UTC 2026
Cache sync 15 at Tue Jul 14 13:51:17 UTC 2026
Cache sync 16 at Tue Jul 14 13:51:17 UTC 2026
Cache sync 17 at Tue Jul 14 13:51:17 UTC 2026
Cache sync 18 at Tue Jul 14 13:51:17 UTC 2026
Cache sync 19 at Tue Jul 14 13:51:17 UTC 2026
Cache sync 20 at Tue Jul 14 13:51:17 UTC 2026
Cache sync 21 at Tue Jul 14 13:51:17 UTC 2026
Cache sync 22 at Tue Jul 14 13:51:17 UTC 2026
Cache sync 23 at Tue Jul 14 13:51:17 UTC 2026
Cache sync 24 at Tue Jul 14 13:51:17 UTC 2026
Cache sync 25 at Tue Jul 14 13:51:17 UTC 2026
Cache sync 26 at Tue Jul 14 13:51:17 UTC 2026
Cache sync 27 at Tue Jul 14 13:51:17 UTC 2026
Cache sync 28 at Tue Jul 14 13:51:17 UTC 2026
Cache sync 29 at Tue Jul 14 13:51:17 UTC 2026
Cache sync 30 at Tue Jul 14 13:51:17 UTC 2026
Cache sync 31 at Tue Jul 14 13:51:17 UTC 2026
Cache sync 32 at Tue Jul 14 13:51:17 UTC 2026
Cache sync 33 at Tue Jul 14 13:51:17 UTC 2026
Cache sync 34 at Tue Jul 14 13:51:17 UTC 2026
Cache sync 35 at Tue Jul 14 13:51:17 UTC 2026
Cache sync 36 at Tue Jul 14 13:51:17 UTC 2026
Cache sync 37 at Tue Jul 14 13:51:17 UTC 2026
Cache sync 38 at Tue Jul 14 13:51:17 UTC 2026
Cache sync 39 at Tue Jul 14 13:51:17 UTC 2026
Cache sync 40 at Tue Jul 14 13:51:17 UTC 2026
Cache sync 41 at Tue Jul 14 13:51:17 UTC 2026
Cache sync 42 at Tue Jul 14 13:51:17 UTC 2026
Cache sync 43 at Tue Jul 14 13:51:17 UTC 2026
Cache sync 44 at Tue Jul 14 13:51:17 UTC 2026
Cache sync 45 at Tue Jul 14 13:51:17 UTC 2026
Cache sync 46 at Tue Jul 14 13:51:17 UTC 2026
Cache sync 47 at Tue Jul 14 13:51:17 UTC 2026
Cache sync 48 at Tue Jul 14 13:51:17 UTC 2026
Cache sync 49 at Tue Jul 14 13:51:17 UTC 2026
Cache sync 50 at Tue Jul 14 13:51:17 UTC 2026
Cache sync 51 at Tue Jul 14 13:51:17 UTC 2026
Cache sync 52 at Tue Jul 14 13:51:17 UTC 2026
Cache sync 53 at Tue Jul 14 13:51:17 UTC 2026
Cache sync 1 at Tue Jul 14 19:24:12 UTC 2026
Cache sync 2 at Tue Jul 14 19:24:12 UTC 2026
Cache sync 3 at Tue Jul 14 19:24:12 UTC 2026
Cache sync 4 at Tue Jul 14 19:24:12 UTC 2026
Cache sync 5 at Tue Jul 14 19:24:12 UTC 2026
Cache sync 6 at Tue Jul 14 19:24:12 UTC 2026
Cache sync 7 at Tue Jul 14 19:24:12 UTC 2026
Cache sync 8 at Tue Jul 14 19:24:12 UTC 2026
Cache sync 9 at Tue Jul 14 19:24:12 UTC 2026
Cache sync 10 at Tue Jul 14 19:24:12 UTC 2026
Cache sync 11 at Tue Jul 14 19:24:12 UTC 2026
Cache sync 12 at Tue Jul 14 19:24:12 UTC 2026
Cache sync 13 at Tue Jul 14 19:24:12 UTC 2026
Cache sync 14 at Tue Jul 14 19:24:12 UTC 2026
Cache sync 15 at Tue Jul 14 19:24:12 UTC 2026
Cache sync 16 at Tue Jul 14 19:24:13 UTC 2026
Cache sync 17 at Tue Jul 14 19:24:13 UTC 2026
Cache sync 18 at Tue Jul 14 19:24:13 UTC 2026
Cache sync 19 at Tue Jul 14 19:24:13 UTC 2026
Cache sync 1 at Wed Jul 15 02:44:13 UTC 2026
Cache sync 2 at Wed Jul 15 02:44:13 UTC 2026
Cache sync 3 at Wed Jul 15 02:44:13 UTC 2026
Cache sync 4 at Wed Jul 15 02:44:13 UTC 2026
Cache sync 5 at Wed Jul 15 02:44:13 UTC 2026
Cache sync 6 at Wed Jul 15 02:44:13 UTC 2026
Cache sync 7 at Wed Jul 15 02:44:13 UTC 2026
Cache sync 8 at Wed Jul 15 02:44:13 UTC 2026
Cache sync 9 at Wed Jul 15 02:44:13 UTC 2026
Cache sync 10 at Wed Jul 15 02:44:13 UTC 2026
Cache sync 11 at Wed Jul 15 02:44:13 UTC 2026
Cache sync 12 at Wed Jul 15 02:44:13 UTC 2026
Cache sync 13 at Wed Jul 15 02:44:13 UTC 2026
Cache sync 14 at Wed Jul 15 02:44:13 UTC 2026
Cache sync 15 at Wed Jul 15 02:44:13 UTC 2026
Cache sync 16 at Wed Jul 15 02:44:13 UTC 2026
Cache sync 17 at Wed Jul 15 02:44:13 UTC 2026
Cache sync 18 at Wed Jul 15 02:44:13 UTC 2026
Cache sync 19 at Wed Jul 15 02:44:13 UTC 2026
Cache sync 20 at Wed Jul 15 02:44:13 UTC 2026
Cache sync 21 at Wed Jul 15 02:44:13 UTC 2026
Cache sync 22 at Wed Jul 15 02:44:13 UTC 2026
Cache sync 23 at Wed Jul 15 02:44:13 UTC 2026
Cache sync 24 at Wed Jul 15 02:44:13 UTC 2026
Cache sync 25 at Wed Jul 15 02:44:13 UTC 2026
Cache sync 26 at Wed Jul 15 02:44:13 UTC 2026
Cache sync 27 at Wed Jul 15 02:44:13 UTC 2026
Cache sync 28 at Wed Jul 15 02:44:13 UTC 2026
Cache sync 29 at Wed Jul 15 02:44:13 UTC 2026
Cache sync 30 at Wed Jul 15 02:44:13 UTC 2026
Cache sync 31 at Wed Jul 15 02:44:13 UTC 2026
Cache sync 32 at Wed Jul 15 02:44:13 UTC 2026
Cache sync 33 at Wed Jul 15 02:44:13 UTC 2026
Cache sync 34 at Wed Jul 15 02:44:13 UTC 2026
Cache sync 35 at Wed Jul 15 02:44:13 UTC 2026
Cache sync 36 at Wed Jul 15 02:44:13 UTC 2026
Cache sync 37 at Wed Jul 15 02:44:13 UTC 2026
Cache sync 38 at Wed Jul 15 02:44:14 UTC 2026
Cache sync 39 at Wed Jul 15 02:44:14 UTC 2026
Cache sync 40 at Wed Jul 15 02:44:14 UTC 2026
Cache sync 41 at Wed Jul 15 02:44:14 UTC 2026
Cache sync 42 at Wed Jul 15 02:44:14 UTC 2026
Cache sync 43 at Wed Jul 15 02:44:14 UTC 2026
Cache sync 44 at Wed Jul 15 02:44:14 UTC 2026
Cache sync 45 at Wed Jul 15 02:44:14 UTC 2026
Cache sync 46 at Wed Jul 15 02:44:14 UTC 2026
Cache sync 47 at Wed Jul 15 02:44:14 UTC 2026
Cache sync 48 at Wed Jul 15 02:44:14 UTC 2026
Cache sync 49 at Wed Jul 15 02:44:14 UTC 2026
Cache sync 50 at Wed Jul 15 02:44:14 UTC 2026
Cache sync 51 at Wed Jul 15 02:44:14 UTC 2026
Cache sync 52 at Wed Jul 15 02:44:14 UTC 2026
Cache sync 53 at Wed Jul 15 02:44:14 UTC 2026
Cache sync 54 at Wed Jul 15 02:44:14 UTC 2026
Cache sync 55 at Wed Jul 15 02:44:14 UTC 2026
Cache sync 56 at Wed Jul 15 02:44:14 UTC 2026
Cache sync 57 at Wed Jul 15 02:44:14 UTC 2026
Cache sync 58 at Wed Jul 15 02:44:14 UTC 2026
Cache sync 59 at Wed Jul 15 02:44:14 UTC 2026
Cache sync 60 at Wed Jul 15 02:44:14 UTC 2026
Cache sync 61 at Wed Jul 15 02:44:14 UTC 2026
Cache sync 62 at Wed Jul 15 02:44:14 UTC 2026
Cache sync 63 at Wed Jul 15 02:44:14 UTC 2026
Cache sync 64 at Wed Jul 15 02:44:14 UTC 2026
Cache sync 65 at Wed Jul 15 02:44:14 UTC 2026
Cache sync 66 at Wed Jul 15 02:44:14 UTC 2026
Cache sync 67 at Wed Jul 15 02:44:14 UTC 2026
Cache sync 68 at Wed Jul 15 02:44:14 UTC 2026
Cache sync 69 at Wed Jul 15 02:44:14 UTC 2026
Cache sync 70 at Wed Jul 15 02:44:14 UTC 2026
Cache sync 71 at Wed Jul 15 02:44:14 UTC 2026
Cache sync 1 at Wed Jul 15 08:19:32 UTC 2026
Cache sync 2 at Wed Jul 15 08:19:32 UTC 2026
Cache sync 3 at Wed Jul 15 08:19:32 UTC 2026
Cache sync 4 at Wed Jul 15 08:19:32 UTC 2026
Cache sync 5 at Wed Jul 15 08:19:32 UTC 2026
Cache sync 6 at Wed Jul 15 08:19:32 UTC 2026
Cache sync 7 at Wed Jul 15 08:19:33 UTC 2026
Cache sync 8 at Wed Jul 15 08:19:33 UTC 2026
Cache sync 9 at Wed Jul 15 08:19:33 UTC 2026
Cache sync 10 at Wed Jul 15 08:19:33 UTC 2026
Cache sync 11 at Wed Jul 15 08:19:33 UTC 2026
Cache sync 12 at Wed Jul 15 08:19:33 UTC 2026
Cache sync 13 at Wed Jul 15 08:19:33 UTC 2026
Cache sync 14 at Wed Jul 15 08:19:33 UTC 2026
Cache sync 15 at Wed Jul 15 08:19:33 UTC 2026
Cache sync 16 at Wed Jul 15 08:19:33 UTC 2026
Cache sync 17 at Wed Jul 15 08:19:33 UTC 2026
Cache sync 18 at Wed Jul 15 08:19:33 UTC 2026
Cache sync 19 at Wed Jul 15 08:19:33 UTC 2026
Cache sync 20 at Wed Jul 15 08:19:33 UTC 2026
Cache sync 21 at Wed Jul 15 08:19:33 UTC 2026
Cache sync 22 at Wed Jul 15 08:19:33 UTC 2026
Cache sync 23 at Wed Jul 15 08:19:33 UTC 2026
Cache sync 24 at Wed Jul 15 08:19:33 UTC 2026
Cache sync 1 at Wed Jul 15 13:49:19 UTC 2026
Cache sync 2 at Wed Jul 15 13:49:19 UTC 2026
Cache sync 3 at Wed Jul 15 13:49:19 UTC 2026
Cache sync 4 at Wed Jul 15 13:49:20 UTC 2026
Cache sync 5 at Wed Jul 15 13:49:20 UTC 2026
Cache sync 6 at Wed Jul 15 13:49:20 UTC 2026
Cache sync 7 at Wed Jul 15 13:49:20 UTC 2026
Cache sync 8 at Wed Jul 15 13:49:20 UTC 2026
Cache sync 1 at Thu Jul 16 02:50:41 UTC 2026
Cache sync 2 at Thu Jul 16 02:50:41 UTC 2026
Cache sync 3 at Thu Jul 16 02:50:41 UTC 2026
Cache sync 4 at Thu Jul 16 02:50:41 UTC 2026
Cache sync 5 at Thu Jul 16 02:50:41 UTC 2026
Cache sync 6 at Thu Jul 16 02:50:41 UTC 2026
Cache sync 7 at Thu Jul 16 02:50:41 UTC 2026
Cache sync 8 at Thu Jul 16 02:50:41 UTC 2026
Cache sync 9 at Thu Jul 16 02:50:41 UTC 2026
Cache sync 10 at Thu Jul 16 02:50:41 UTC 2026
Cache sync 11 at Thu Jul 16 02:50:41 UTC 2026
Cache sync 12 at Thu Jul 16 02:50:41 UTC 2026
Cache sync 13 at Thu Jul 16 02:50:41 UTC 2026
Cache sync 14 at Thu Jul 16 02:50:41 UTC 2026
Cache sync 15 at Thu Jul 16 02:50:41 UTC 2026
Cache sync 16 at Thu Jul 16 02:50:41 UTC 2026
Cache sync 17 at Thu Jul 16 02:50:41 UTC 2026
Cache sync 18 at Thu Jul 16 02:50:41 UTC 2026
Cache sync 19 at Thu Jul 16 02:50:41 UTC 2026
Cache sync 20 at Thu Jul 16 02:50:41 UTC 2026
Cache sync 21 at Thu Jul 16 02:50:41 UTC 2026
Cache sync 22 at Thu Jul 16 02:50:41 UTC 2026
Cache sync 23 at Thu Jul 16 02:50:41 UTC 2026
Cache sync 24 at Thu Jul 16 02:50:42 UTC 2026
Cache sync 25 at Thu Jul 16 02:50:42 UTC 2026
Cache sync 26 at Thu Jul 16 02:50:42 UTC 2026
Cache sync 27 at Thu Jul 16 02:50:42 UTC 2026
Cache sync 28 at Thu Jul 16 02:50:42 UTC 2026
Cache sync 29 at Thu Jul 16 02:50:42 UTC 2026
Cache sync 30 at Thu Jul 16 02:50:42 UTC 2026
Cache sync 31 at Thu Jul 16 02:50:42 UTC 2026
Cache sync 32 at Thu Jul 16 02:50:42 UTC 2026
Cache sync 33 at Thu Jul 16 02:50:42 UTC 2026
Cache sync 34 at Thu Jul 16 02:50:42 UTC 2026
Cache sync 35 at Thu Jul 16 02:50:42 UTC 2026
Cache sync 36 at Thu Jul 16 02:50:42 UTC 2026
Cache sync 37 at Thu Jul 16 02:50:42 UTC 2026
Cache sync 38 at Thu Jul 16 02:50:42 UTC 2026
Cache sync 39 at Thu Jul 16 02:50:42 UTC 2026
Cache sync 40 at Thu Jul 16 02:50:42 UTC 2026
Cache sync 41 at Thu Jul 16 02:50:42 UTC 2026
Cache sync 42 at Thu Jul 16 02:50:42 UTC 2026
Cache sync 43 at Thu Jul 16 02:50:42 UTC 2026
Cache sync 44 at Thu Jul 16 02:50:42 UTC 2026
Cache sync 45 at Thu Jul 16 02:50:42 UTC 2026
Cache sync 46 at Thu Jul 16 02:50:42 UTC 2026
Cache sync 47 at Thu Jul 16 02:50:42 UTC 2026
Cache sync 48 at Thu Jul 16 02:50:42 UTC 2026
Cache sync 49 at Thu Jul 16 02:50:42 UTC 2026
Cache sync 50 at Thu Jul 16 02:50:42 UTC 2026
Cache sync 51 at Thu Jul 16 02:50:42 UTC 2026
Cache sync 52 at Thu Jul 16 02:50:42 UTC 2026
Cache sync 53 at Thu Jul 16 02:50:42 UTC 2026
Cache sync 54 at Thu Jul 16 02:50:42 UTC 2026
Cache sync 55 at Thu Jul 16 02:50:42 UTC 2026
Cache sync 56 at Thu Jul 16 02:50:42 UTC 2026
Cache sync 1 at Thu Jul 16 08:18:42 UTC 2026
Cache sync 2 at Thu Jul 16 08:18:42 UTC 2026
Cache sync 3 at Thu Jul 16 08:18:42 UTC 2026
Cache sync 4 at Thu Jul 16 08:18:42 UTC 2026
Cache sync 5 at Thu Jul 16 08:18:42 UTC 2026
Cache sync 6 at Thu Jul 16 08:18:42 UTC 2026
Cache sync 7 at Thu Jul 16 08:18:42 UTC 2026
Cache sync 8 at Thu Jul 16 08:18:42 UTC 2026
Cache sync 1 at Thu Jul 16 14:00:40 UTC 2026
Cache sync 2 at Thu Jul 16 14:00:40 UTC 2026
Cache sync 3 at Thu Jul 16 14:00:40 UTC 2026
Cache sync 4 at Thu Jul 16 14:00:40 UTC 2026
Cache sync 5 at Thu Jul 16 14:00:40 UTC 2026
Cache sync 6 at Thu Jul 16 14:00:40 UTC 2026
Cache sync 7 at Thu Jul 16 14:00:40 UTC 2026
Cache sync 8 at Thu Jul 16 14:00:40 UTC 2026
Cache sync 9 at Thu Jul 16 14:00:40 UTC 2026
Cache sync 10 at Thu Jul 16 14:00:40 UTC 2026
Cache sync 11 at Thu Jul 16 14:00:40 UTC 2026
Cache sync 12 at Thu Jul 16 14:00:40 UTC 2026
Cache sync 13 at Thu Jul 16 14:00:40 UTC 2026
Cache sync 14 at Thu Jul 16 14:00:40 UTC 2026
Cache sync 15 at Thu Jul 16 14:00:40 UTC 2026
Cache sync 16 at Thu Jul 16 14:00:40 UTC 2026
Cache sync 17 at Thu Jul 16 14:00:40 UTC 2026
Cache sync 18 at Thu Jul 16 14:00:40 UTC 2026
Cache sync 19 at Thu Jul 16 14:00:40 UTC 2026
Cache sync 20 at Thu Jul 16 14:00:40 UTC 2026
Cache sync 21 at Thu Jul 16 14:00:40 UTC 2026
Cache sync 22 at Thu Jul 16 14:00:40 UTC 2026
Cache sync 23 at Thu Jul 16 14:00:40 UTC 2026
Cache sync 24 at Thu Jul 16 14:00:40 UTC 2026
Cache sync 25 at Thu Jul 16 14:00:40 UTC 2026
Cache sync 26 at Thu Jul 16 14:00:40 UTC 2026
Cache sync 27 at Thu Jul 16 14:00:40 UTC 2026
Cache sync 28 at Thu Jul 16 14:00:40 UTC 2026
Cache sync 29 at Thu Jul 16 14:00:40 UTC 2026
Cache sync 30 at Thu Jul 16 14:00:40 UTC 2026
Cache sync 31 at Thu Jul 16 14:00:40 UTC 2026
Cache sync 32 at Thu Jul 16 14:00:41 UTC 2026
Cache sync 33 at Thu Jul 16 14:00:41 UTC 2026
Cache sync 34 at Thu Jul 16 14:00:41 UTC 2026
Cache sync 35 at Thu Jul 16 14:00:41 UTC 2026
Cache sync 36 at Thu Jul 16 14:00:41 UTC 2026
Cache sync 37 at Thu Jul 16 14:00:41 UTC 2026
Cache sync 38 at Thu Jul 16 14:00:41 UTC 2026
Cache sync 39 at Thu Jul 16 14:00:41 UTC 2026
Cache sync 40 at Thu Jul 16 14:00:41 UTC 2026
Cache sync 41 at Thu Jul 16 14:00:41 UTC 2026
Cache sync 42 at Thu Jul 16 14:00:41 UTC 2026
Cache sync 43 at Thu Jul 16 14:00:41 UTC 2026
Cache sync 44 at Thu Jul 16 14:00:41 UTC 2026
Cache sync 45 at Thu Jul 16 14:00:41 UTC 2026
Cache sync 46 at Thu Jul 16 14:00:41 UTC 2026
Cache sync 47 at Thu Jul 16 14:00:41 UTC 2026
Cache sync 48 at Thu Jul 16 14:00:41 UTC 2026
Cache sync 49 at Thu Jul 16 14:00:41 UTC 2026
Cache sync 50 at Thu Jul 16 14:00:41 UTC 2026
Cache sync 51 at Thu Jul 16 14:00:41 UTC 2026
Cache sync 52 at Thu Jul 16 14:00:41 UTC 2026
Cache sync 53 at Thu Jul 16 14:00:41 UTC 2026
Cache sync 54 at Thu Jul 16 14:00:41 UTC 2026
Cache sync 55 at Thu Jul 16 14:00:41 UTC 2026
Cache sync 1 at Thu Jul 16 19:16:38 UTC 2026
Cache sync 2 at Thu Jul 16 19:16:38 UTC 2026
Cache sync 3 at Thu Jul 16 19:16:38 UTC 2026
Cache sync 4 at Thu Jul 16 19:16:38 UTC 2026
Cache sync 5 at Thu Jul 16 19:16:38 UTC 2026
Cache sync 6 at Thu Jul 16 19:16:38 UTC 2026
Cache sync 7 at Thu Jul 16 19:16:38 UTC 2026
Cache sync 8 at Thu Jul 16 19:16:38 UTC 2026
Cache sync 9 at Thu Jul 16 19:16:38 UTC 2026
Cache sync 10 at Thu Jul 16 19:16:38 UTC 2026
Cache sync 11 at Thu Jul 16 19:16:38 UTC 2026
Cache sync 12 at Thu Jul 16 19:16:38 UTC 2026
Cache sync 13 at Thu Jul 16 19:16:38 UTC 2026
Cache sync 14 at Thu Jul 16 19:16:39 UTC 2026
Cache sync 15 at Thu Jul 16 19:16:39 UTC 2026
Cache sync 16 at Thu Jul 16 19:16:39 UTC 2026
Cache sync 17 at Thu Jul 16 19:16:39 UTC 2026
Cache sync 18 at Thu Jul 16 19:16:39 UTC 2026
Cache sync 19 at Thu Jul 16 19:16:39 UTC 2026
Cache sync 20 at Thu Jul 16 19:16:39 UTC 2026
Cache sync 21 at Thu Jul 16 19:16:39 UTC 2026
Cache sync 22 at Thu Jul 16 19:16:39 UTC 2026
Cache sync 23 at Thu Jul 16 19:16:39 UTC 2026
Cache sync 24 at Thu Jul 16 19:16:39 UTC 2026
Cache sync 25 at Thu Jul 16 19:16:39 UTC 2026
Cache sync 26 at Thu Jul 16 19:16:39 UTC 2026
Cache sync 27 at Thu Jul 16 19:16:39 UTC 2026
Cache sync 28 at Thu Jul 16 19:16:39 UTC 2026
Cache sync 29 at Thu Jul 16 19:16:39 UTC 2026
Cache sync 30 at Thu Jul 16 19:16:39 UTC 2026
Cache sync 31 at Thu Jul 16 19:16:39 UTC 2026
Cache sync 32 at Thu Jul 16 19:16:39 UTC 2026
Cache sync 33 at Thu Jul 16 19:16:39 UTC 2026
Cache sync 34 at Thu Jul 16 19:16:39 UTC 2026
Cache sync 35 at Thu Jul 16 19:16:39 UTC 2026
Cache sync 36 at Thu Jul 16 19:16:39 UTC 2026
Cache sync 37 at Thu Jul 16 19:16:39 UTC 2026
Cache sync 38 at Thu Jul 16 19:16:39 UTC 2026
Cache sync 39 at Thu Jul 16 19:16:39 UTC 2026
Cache sync 40 at Thu Jul 16 19:16:39 UTC 2026
Cache sync 41 at Thu Jul 16 19:16:39 UTC 2026
Cache sync 42 at Thu Jul 16 19:16:39 UTC 2026
Cache sync 43 at Thu Jul 16 19:16:39 UTC 2026
Cache sync 44 at Thu Jul 16 19:16:39 UTC 2026
Cache sync 45 at Thu Jul 16 19:16:39 UTC 2026
Cache sync 46 at Thu Jul 16 19:16:39 UTC 2026
Cache sync 47 at Thu Jul 16 19:16:39 UTC 2026
Cache sync 48 at Thu Jul 16 19:16:39 UTC 2026
Cache sync 49 at Thu Jul 16 19:16:39 UTC 2026
Cache sync 50 at Thu Jul 16 19:16:39 UTC 2026
Cache sync 51 at Thu Jul 16 19:16:39 UTC 2026
Cache sync 52 at Thu Jul 16 19:16:39 UTC 2026
Cache sync 53 at Thu Jul 16 19:16:39 UTC 2026
Cache sync 54 at Thu Jul 16 19:16:39 UTC 2026
Cache sync 55 at Thu Jul 16 19:16:39 UTC 2026
Cache sync 56 at Thu Jul 16 19:16:39 UTC 2026
Cache sync 57 at Thu Jul 16 19:16:39 UTC 2026
Cache sync 58 at Thu Jul 16 19:16:39 UTC 2026
Cache sync 59 at Thu Jul 16 19:16:40 UTC 2026
Cache sync 60 at Thu Jul 16 19:16:40 UTC 2026
Cache sync 61 at Thu Jul 16 19:16:40 UTC 2026
Cache sync 1 at Fri Jul 17 02:53:09 UTC 2026
Cache sync 2 at Fri Jul 17 02:53:09 UTC 2026
Cache sync 3 at Fri Jul 17 02:53:10 UTC 2026
Cache sync 4 at Fri Jul 17 02:53:10 UTC 2026
Cache sync 5 at Fri Jul 17 02:53:10 UTC 2026
Cache sync 6 at Fri Jul 17 02:53:10 UTC 2026
Cache sync 7 at Fri Jul 17 02:53:10 UTC 2026
Cache sync 8 at Fri Jul 17 02:53:10 UTC 2026
Cache sync 9 at Fri Jul 17 02:53:10 UTC 2026
Cache sync 10 at Fri Jul 17 02:53:10 UTC 2026
Cache sync 11 at Fri Jul 17 02:53:10 UTC 2026
Cache sync 12 at Fri Jul 17 02:53:10 UTC 2026
Cache sync 13 at Fri Jul 17 02:53:10 UTC 2026
Cache sync 14 at Fri Jul 17 02:53:10 UTC 2026
Cache sync 15 at Fri Jul 17 02:53:10 UTC 2026
Cache sync 16 at Fri Jul 17 02:53:10 UTC 2026
Cache sync 17 at Fri Jul 17 02:53:10 UTC 2026
Cache sync 18 at Fri Jul 17 02:53:10 UTC 2026
Cache sync 19 at Fri Jul 17 02:53:10 UTC 2026
Cache sync 20 at Fri Jul 17 02:53:10 UTC 2026
Cache sync 21 at Fri Jul 17 02:53:10 UTC 2026
Cache sync 22 at Fri Jul 17 02:53:10 UTC 2026
Cache sync 23 at Fri Jul 17 02:53:10 UTC 2026
Cache sync 24 at Fri Jul 17 02:53:10 UTC 2026
Cache sync 25 at Fri Jul 17 02:53:10 UTC 2026
Cache sync 26 at Fri Jul 17 02:53:10 UTC 2026
Cache sync 27 at Fri Jul 17 02:53:10 UTC 2026
Cache sync 28 at Fri Jul 17 02:53:10 UTC 2026
Cache sync 29 at Fri Jul 17 02:53:10 UTC 2026
Cache sync 30 at Fri Jul 17 02:53:10 UTC 2026
Cache sync 31 at Fri Jul 17 02:53:10 UTC 2026
Cache sync 32 at Fri Jul 17 02:53:10 UTC 2026
Cache sync 33 at Fri Jul 17 02:53:10 UTC 2026
Cache sync 1 at Fri Jul 17 08:15:10 UTC 2026
Cache sync 2 at Fri Jul 17 08:15:10 UTC 2026
Cache sync 3 at Fri Jul 17 08:15:10 UTC 2026
Cache sync 4 at Fri Jul 17 08:15:10 UTC 2026
Cache sync 5 at Fri Jul 17 08:15:10 UTC 2026
Cache sync 6 at Fri Jul 17 08:15:10 UTC 2026
Cache sync 7 at Fri Jul 17 08:15:10 UTC 2026
Cache sync 8 at Fri Jul 17 08:15:10 UTC 2026
Cache sync 9 at Fri Jul 17 08:15:10 UTC 2026
Cache sync 10 at Fri Jul 17 08:15:10 UTC 2026
Cache sync 11 at Fri Jul 17 08:15:10 UTC 2026
Cache sync 12 at Fri Jul 17 08:15:10 UTC 2026
Cache sync 13 at Fri Jul 17 08:15:10 UTC 2026
Cache sync 14 at Fri Jul 17 08:15:10 UTC 2026
Cache sync 15 at Fri Jul 17 08:15:10 UTC 2026
Cache sync 16 at Fri Jul 17 08:15:10 UTC 2026
Cache sync 17 at Fri Jul 17 08:15:10 UTC 2026
Cache sync 18 at Fri Jul 17 08:15:10 UTC 2026
Cache sync 19 at Fri Jul 17 08:15:10 UTC 2026
Cache sync 20 at Fri Jul 17 08:15:10 UTC 2026
Cache sync 21 at Fri Jul 17 08:15:10 UTC 2026
Cache sync 22 at Fri Jul 17 08:15:10 UTC 2026
Cache sync 23 at Fri Jul 17 08:15:10 UTC 2026
Cache sync 24 at Fri Jul 17 08:15:10 UTC 2026
Cache sync 25 at Fri Jul 17 08:15:10 UTC 2026
Cache sync 26 at Fri Jul 17 08:15:10 UTC 2026
Cache sync 27 at Fri Jul 17 08:15:10 UTC 2026
Cache sync 28 at Fri Jul 17 08:15:10 UTC 2026
Cache sync 29 at Fri Jul 17 08:15:10 UTC 2026
Cache sync 30 at Fri Jul 17 08:15:10 UTC 2026
Cache sync 31 at Fri Jul 17 08:15:10 UTC 2026
Cache sync 32 at Fri Jul 17 08:15:10 UTC 2026
Cache sync 33 at Fri Jul 17 08:15:10 UTC 2026
Cache sync 34 at Fri Jul 17 08:15:10 UTC 2026
Cache sync 35 at Fri Jul 17 08:15:10 UTC 2026
Cache sync 36 at Fri Jul 17 08:15:11 UTC 2026
Cache sync 37 at Fri Jul 17 08:15:11 UTC 2026
Cache sync 38 at Fri Jul 17 08:15:11 UTC 2026
Cache sync 39 at Fri Jul 17 08:15:11 UTC 2026
Cache sync 40 at Fri Jul 17 08:15:11 UTC 2026
Cache sync 41 at Fri Jul 17 08:15:11 UTC 2026
Cache sync 42 at Fri Jul 17 08:15:11 UTC 2026
Cache sync 43 at Fri Jul 17 08:15:11 UTC 2026
Cache sync 44 at Fri Jul 17 08:15:11 UTC 2026
Cache sync 45 at Fri Jul 17 08:15:11 UTC 2026
Cache sync 46 at Fri Jul 17 08:15:11 UTC 2026
Cache sync 47 at Fri Jul 17 08:15:11 UTC 2026
Cache sync 48 at Fri Jul 17 08:15:11 UTC 2026
Cache sync 49 at Fri Jul 17 08:15:11 UTC 2026
Cache sync 50 at Fri Jul 17 08:15:11 UTC 2026
Cache sync 51 at Fri Jul 17 08:15:11 UTC 2026
Cache sync 52 at Fri Jul 17 08:15:11 UTC 2026
Cache sync 53 at Fri Jul 17 08:15:11 UTC 2026
Cache sync 54 at Fri Jul 17 08:15:11 UTC 2026
Cache sync 55 at Fri Jul 17 08:15:11 UTC 2026
Cache sync 56 at Fri Jul 17 08:15:11 UTC 2026
Cache sync 57 at Fri Jul 17 08:15:11 UTC 2026
Cache sync 58 at Fri Jul 17 08:15:11 UTC 2026
Cache sync 59 at Fri Jul 17 08:15:11 UTC 2026
Cache sync 60 at Fri Jul 17 08:15:11 UTC 2026
Cache sync 61 at Fri Jul 17 08:15:11 UTC 2026
Cache sync 62 at Fri Jul 17 08:15:11 UTC 2026
Cache sync 63 at Fri Jul 17 08:15:11 UTC 2026
Cache sync 64 at Fri Jul 17 08:15:11 UTC 2026
Cache sync 65 at Fri Jul 17 08:15:11 UTC 2026
Cache sync 66 at Fri Jul 17 08:15:11 UTC 2026
Cache sync 67 at Fri Jul 17 08:15:11 UTC 2026
Cache sync 68 at Fri Jul 17 08:15:11 UTC 2026
Cache sync 69 at Fri Jul 17 08:15:11 UTC 2026
Cache sync 70 at Fri Jul 17 08:15:11 UTC 2026
Cache sync 71 at Fri Jul 17 08:15:11 UTC 2026
Cache sync 72 at Fri Jul 17 08:15:11 UTC 2026
Cache sync 73 at Fri Jul 17 08:15:11 UTC 2026
Cache sync 74 at Fri Jul 17 08:15:11 UTC 2026
Cache sync 1 at Fri Jul 17 13:45:24 UTC 2026
Cache sync 2 at Fri Jul 17 13:45:24 UTC 2026
Cache sync 3 at Fri Jul 17 13:45:24 UTC 2026
Cache sync 4 at Fri Jul 17 13:45:24 UTC 2026
Cache sync 5 at Fri Jul 17 13:45:24 UTC 2026
Cache sync 6 at Fri Jul 17 13:45:24 UTC 2026
Cache sync 7 at Fri Jul 17 13:45:24 UTC 2026
Cache sync 8 at Fri Jul 17 13:45:24 UTC 2026
Cache sync 9 at Fri Jul 17 13:45:24 UTC 2026
Cache sync 10 at Fri Jul 17 13:45:24 UTC 2026
Cache sync 11 at Fri Jul 17 13:45:24 UTC 2026
Cache sync 12 at Fri Jul 17 13:45:24 UTC 2026
Cache sync 13 at Fri Jul 17 13:45:24 UTC 2026
Cache sync 14 at Fri Jul 17 13:45:24 UTC 2026
Cache sync 15 at Fri Jul 17 13:45:24 UTC 2026
Cache sync 16 at Fri Jul 17 13:45:25 UTC 2026
Cache sync 17 at Fri Jul 17 13:45:25 UTC 2026
Cache sync 18 at Fri Jul 17 13:45:25 UTC 2026
Cache sync 19 at Fri Jul 17 13:45:25 UTC 2026
Cache sync 20 at Fri Jul 17 13:45:25 UTC 2026
Cache sync 21 at Fri Jul 17 13:45:25 UTC 2026
Cache sync 22 at Fri Jul 17 13:45:25 UTC 2026
Cache sync 23 at Fri Jul 17 13:45:25 UTC 2026
Cache sync 24 at Fri Jul 17 13:45:25 UTC 2026
Cache sync 25 at Fri Jul 17 13:45:25 UTC 2026
Cache sync 26 at Fri Jul 17 13:45:25 UTC 2026
Cache sync 27 at Fri Jul 17 13:45:25 UTC 2026
Cache sync 28 at Fri Jul 17 13:45:25 UTC 2026
Cache sync 29 at Fri Jul 17 13:45:25 UTC 2026
Cache sync 30 at Fri Jul 17 13:45:25 UTC 2026
Cache sync 31 at Fri Jul 17 13:45:25 UTC 2026
Cache sync 32 at Fri Jul 17 13:45:25 UTC 2026
Cache sync 33 at Fri Jul 17 13:45:25 UTC 2026
Cache sync 34 at Fri Jul 17 13:45:25 UTC 2026
Cache sync 35 at Fri Jul 17 13:45:25 UTC 2026
Cache sync 36 at Fri Jul 17 13:45:25 UTC 2026
Cache sync 37 at Fri Jul 17 13:45:25 UTC 2026
Cache sync 38 at Fri Jul 17 13:45:25 UTC 2026
Cache sync 39 at Fri Jul 17 13:45:25 UTC 2026
Cache sync 40 at Fri Jul 17 13:45:25 UTC 2026
Cache sync 41 at Fri Jul 17 13:45:25 UTC 2026
Cache sync 42 at Fri Jul 17 13:45:25 UTC 2026
Cache sync 43 at Fri Jul 17 13:45:25 UTC 2026
Cache sync 44 at Fri Jul 17 13:45:25 UTC 2026
Cache sync 45 at Fri Jul 17 13:45:25 UTC 2026
Cache sync 46 at Fri Jul 17 13:45:25 UTC 2026
Cache sync 47 at Fri Jul 17 13:45:25 UTC 2026
Cache sync 48 at Fri Jul 17 13:45:25 UTC 2026
Cache sync 49 at Fri Jul 17 13:45:25 UTC 2026
Cache sync 50 at Fri Jul 17 13:45:25 UTC 2026
Cache sync 51 at Fri Jul 17 13:45:25 UTC 2026
Cache sync 52 at Fri Jul 17 13:45:25 UTC 2026
Cache sync 53 at Fri Jul 17 13:45:25 UTC 2026
Cache sync 54 at Fri Jul 17 13:45:25 UTC 2026
Cache sync 55 at Fri Jul 17 13:45:25 UTC 2026
Cache sync 56 at Fri Jul 17 13:45:25 UTC 2026
Cache sync 57 at Fri Jul 17 13:45:25 UTC 2026
Cache sync 58 at Fri Jul 17 13:45:25 UTC 2026
Cache sync 59 at Fri Jul 17 13:45:25 UTC 2026
Cache sync 60 at Fri Jul 17 13:45:25 UTC 2026
Cache sync 61 at Fri Jul 17 13:45:25 UTC 2026
Cache sync 62 at Fri Jul 17 13:45:25 UTC 2026
Cache sync 63 at Fri Jul 17 13:45:25 UTC 2026
Cache sync 64 at Fri Jul 17 13:45:25 UTC 2026
Cache sync 65 at Fri Jul 17 13:45:25 UTC 2026
Cache sync 66 at Fri Jul 17 13:45:25 UTC 2026
Cache sync 67 at Fri Jul 17 13:45:25 UTC 2026
Cache sync 68 at Fri Jul 17 13:45:25 UTC 2026
Cache sync 69 at Fri Jul 17 13:45:25 UTC 2026
Cache sync 70 at Fri Jul 17 13:45:25 UTC 2026
Cache sync 71 at Fri Jul 17 13:45:25 UTC 2026
Cache sync 72 at Fri Jul 17 13:45:26 UTC 2026
Cache sync 73 at Fri Jul 17 13:45:26 UTC 2026
Cache sync 74 at Fri Jul 17 13:45:26 UTC 2026
Cache sync 75 at Fri Jul 17 13:45:26 UTC 2026
Cache sync 1 at Fri Jul 17 19:15:19 UTC 2026
Cache sync 2 at Fri Jul 17 19:15:19 UTC 2026
Cache sync 3 at Fri Jul 17 19:15:19 UTC 2026
Cache sync 4 at Fri Jul 17 19:15:19 UTC 2026
Cache sync 5 at Fri Jul 17 19:15:19 UTC 2026
Cache sync 6 at Fri Jul 17 19:15:19 UTC 2026
Cache sync 7 at Fri Jul 17 19:15:19 UTC 2026
Cache sync 8 at Fri Jul 17 19:15:19 UTC 2026
Cache sync 9 at Fri Jul 17 19:15:19 UTC 2026
Cache sync 10 at Fri Jul 17 19:15:19 UTC 2026
Cache sync 11 at Fri Jul 17 19:15:19 UTC 2026
Cache sync 12 at Fri Jul 17 19:15:19 UTC 2026
Cache sync 13 at Fri Jul 17 19:15:19 UTC 2026
Cache sync 14 at Fri Jul 17 19:15:19 UTC 2026
Cache sync 15 at Fri Jul 17 19:15:19 UTC 2026
Cache sync 16 at Fri Jul 17 19:15:19 UTC 2026
Cache sync 17 at Fri Jul 17 19:15:19 UTC 2026
Cache sync 18 at Fri Jul 17 19:15:20 UTC 2026
Cache sync 19 at Fri Jul 17 19:15:20 UTC 2026
Cache sync 20 at Fri Jul 17 19:15:20 UTC 2026
Cache sync 21 at Fri Jul 17 19:15:20 UTC 2026
Cache sync 22 at Fri Jul 17 19:15:20 UTC 2026
Cache sync 23 at Fri Jul 17 19:15:20 UTC 2026
Cache sync 24 at Fri Jul 17 19:15:20 UTC 2026
Cache sync 25 at Fri Jul 17 19:15:20 UTC 2026
Cache sync 26 at Fri Jul 17 19:15:20 UTC 2026
Cache sync 27 at Fri Jul 17 19:15:20 UTC 2026
Cache sync 28 at Fri Jul 17 19:15:20 UTC 2026
Cache sync 29 at Fri Jul 17 19:15:20 UTC 2026
Cache sync 30 at Fri Jul 17 19:15:20 UTC 2026
Cache sync 31 at Fri Jul 17 19:15:20 UTC 2026
Cache sync 32 at Fri Jul 17 19:15:20 UTC 2026
Cache sync 33 at Fri Jul 17 19:15:20 UTC 2026
Cache sync 34 at Fri Jul 17 19:15:20 UTC 2026
Cache sync 1 at Sat Jul 18 02:45:52 UTC 2026
Cache sync 2 at Sat Jul 18 02:45:52 UTC 2026
Cache sync 3 at Sat Jul 18 02:45:52 UTC 2026
Cache sync 4 at Sat Jul 18 02:45:52 UTC 2026
Cache sync 5 at Sat Jul 18 02:45:52 UTC 2026
Cache sync 6 at Sat Jul 18 02:45:52 UTC 2026
Cache sync 7 at Sat Jul 18 02:45:52 UTC 2026
Cache sync 8 at Sat Jul 18 02:45:52 UTC 2026
Cache sync 9 at Sat Jul 18 02:45:52 UTC 2026
Cache sync 10 at Sat Jul 18 02:45:52 UTC 2026
Cache sync 11 at Sat Jul 18 02:45:52 UTC 2026
Cache sync 12 at Sat Jul 18 02:45:52 UTC 2026
Cache sync 13 at Sat Jul 18 02:45:52 UTC 2026
Cache sync 14 at Sat Jul 18 02:45:52 UTC 2026
Cache sync 15 at Sat Jul 18 02:45:52 UTC 2026
Cache sync 16 at Sat Jul 18 02:45:52 UTC 2026
Cache sync 17 at Sat Jul 18 02:45:52 UTC 2026
Cache sync 18 at Sat Jul 18 02:45:52 UTC 2026
Cache sync 19 at Sat Jul 18 02:45:52 UTC 2026
Cache sync 20 at Sat Jul 18 02:45:52 UTC 2026
Cache sync 21 at Sat Jul 18 02:45:52 UTC 2026
Cache sync 22 at Sat Jul 18 02:45:52 UTC 2026
Cache sync 23 at Sat Jul 18 02:45:52 UTC 2026
Cache sync 24 at Sat Jul 18 02:45:52 UTC 2026
Cache sync 25 at Sat Jul 18 02:45:52 UTC 2026
Cache sync 26 at Sat Jul 18 02:45:52 UTC 2026
Cache sync 27 at Sat Jul 18 02:45:52 UTC 2026
Cache sync 28 at Sat Jul 18 02:45:52 UTC 2026
Cache sync 29 at Sat Jul 18 02:45:52 UTC 2026
Cache sync 30 at Sat Jul 18 02:45:52 UTC 2026
Cache sync 31 at Sat Jul 18 02:45:52 UTC 2026
Cache sync 32 at Sat Jul 18 02:45:52 UTC 2026
Cache sync 33 at Sat Jul 18 02:45:52 UTC 2026
Cache sync 34 at Sat Jul 18 02:45:52 UTC 2026
Cache sync 35 at Sat Jul 18 02:45:52 UTC 2026
Cache sync 36 at Sat Jul 18 02:45:53 UTC 2026
Cache sync 37 at Sat Jul 18 02:45:53 UTC 2026
Cache sync 38 at Sat Jul 18 02:45:53 UTC 2026
Cache sync 39 at Sat Jul 18 02:45:53 UTC 2026
Cache sync 40 at Sat Jul 18 02:45:53 UTC 2026
Cache sync 41 at Sat Jul 18 02:45:53 UTC 2026
Cache sync 42 at Sat Jul 18 02:45:53 UTC 2026
Cache sync 43 at Sat Jul 18 02:45:53 UTC 2026
Cache sync 44 at Sat Jul 18 02:45:53 UTC 2026
Cache sync 45 at Sat Jul 18 02:45:53 UTC 2026
Cache sync 46 at Sat Jul 18 02:45:53 UTC 2026
Cache sync 47 at Sat Jul 18 02:45:53 UTC 2026
Cache sync 48 at Sat Jul 18 02:45:53 UTC 2026
Cache sync 49 at Sat Jul 18 02:45:53 UTC 2026
Cache sync 50 at Sat Jul 18 02:45:53 UTC 2026
Cache sync 51 at Sat Jul 18 02:45:53 UTC 2026
Cache sync 52 at Sat Jul 18 02:45:53 UTC 2026
Cache sync 53 at Sat Jul 18 02:45:53 UTC 2026
Cache sync 54 at Sat Jul 18 02:45:53 UTC 2026
Cache sync 55 at Sat Jul 18 02:45:53 UTC 2026
Cache sync 56 at Sat Jul 18 02:45:53 UTC 2026
Cache sync 57 at Sat Jul 18 02:45:53 UTC 2026
Cache sync 58 at Sat Jul 18 02:45:53 UTC 2026
Cache sync 59 at Sat Jul 18 02:45:53 UTC 2026
Cache sync 60 at Sat Jul 18 02:45:53 UTC 2026
Cache sync 61 at Sat Jul 18 02:45:53 UTC 2026
Cache sync 62 at Sat Jul 18 02:45:53 UTC 2026
Cache sync 63 at Sat Jul 18 02:45:53 UTC 2026
Cache sync 64 at Sat Jul 18 02:45:53 UTC 2026
Cache sync 65 at Sat Jul 18 02:45:53 UTC 2026
Cache sync 66 at Sat Jul 18 02:45:53 UTC 2026
Cache sync 67 at Sat Jul 18 02:45:53 UTC 2026
Cache sync 68 at Sat Jul 18 02:45:53 UTC 2026
Cache sync 69 at Sat Jul 18 02:45:53 UTC 2026
Cache sync 70 at Sat Jul 18 02:45:53 UTC 2026
Cache sync 71 at Sat Jul 18 02:45:53 UTC 2026
Cache sync 72 at Sat Jul 18 02:45:53 UTC 2026
Cache sync 73 at Sat Jul 18 02:45:53 UTC 2026
Cache sync 74 at Sat Jul 18 02:45:53 UTC 2026
Cache sync 75 at Sat Jul 18 02:45:53 UTC 2026
Cache sync 76 at Sat Jul 18 02:45:53 UTC 2026
Cache sync 77 at Sat Jul 18 02:45:53 UTC 2026
Cache sync 78 at Sat Jul 18 02:45:54 UTC 2026
Cache sync 79 at Sat Jul 18 02:45:54 UTC 2026
Cache sync 80 at Sat Jul 18 02:45:54 UTC 2026
Cache sync 81 at Sat Jul 18 02:45:54 UTC 2026
Cache sync 82 at Sat Jul 18 02:45:54 UTC 2026
Cache sync 83 at Sat Jul 18 02:45:54 UTC 2026
Cache sync 84 at Sat Jul 18 02:45:54 UTC 2026
Cache sync 85 at Sat Jul 18 02:45:54 UTC 2026
Cache sync 1 at Sat Jul 18 07:56:47 UTC 2026
Cache sync 2 at Sat Jul 18 07:56:47 UTC 2026
Cache sync 3 at Sat Jul 18 07:56:47 UTC 2026
Cache sync 4 at Sat Jul 18 07:56:47 UTC 2026
Cache sync 5 at Sat Jul 18 07:56:47 UTC 2026
Cache sync 6 at Sat Jul 18 07:56:47 UTC 2026
Cache sync 7 at Sat Jul 18 07:56:47 UTC 2026
Cache sync 8 at Sat Jul 18 07:56:47 UTC 2026
Cache sync 9 at Sat Jul 18 07:56:47 UTC 2026
Cache sync 10 at Sat Jul 18 07:56:47 UTC 2026
Cache sync 11 at Sat Jul 18 07:56:47 UTC 2026
Cache sync 12 at Sat Jul 18 07:56:47 UTC 2026
Cache sync 1 at Sat Jul 18 13:22:27 UTC 2026
Cache sync 2 at Sat Jul 18 13:22:27 UTC 2026
Cache sync 3 at Sat Jul 18 13:22:27 UTC 2026
Cache sync 4 at Sat Jul 18 13:22:27 UTC 2026
Cache sync 5 at Sat Jul 18 13:22:27 UTC 2026
Cache sync 6 at Sat Jul 18 13:22:27 UTC 2026
Cache sync 7 at Sat Jul 18 13:22:27 UTC 2026
Cache sync 8 at Sat Jul 18 13:22:27 UTC 2026
Cache sync 9 at Sat Jul 18 13:22:27 UTC 2026
Cache sync 10 at Sat Jul 18 13:22:27 UTC 2026
Cache sync 11 at Sat Jul 18 13:22:27 UTC 2026
Cache sync 12 at Sat Jul 18 13:22:27 UTC 2026
Cache sync 13 at Sat Jul 18 13:22:27 UTC 2026
Cache sync 14 at Sat Jul 18 13:22:27 UTC 2026
Cache sync 15 at Sat Jul 18 13:22:28 UTC 2026
Cache sync 16 at Sat Jul 18 13:22:28 UTC 2026
Cache sync 17 at Sat Jul 18 13:22:28 UTC 2026
Cache sync 18 at Sat Jul 18 13:22:28 UTC 2026
Cache sync 19 at Sat Jul 18 13:22:28 UTC 2026
Cache sync 20 at Sat Jul 18 13:22:28 UTC 2026
Cache sync 21 at Sat Jul 18 13:22:28 UTC 2026
Cache sync 22 at Sat Jul 18 13:22:28 UTC 2026
Cache sync 23 at Sat Jul 18 13:22:28 UTC 2026
Cache sync 24 at Sat Jul 18 13:22:28 UTC 2026
Cache sync 25 at Sat Jul 18 13:22:28 UTC 2026
Cache sync 26 at Sat Jul 18 13:22:28 UTC 2026
Cache sync 27 at Sat Jul 18 13:22:28 UTC 2026
Cache sync 28 at Sat Jul 18 13:22:28 UTC 2026
Cache sync 29 at Sat Jul 18 13:22:28 UTC 2026
Cache sync 30 at Sat Jul 18 13:22:28 UTC 2026
Cache sync 1 at Sun Jul 19 03:16:58 UTC 2026
Cache sync 2 at Sun Jul 19 03:16:58 UTC 2026
Cache sync 3 at Sun Jul 19 03:16:58 UTC 2026
Cache sync 4 at Sun Jul 19 03:16:58 UTC 2026
Cache sync 5 at Sun Jul 19 03:16:58 UTC 2026
Cache sync 6 at Sun Jul 19 03:16:58 UTC 2026
Cache sync 7 at Sun Jul 19 03:16:58 UTC 2026
Cache sync 8 at Sun Jul 19 03:16:58 UTC 2026
Cache sync 9 at Sun Jul 19 03:16:58 UTC 2026
Cache sync 10 at Sun Jul 19 03:16:58 UTC 2026
Cache sync 11 at Sun Jul 19 03:16:58 UTC 2026
Cache sync 12 at Sun Jul 19 03:16:58 UTC 2026
Cache sync 13 at Sun Jul 19 03:16:58 UTC 2026
Cache sync 14 at Sun Jul 19 03:16:58 UTC 2026
Cache sync 15 at Sun Jul 19 03:16:58 UTC 2026
Cache sync 16 at Sun Jul 19 03:16:58 UTC 2026
Cache sync 17 at Sun Jul 19 03:16:58 UTC 2026
Cache sync 18 at Sun Jul 19 03:16:59 UTC 2026
Cache sync 19 at Sun Jul 19 03:16:59 UTC 2026
Cache sync 20 at Sun Jul 19 03:16:59 UTC 2026
Cache sync 21 at Sun Jul 19 03:16:59 UTC 2026
Cache sync 22 at Sun Jul 19 03:16:59 UTC 2026
Cache sync 23 at Sun Jul 19 03:16:59 UTC 2026
Cache sync 24 at Sun Jul 19 03:16:59 UTC 2026
Cache sync 25 at Sun Jul 19 03:16:59 UTC 2026
Cache sync 26 at Sun Jul 19 03:16:59 UTC 2026
Cache sync 27 at Sun Jul 19 03:16:59 UTC 2026
Cache sync 28 at Sun Jul 19 03:16:59 UTC 2026
Cache sync 29 at Sun Jul 19 03:16:59 UTC 2026
Cache sync 30 at Sun Jul 19 03:16:59 UTC 2026
Cache sync 1 at Sun Jul 19 08:23:52 UTC 2026
Cache sync 2 at Sun Jul 19 08:23:52 UTC 2026
Cache sync 3 at Sun Jul 19 08:23:52 UTC 2026
Cache sync 4 at Sun Jul 19 08:23:52 UTC 2026
Cache sync 5 at Sun Jul 19 08:23:52 UTC 2026
Cache sync 6 at Sun Jul 19 08:23:52 UTC 2026
Cache sync 7 at Sun Jul 19 08:23:52 UTC 2026
Cache sync 8 at Sun Jul 19 08:23:52 UTC 2026
Cache sync 9 at Sun Jul 19 08:23:52 UTC 2026
Cache sync 10 at Sun Jul 19 08:23:52 UTC 2026
Cache sync 11 at Sun Jul 19 08:23:52 UTC 2026
Cache sync 12 at Sun Jul 19 08:23:52 UTC 2026
Cache sync 13 at Sun Jul 19 08:23:52 UTC 2026
Cache sync 14 at Sun Jul 19 08:23:52 UTC 2026
Cache sync 15 at Sun Jul 19 08:23:52 UTC 2026
Cache sync 16 at Sun Jul 19 08:23:52 UTC 2026
Cache sync 17 at Sun Jul 19 08:23:52 UTC 2026
Cache sync 18 at Sun Jul 19 08:23:52 UTC 2026
Cache sync 19 at Sun Jul 19 08:23:52 UTC 2026
Cache sync 20 at Sun Jul 19 08:23:52 UTC 2026
Cache sync 21 at Sun Jul 19 08:23:52 UTC 2026
Cache sync 22 at Sun Jul 19 08:23:52 UTC 2026
Cache sync 23 at Sun Jul 19 08:23:52 UTC 2026
Cache sync 1 at Sun Jul 19 13:24:02 UTC 2026
Cache sync 1 at Sun Jul 19 19:10:44 UTC 2026
Cache sync 2 at Sun Jul 19 19:10:44 UTC 2026
Cache sync 3 at Sun Jul 19 19:10:44 UTC 2026
Cache sync 4 at Sun Jul 19 19:10:44 UTC 2026
Cache sync 1 at Mon Jul 20 09:20:38 UTC 2026
Cache sync 2 at Mon Jul 20 09:20:38 UTC 2026
Cache sync 3 at Mon Jul 20 09:20:38 UTC 2026
Cache sync 4 at Mon Jul 20 09:20:38 UTC 2026
Cache sync 5 at Mon Jul 20 09:20:38 UTC 2026
Cache sync 6 at Mon Jul 20 09:20:38 UTC 2026
Cache sync 7 at Mon Jul 20 09:20:38 UTC 2026
Cache sync 8 at Mon Jul 20 09:20:38 UTC 2026
Cache sync 9 at Mon Jul 20 09:20:38 UTC 2026
Cache sync 10 at Mon Jul 20 09:20:38 UTC 2026
Cache sync 11 at Mon Jul 20 09:20:38 UTC 2026
Cache sync 12 at Mon Jul 20 09:20:38 UTC 2026
Cache sync 13 at Mon Jul 20 09:20:38 UTC 2026
Cache sync 14 at Mon Jul 20 09:20:38 UTC 2026
Cache sync 15 at Mon Jul 20 09:20:38 UTC 2026
Cache sync 16 at Mon Jul 20 09:20:38 UTC 2026
Cache sync 17 at Mon Jul 20 09:20:38 UTC 2026
Cache sync 18 at Mon Jul 20 09:20:38 UTC 2026
Cache sync 19 at Mon Jul 20 09:20:38 UTC 2026
Cache sync 20 at Mon Jul 20 09:20:38 UTC 2026
Cache sync 21 at Mon Jul 20 09:20:38 UTC 2026
Cache sync 22 at Mon Jul 20 09:20:38 UTC 2026
Cache sync 23 at Mon Jul 20 09:20:38 UTC 2026
Cache sync 24 at Mon Jul 20 09:20:38 UTC 2026
Cache sync 25 at Mon Jul 20 09:20:38 UTC 2026
Cache sync 26 at Mon Jul 20 09:20:38 UTC 2026
Cache sync 27 at Mon Jul 20 09:20:38 UTC 2026
Cache sync 28 at Mon Jul 20 09:20:38 UTC 2026
Cache sync 29 at Mon Jul 20 09:20:38 UTC 2026
Cache sync 30 at Mon Jul 20 09:20:38 UTC 2026
Cache sync 31 at Mon Jul 20 09:20:38 UTC 2026
Cache sync 32 at Mon Jul 20 09:20:38 UTC 2026
Cache sync 33 at Mon Jul 20 09:20:38 UTC 2026
Cache sync 34 at Mon Jul 20 09:20:38 UTC 2026
Cache sync 35 at Mon Jul 20 09:20:38 UTC 2026
Cache sync 36 at Mon Jul 20 09:20:38 UTC 2026
Cache sync 37 at Mon Jul 20 09:20:38 UTC 2026
Cache sync 38 at Mon Jul 20 09:20:38 UTC 2026
Cache sync 39 at Mon Jul 20 09:20:38 UTC 2026
Cache sync 40 at Mon Jul 20 09:20:39 UTC 2026
Cache sync 41 at Mon Jul 20 09:20:39 UTC 2026
Cache sync 42 at Mon Jul 20 09:20:39 UTC 2026
Cache sync 43 at Mon Jul 20 09:20:39 UTC 2026
Cache sync 44 at Mon Jul 20 09:20:39 UTC 2026
Cache sync 45 at Mon Jul 20 09:20:39 UTC 2026
Cache sync 46 at Mon Jul 20 09:20:39 UTC 2026
Cache sync 47 at Mon Jul 20 09:20:39 UTC 2026
Cache sync 48 at Mon Jul 20 09:20:39 UTC 2026
Cache sync 49 at Mon Jul 20 09:20:39 UTC 2026
Cache sync 50 at Mon Jul 20 09:20:39 UTC 2026
Cache sync 51 at Mon Jul 20 09:20:39 UTC 2026
Cache sync 52 at Mon Jul 20 09:20:39 UTC 2026
Cache sync 53 at Mon Jul 20 09:20:39 UTC 2026
Cache sync 54 at Mon Jul 20 09:20:39 UTC 2026
Cache sync 55 at Mon Jul 20 09:20:39 UTC 2026
Cache sync 56 at Mon Jul 20 09:20:39 UTC 2026
Cache sync 57 at Mon Jul 20 09:20:39 UTC 2026
Cache sync 58 at Mon Jul 20 09:20:39 UTC 2026
Cache sync 59 at Mon Jul 20 09:20:39 UTC 2026
Cache sync 60 at Mon Jul 20 09:20:39 UTC 2026
Cache sync 61 at Mon Jul 20 09:20:39 UTC 2026
Cache sync 62 at Mon Jul 20 09:20:39 UTC 2026
Cache sync 63 at Mon Jul 20 09:20:39 UTC 2026
Cache sync 64 at Mon Jul 20 09:20:39 UTC 2026
Cache sync 65 at Mon Jul 20 09:20:39 UTC 2026
Cache sync 66 at Mon Jul 20 09:20:39 UTC 2026
Cache sync 67 at Mon Jul 20 09:20:39 UTC 2026
Cache sync 68 at Mon Jul 20 09:20:39 UTC 2026
Cache sync 69 at Mon Jul 20 09:20:39 UTC 2026
Cache sync 70 at Mon Jul 20 09:20:39 UTC 2026
Cache sync 71 at Mon Jul 20 09:20:39 UTC 2026
Cache sync 72 at Mon Jul 20 09:20:39 UTC 2026
Cache sync 73 at Mon Jul 20 09:20:39 UTC 2026
Cache sync 74 at Mon Jul 20 09:20:39 UTC 2026
Cache sync 75 at Mon Jul 20 09:20:39 UTC 2026
Cache sync 76 at Mon Jul 20 09:20:39 UTC 2026
Cache sync 77 at Mon Jul 20 09:20:39 UTC 2026
Cache sync 1 at Mon Jul 20 14:12:33 UTC 2026
Cache sync 2 at Mon Jul 20 14:12:33 UTC 2026
Cache sync 3 at Mon Jul 20 14:12:33 UTC 2026
Cache sync 4 at Mon Jul 20 14:12:33 UTC 2026
Cache sync 5 at Mon Jul 20 14:12:33 UTC 2026
Cache sync 6 at Mon Jul 20 14:12:33 UTC 2026
Cache sync 7 at Mon Jul 20 14:12:33 UTC 2026
Cache sync 8 at Mon Jul 20 14:12:33 UTC 2026
Cache sync 9 at Mon Jul 20 14:12:33 UTC 2026
Cache sync 10 at Mon Jul 20 14:12:33 UTC 2026
Cache sync 1 at Mon Jul 20 19:46:43 UTC 2026
Cache sync 1 at Tue Jul 21 02:55:55 UTC 2026
Cache sync 2 at Tue Jul 21 02:55:55 UTC 2026
Cache sync 3 at Tue Jul 21 02:55:55 UTC 2026
Cache sync 4 at Tue Jul 21 02:55:55 UTC 2026
Cache sync 5 at Tue Jul 21 02:55:55 UTC 2026
Cache sync 6 at Tue Jul 21 02:55:55 UTC 2026
Cache sync 7 at Tue Jul 21 02:55:55 UTC 2026
Cache sync 8 at Tue Jul 21 02:55:55 UTC 2026
Cache sync 9 at Tue Jul 21 02:55:55 UTC 2026
Cache sync 10 at Tue Jul 21 02:55:55 UTC 2026
Cache sync 11 at Tue Jul 21 02:55:55 UTC 2026
Cache sync 12 at Tue Jul 21 02:55:55 UTC 2026
Cache sync 13 at Tue Jul 21 02:55:55 UTC 2026
Cache sync 14 at Tue Jul 21 02:55:55 UTC 2026
Cache sync 15 at Tue Jul 21 02:55:55 UTC 2026
Cache sync 16 at Tue Jul 21 02:55:55 UTC 2026
Cache sync 17 at Tue Jul 21 02:55:55 UTC 2026
Cache sync 1 at Tue Jul 21 08:34:16 UTC 2026
Cache sync 2 at Tue Jul 21 08:34:16 UTC 2026
Cache sync 3 at Tue Jul 21 08:34:16 UTC 2026
Cache sync 4 at Tue Jul 21 08:34:16 UTC 2026
Cache sync 5 at Tue Jul 21 08:34:16 UTC 2026
Cache sync 6 at Tue Jul 21 08:34:16 UTC 2026
Cache sync 7 at Tue Jul 21 08:34:16 UTC 2026
Cache sync 8 at Tue Jul 21 08:34:16 UTC 2026
Cache sync 9 at Tue Jul 21 08:34:16 UTC 2026
Cache sync 10 at Tue Jul 21 08:34:16 UTC 2026
Cache sync 11 at Tue Jul 21 08:34:16 UTC 2026
Cache sync 12 at Tue Jul 21 08:34:16 UTC 2026
Cache sync 13 at Tue Jul 21 08:34:16 UTC 2026
Cache sync 14 at Tue Jul 21 08:34:16 UTC 2026
Cache sync 15 at Tue Jul 21 08:34:16 UTC 2026
Cache sync 16 at Tue Jul 21 08:34:16 UTC 2026
Cache sync 17 at Tue Jul 21 08:34:16 UTC 2026
Cache sync 18 at Tue Jul 21 08:34:16 UTC 2026
Cache sync 19 at Tue Jul 21 08:34:16 UTC 2026
Cache sync 20 at Tue Jul 21 08:34:16 UTC 2026
Cache sync 21 at Tue Jul 21 08:34:16 UTC 2026
Cache sync 22 at Tue Jul 21 08:34:16 UTC 2026
Cache sync 23 at Tue Jul 21 08:34:16 UTC 2026
Cache sync 24 at Tue Jul 21 08:34:16 UTC 2026
Cache sync 25 at Tue Jul 21 08:34:16 UTC 2026
Cache sync 26 at Tue Jul 21 08:34:17 UTC 2026
Cache sync 27 at Tue Jul 21 08:34:17 UTC 2026
Cache sync 28 at Tue Jul 21 08:34:17 UTC 2026
Cache sync 29 at Tue Jul 21 08:34:17 UTC 2026
Cache sync 30 at Tue Jul 21 08:34:17 UTC 2026
Cache sync 31 at Tue Jul 21 08:34:17 UTC 2026
Cache sync 32 at Tue Jul 21 08:34:17 UTC 2026
Cache sync 33 at Tue Jul 21 08:34:17 UTC 2026
Cache sync 34 at Tue Jul 21 08:34:17 UTC 2026
Cache sync 35 at Tue Jul 21 08:34:17 UTC 2026
Cache sync 36 at Tue Jul 21 08:34:17 UTC 2026
Cache sync 37 at Tue Jul 21 08:34:17 UTC 2026
Cache sync 38 at Tue Jul 21 08:34:17 UTC 2026
Cache sync 1 at Tue Jul 21 13:59:46 UTC 2026
Cache sync 2 at Tue Jul 21 13:59:46 UTC 2026
Cache sync 3 at Tue Jul 21 13:59:46 UTC 2026
Cache sync 4 at Tue Jul 21 13:59:46 UTC 2026
Cache sync 5 at Tue Jul 21 13:59:46 UTC 2026
Cache sync 6 at Tue Jul 21 13:59:46 UTC 2026
Cache sync 7 at Tue Jul 21 13:59:46 UTC 2026
Cache sync 8 at Tue Jul 21 13:59:46 UTC 2026
Cache sync 9 at Tue Jul 21 13:59:46 UTC 2026
Cache sync 10 at Tue Jul 21 13:59:46 UTC 2026
Cache sync 11 at Tue Jul 21 13:59:46 UTC 2026
Cache sync 12 at Tue Jul 21 13:59:46 UTC 2026
Cache sync 13 at Tue Jul 21 13:59:46 UTC 2026
Cache sync 14 at Tue Jul 21 13:59:46 UTC 2026
Cache sync 15 at Tue Jul 21 13:59:46 UTC 2026
Cache sync 16 at Tue Jul 21 13:59:46 UTC 2026
Cache sync 17 at Tue Jul 21 13:59:46 UTC 2026
Cache sync 18 at Tue Jul 21 13:59:46 UTC 2026
Cache sync 19 at Tue Jul 21 13:59:46 UTC 2026
Cache sync 20 at Tue Jul 21 13:59:46 UTC 2026
Cache sync 21 at Tue Jul 21 13:59:46 UTC 2026
Cache sync 22 at Tue Jul 21 13:59:46 UTC 2026
Cache sync 23 at Tue Jul 21 13:59:46 UTC 2026
Cache sync 24 at Tue Jul 21 13:59:46 UTC 2026
Cache sync 25 at Tue Jul 21 13:59:46 UTC 2026
Cache sync 26 at Tue Jul 21 13:59:46 UTC 2026
Cache sync 27 at Tue Jul 21 13:59:46 UTC 2026
Cache sync 28 at Tue Jul 21 13:59:46 UTC 2026
Cache sync 29 at Tue Jul 21 13:59:46 UTC 2026
Cache sync 30 at Tue Jul 21 13:59:46 UTC 2026
Cache sync 31 at Tue Jul 21 13:59:46 UTC 2026
Cache sync 32 at Tue Jul 21 13:59:46 UTC 2026
Cache sync 33 at Tue Jul 21 13:59:46 UTC 2026
Cache sync 34 at Tue Jul 21 13:59:46 UTC 2026
Cache sync 35 at Tue Jul 21 13:59:46 UTC 2026
Cache sync 36 at Tue Jul 21 13:59:46 UTC 2026
Cache sync 37 at Tue Jul 21 13:59:46 UTC 2026
Cache sync 38 at Tue Jul 21 13:59:46 UTC 2026
Cache sync 39 at Tue Jul 21 13:59:46 UTC 2026
Cache sync 40 at Tue Jul 21 13:59:46 UTC 2026
Cache sync 41 at Tue Jul 21 13:59:46 UTC 2026
Cache sync 42 at Tue Jul 21 13:59:46 UTC 2026
Cache sync 43 at Tue Jul 21 13:59:46 UTC 2026
Cache sync 44 at Tue Jul 21 13:59:46 UTC 2026
Cache sync 45 at Tue Jul 21 13:59:46 UTC 2026
Cache sync 46 at Tue Jul 21 13:59:46 UTC 2026
Cache sync 47 at Tue Jul 21 13:59:46 UTC 2026
Cache sync 48 at Tue Jul 21 13:59:46 UTC 2026
Cache sync 49 at Tue Jul 21 13:59:46 UTC 2026
Cache sync 50 at Tue Jul 21 13:59:46 UTC 2026
Cache sync 51 at Tue Jul 21 13:59:46 UTC 2026
Cache sync 52 at Tue Jul 21 13:59:46 UTC 2026
Cache sync 53 at Tue Jul 21 13:59:46 UTC 2026
Cache sync 54 at Tue Jul 21 13:59:46 UTC 2026
Cache sync 55 at Tue Jul 21 13:59:46 UTC 2026
Cache sync 56 at Tue Jul 21 13:59:47 UTC 2026
Cache sync 57 at Tue Jul 21 13:59:47 UTC 2026
Cache sync 58 at Tue Jul 21 13:59:47 UTC 2026
Cache sync 59 at Tue Jul 21 13:59:47 UTC 2026
Cache sync 60 at Tue Jul 21 13:59:47 UTC 2026
Cache sync 61 at Tue Jul 21 13:59:47 UTC 2026
Cache sync 62 at Tue Jul 21 13:59:47 UTC 2026
Cache sync 63 at Tue Jul 21 13:59:47 UTC 2026
Cache sync 64 at Tue Jul 21 13:59:47 UTC 2026
Cache sync 65 at Tue Jul 21 13:59:47 UTC 2026
Cache sync 66 at Tue Jul 21 13:59:47 UTC 2026
Cache sync 67 at Tue Jul 21 13:59:47 UTC 2026
Cache sync 68 at Tue Jul 21 13:59:47 UTC 2026
Cache sync 69 at Tue Jul 21 13:59:47 UTC 2026
Cache sync 70 at Tue Jul 21 13:59:47 UTC 2026
Cache sync 71 at Tue Jul 21 13:59:47 UTC 2026
Cache sync 72 at Tue Jul 21 13:59:47 UTC 2026
Cache sync 73 at Tue Jul 21 13:59:47 UTC 2026
Cache sync 74 at Tue Jul 21 13:59:47 UTC 2026
Cache sync 75 at Tue Jul 21 13:59:47 UTC 2026
Cache sync 76 at Tue Jul 21 13:59:47 UTC 2026
Cache sync 77 at Tue Jul 21 13:59:47 UTC 2026
Cache sync 78 at Tue Jul 21 13:59:47 UTC 2026
Cache sync 79 at Tue Jul 21 13:59:47 UTC 2026
Cache sync 80 at Tue Jul 21 13:59:47 UTC 2026
Cache sync 1 at Tue Jul 21 19:35:57 UTC 2026
Cache sync 2 at Tue Jul 21 19:35:57 UTC 2026
Cache sync 3 at Tue Jul 21 19:35:57 UTC 2026
Cache sync 4 at Tue Jul 21 19:35:57 UTC 2026
Cache sync 5 at Tue Jul 21 19:35:57 UTC 2026
Cache sync 6 at Tue Jul 21 19:35:57 UTC 2026
Cache sync 7 at Tue Jul 21 19:35:57 UTC 2026
Cache sync 8 at Tue Jul 21 19:35:57 UTC 2026
Cache sync 9 at Tue Jul 21 19:35:57 UTC 2026
Cache sync 10 at Tue Jul 21 19:35:57 UTC 2026
Cache sync 11 at Tue Jul 21 19:35:57 UTC 2026
Cache sync 12 at Tue Jul 21 19:35:57 UTC 2026
Cache sync 13 at Tue Jul 21 19:35:57 UTC 2026
Cache sync 14 at Tue Jul 21 19:35:57 UTC 2026
Cache sync 15 at Tue Jul 21 19:35:57 UTC 2026
Cache sync 16 at Tue Jul 21 19:35:57 UTC 2026
Cache sync 17 at Tue Jul 21 19:35:57 UTC 2026
Cache sync 18 at Tue Jul 21 19:35:57 UTC 2026
Cache sync 19 at Tue Jul 21 19:35:58 UTC 2026
Cache sync 20 at Tue Jul 21 19:35:58 UTC 2026
Cache sync 21 at Tue Jul 21 19:35:58 UTC 2026
Cache sync 22 at Tue Jul 21 19:35:58 UTC 2026
Cache sync 23 at Tue Jul 21 19:35:58 UTC 2026
Cache sync 24 at Tue Jul 21 19:35:58 UTC 2026
Cache sync 25 at Tue Jul 21 19:35:58 UTC 2026
Cache sync 26 at Tue Jul 21 19:35:58 UTC 2026
Cache sync 27 at Tue Jul 21 19:35:58 UTC 2026
Cache sync 28 at Tue Jul 21 19:35:58 UTC 2026
Cache sync 29 at Tue Jul 21 19:35:58 UTC 2026
Cache sync 30 at Tue Jul 21 19:35:58 UTC 2026
Cache sync 31 at Tue Jul 21 19:35:58 UTC 2026
Cache sync 32 at Tue Jul 21 19:35:58 UTC 2026
Cache sync 33 at Tue Jul 21 19:35:58 UTC 2026
Cache sync 34 at Tue Jul 21 19:35:58 UTC 2026
Cache sync 35 at Tue Jul 21 19:35:58 UTC 2026
Cache sync 36 at Tue Jul 21 19:35:58 UTC 2026
Cache sync 37 at Tue Jul 21 19:35:58 UTC 2026
Cache sync 38 at Tue Jul 21 19:35:58 UTC 2026
Cache sync 39 at Tue Jul 21 19:35:58 UTC 2026
Cache sync 40 at Tue Jul 21 19:35:58 UTC 2026
Cache sync 41 at Tue Jul 21 19:35:58 UTC 2026
Cache sync 42 at Tue Jul 21 19:35:58 UTC 2026
Cache sync 43 at Tue Jul 21 19:35:58 UTC 2026
Cache sync 44 at Tue Jul 21 19:35:58 UTC 2026
Cache sync 45 at Tue Jul 21 19:35:58 UTC 2026
Cache sync 46 at Tue Jul 21 19:35:58 UTC 2026
Cache sync 47 at Tue Jul 21 19:35:58 UTC 2026
Cache sync 48 at Tue Jul 21 19:35:58 UTC 2026
Cache sync 49 at Tue Jul 21 19:35:58 UTC 2026
Cache sync 50 at Tue Jul 21 19:35:58 UTC 2026
Cache sync 51 at Tue Jul 21 19:35:58 UTC 2026
Cache sync 52 at Tue Jul 21 19:35:58 UTC 2026
Cache sync 53 at Tue Jul 21 19:35:58 UTC 2026
Cache sync 54 at Tue Jul 21 19:35:58 UTC 2026
Cache sync 55 at Tue Jul 21 19:35:58 UTC 2026
Cache sync 56 at Tue Jul 21 19:35:58 UTC 2026
Cache sync 57 at Tue Jul 21 19:35:58 UTC 2026
Cache sync 58 at Tue Jul 21 19:35:58 UTC 2026
Cache sync 59 at Tue Jul 21 19:35:58 UTC 2026
Cache sync 60 at Tue Jul 21 19:35:58 UTC 2026
Cache sync 61 at Tue Jul 21 19:35:58 UTC 2026
Cache sync 62 at Tue Jul 21 19:35:58 UTC 2026
Cache sync 63 at Tue Jul 21 19:35:58 UTC 2026
Cache sync 64 at Tue Jul 21 19:35:58 UTC 2026
Cache sync 65 at Tue Jul 21 19:35:59 UTC 2026
Cache sync 66 at Tue Jul 21 19:35:59 UTC 2026
Cache sync 1 at Wed Jul 22 02:53:40 UTC 2026
Cache sync 2 at Wed Jul 22 02:53:40 UTC 2026
Cache sync 3 at Wed Jul 22 02:53:40 UTC 2026
Cache sync 4 at Wed Jul 22 02:53:40 UTC 2026
Cache sync 5 at Wed Jul 22 02:53:40 UTC 2026
Cache sync 6 at Wed Jul 22 02:53:40 UTC 2026
Cache sync 7 at Wed Jul 22 02:53:40 UTC 2026
Cache sync 8 at Wed Jul 22 02:53:40 UTC 2026
Cache sync 9 at Wed Jul 22 02:53:40 UTC 2026
Cache sync 10 at Wed Jul 22 02:53:40 UTC 2026
Cache sync 11 at Wed Jul 22 02:53:40 UTC 2026
Cache sync 12 at Wed Jul 22 02:53:40 UTC 2026
Cache sync 13 at Wed Jul 22 02:53:40 UTC 2026
Cache sync 14 at Wed Jul 22 02:53:40 UTC 2026
Cache sync 15 at Wed Jul 22 02:53:40 UTC 2026
Cache sync 16 at Wed Jul 22 02:53:40 UTC 2026
Cache sync 17 at Wed Jul 22 02:53:40 UTC 2026
Cache sync 18 at Wed Jul 22 02:53:40 UTC 2026
Cache sync 19 at Wed Jul 22 02:53:40 UTC 2026
Cache sync 20 at Wed Jul 22 02:53:40 UTC 2026
Cache sync 21 at Wed Jul 22 02:53:40 UTC 2026
Cache sync 22 at Wed Jul 22 02:53:40 UTC 2026
Cache sync 23 at Wed Jul 22 02:53:40 UTC 2026
Cache sync 1 at Wed Jul 22 08:33:24 UTC 2026
Cache sync 2 at Wed Jul 22 08:33:24 UTC 2026
Cache sync 3 at Wed Jul 22 08:33:24 UTC 2026
Cache sync 4 at Wed Jul 22 08:33:24 UTC 2026
Cache sync 5 at Wed Jul 22 08:33:24 UTC 2026
Cache sync 1 at Wed Jul 22 19:25:06 UTC 2026
Cache sync 2 at Wed Jul 22 19:25:06 UTC 2026
Cache sync 3 at Wed Jul 22 19:25:06 UTC 2026
Cache sync 4 at Wed Jul 22 19:25:06 UTC 2026
Cache sync 5 at Wed Jul 22 19:25:06 UTC 2026
Cache sync 6 at Wed Jul 22 19:25:06 UTC 2026
Cache sync 7 at Wed Jul 22 19:25:06 UTC 2026
Cache sync 8 at Wed Jul 22 19:25:06 UTC 2026
Cache sync 9 at Wed Jul 22 19:25:06 UTC 2026
Cache sync 10 at Wed Jul 22 19:25:06 UTC 2026
Cache sync 11 at Wed Jul 22 19:25:06 UTC 2026
Cache sync 12 at Wed Jul 22 19:25:06 UTC 2026
Cache sync 13 at Wed Jul 22 19:25:07 UTC 2026
Cache sync 14 at Wed Jul 22 19:25:07 UTC 2026
Cache sync 15 at Wed Jul 22 19:25:07 UTC 2026
Cache sync 16 at Wed Jul 22 19:25:07 UTC 2026
Cache sync 17 at Wed Jul 22 19:25:07 UTC 2026
Cache sync 18 at Wed Jul 22 19:25:07 UTC 2026
Cache sync 19 at Wed Jul 22 19:25:07 UTC 2026
Cache sync 20 at Wed Jul 22 19:25:07 UTC 2026
Cache sync 21 at Wed Jul 22 19:25:07 UTC 2026
Cache sync 22 at Wed Jul 22 19:25:07 UTC 2026
Cache sync 23 at Wed Jul 22 19:25:07 UTC 2026
Cache sync 24 at Wed Jul 22 19:25:07 UTC 2026
Cache sync 25 at Wed Jul 22 19:25:07 UTC 2026
Cache sync 26 at Wed Jul 22 19:25:07 UTC 2026
Cache sync 27 at Wed Jul 22 19:25:07 UTC 2026
Cache sync 28 at Wed Jul 22 19:25:07 UTC 2026
Cache sync 29 at Wed Jul 22 19:25:07 UTC 2026
Cache sync 30 at Wed Jul 22 19:25:07 UTC 2026
Cache sync 31 at Wed Jul 22 19:25:07 UTC 2026
Cache sync 32 at Wed Jul 22 19:25:07 UTC 2026
Cache sync 33 at Wed Jul 22 19:25:07 UTC 2026
Cache sync 34 at Wed Jul 22 19:25:07 UTC 2026
Cache sync 35 at Wed Jul 22 19:25:07 UTC 2026
Cache sync 1 at Thu Jul 23 03:15:23 UTC 2026
Cache sync 2 at Thu Jul 23 03:15:23 UTC 2026
Cache sync 3 at Thu Jul 23 03:15:23 UTC 2026
Cache sync 4 at Thu Jul 23 03:15:23 UTC 2026
Cache sync 5 at Thu Jul 23 03:15:23 UTC 2026
Cache sync 6 at Thu Jul 23 03:15:23 UTC 2026
Cache sync 7 at Thu Jul 23 03:15:23 UTC 2026
Cache sync 8 at Thu Jul 23 03:15:23 UTC 2026
Cache sync 9 at Thu Jul 23 03:15:23 UTC 2026
Cache sync 10 at Thu Jul 23 03:15:23 UTC 2026
Cache sync 11 at Thu Jul 23 03:15:23 UTC 2026
Cache sync 12 at Thu Jul 23 03:15:23 UTC 2026
Cache sync 13 at Thu Jul 23 03:15:23 UTC 2026
Cache sync 14 at Thu Jul 23 03:15:23 UTC 2026
Cache sync 15 at Thu Jul 23 03:15:23 UTC 2026
Cache sync 16 at Thu Jul 23 03:15:23 UTC 2026
Cache sync 17 at Thu Jul 23 03:15:23 UTC 2026
Cache sync 18 at Thu Jul 23 03:15:23 UTC 2026
Cache sync 19 at Thu Jul 23 03:15:23 UTC 2026
Cache sync 20 at Thu Jul 23 03:15:23 UTC 2026
Cache sync 21 at Thu Jul 23 03:15:23 UTC 2026
Cache sync 22 at Thu Jul 23 03:15:23 UTC 2026
Cache sync 23 at Thu Jul 23 03:15:23 UTC 2026
Cache sync 24 at Thu Jul 23 03:15:23 UTC 2026
Cache sync 25 at Thu Jul 23 03:15:23 UTC 2026
Cache sync 26 at Thu Jul 23 03:15:23 UTC 2026
Cache sync 27 at Thu Jul 23 03:15:23 UTC 2026
Cache sync 28 at Thu Jul 23 03:15:23 UTC 2026
Cache sync 29 at Thu Jul 23 03:15:23 UTC 2026
Cache sync 30 at Thu Jul 23 03:15:23 UTC 2026
Cache sync 31 at Thu Jul 23 03:15:23 UTC 2026
Cache sync 32 at Thu Jul 23 03:15:23 UTC 2026
Cache sync 33 at Thu Jul 23 03:15:23 UTC 2026
Cache sync 34 at Thu Jul 23 03:15:23 UTC 2026
Cache sync 35 at Thu Jul 23 03:15:23 UTC 2026
Cache sync 36 at Thu Jul 23 03:15:23 UTC 2026
Cache sync 37 at Thu Jul 23 03:15:23 UTC 2026
Cache sync 38 at Thu Jul 23 03:15:23 UTC 2026
Cache sync 39 at Thu Jul 23 03:15:23 UTC 2026
Cache sync 40 at Thu Jul 23 03:15:23 UTC 2026
Cache sync 41 at Thu Jul 23 03:15:23 UTC 2026
Cache sync 42 at Thu Jul 23 03:15:23 UTC 2026
Cache sync 43 at Thu Jul 23 03:15:23 UTC 2026
Cache sync 44 at Thu Jul 23 03:15:24 UTC 2026
Cache sync 45 at Thu Jul 23 03:15:24 UTC 2026
Cache sync 46 at Thu Jul 23 03:15:24 UTC 2026
Cache sync 47 at Thu Jul 23 03:15:24 UTC 2026
Cache sync 48 at Thu Jul 23 03:15:24 UTC 2026
Cache sync 49 at Thu Jul 23 03:15:24 UTC 2026
Cache sync 50 at Thu Jul 23 03:15:24 UTC 2026
Cache sync 51 at Thu Jul 23 03:15:24 UTC 2026
Cache sync 52 at Thu Jul 23 03:15:24 UTC 2026
Cache sync 53 at Thu Jul 23 03:15:24 UTC 2026
Cache sync 54 at Thu Jul 23 03:15:24 UTC 2026
Cache sync 55 at Thu Jul 23 03:15:24 UTC 2026
Cache sync 56 at Thu Jul 23 03:15:24 UTC 2026
Cache sync 57 at Thu Jul 23 03:15:24 UTC 2026
Cache sync 58 at Thu Jul 23 03:15:24 UTC 2026
Cache sync 59 at Thu Jul 23 03:15:24 UTC 2026
Cache sync 60 at Thu Jul 23 03:15:24 UTC 2026
Cache sync 61 at Thu Jul 23 03:15:24 UTC 2026
Cache sync 62 at Thu Jul 23 03:15:24 UTC 2026
Cache sync 63 at Thu Jul 23 03:15:24 UTC 2026
Cache sync 64 at Thu Jul 23 03:15:24 UTC 2026
Cache sync 65 at Thu Jul 23 03:15:24 UTC 2026
Cache sync 1 at Thu Jul 23 08:34:39 UTC 2026
Cache sync 2 at Thu Jul 23 08:34:39 UTC 2026
Cache sync 3 at Thu Jul 23 08:34:39 UTC 2026
Cache sync 4 at Thu Jul 23 08:34:39 UTC 2026
Cache sync 5 at Thu Jul 23 08:34:39 UTC 2026
Cache sync 6 at Thu Jul 23 08:34:39 UTC 2026
Cache sync 7 at Thu Jul 23 08:34:39 UTC 2026
Cache sync 8 at Thu Jul 23 08:34:39 UTC 2026
Cache sync 9 at Thu Jul 23 08:34:39 UTC 2026
Cache sync 10 at Thu Jul 23 08:34:39 UTC 2026
Cache sync 11 at Thu Jul 23 08:34:39 UTC 2026
Cache sync 12 at Thu Jul 23 08:34:39 UTC 2026
Cache sync 13 at Thu Jul 23 08:34:39 UTC 2026
Cache sync 14 at Thu Jul 23 08:34:39 UTC 2026
Cache sync 15 at Thu Jul 23 08:34:39 UTC 2026
Cache sync 16 at Thu Jul 23 08:34:39 UTC 2026
Cache sync 17 at Thu Jul 23 08:34:39 UTC 2026
Cache sync 18 at Thu Jul 23 08:34:39 UTC 2026
Cache sync 19 at Thu Jul 23 08:34:39 UTC 2026
Cache sync 20 at Thu Jul 23 08:34:39 UTC 2026
Cache sync 21 at Thu Jul 23 08:34:39 UTC 2026
Cache sync 22 at Thu Jul 23 08:34:39 UTC 2026
Cache sync 23 at Thu Jul 23 08:34:39 UTC 2026
Cache sync 24 at Thu Jul 23 08:34:40 UTC 2026
Cache sync 25 at Thu Jul 23 08:34:40 UTC 2026
Cache sync 26 at Thu Jul 23 08:34:40 UTC 2026
Cache sync 27 at Thu Jul 23 08:34:40 UTC 2026
Cache sync 28 at Thu Jul 23 08:34:40 UTC 2026
Cache sync 29 at Thu Jul 23 08:34:40 UTC 2026
Cache sync 30 at Thu Jul 23 08:34:40 UTC 2026
Cache sync 31 at Thu Jul 23 08:34:40 UTC 2026
Cache sync 32 at Thu Jul 23 08:34:40 UTC 2026
Cache sync 33 at Thu Jul 23 08:34:40 UTC 2026
Cache sync 34 at Thu Jul 23 08:34:40 UTC 2026
Cache sync 35 at Thu Jul 23 08:34:40 UTC 2026
Cache sync 36 at Thu Jul 23 08:34:40 UTC 2026
Cache sync 37 at Thu Jul 23 08:34:40 UTC 2026
Cache sync 38 at Thu Jul 23 08:34:40 UTC 2026
Cache sync 39 at Thu Jul 23 08:34:40 UTC 2026
Cache sync 40 at Thu Jul 23 08:34:40 UTC 2026
Cache sync 41 at Thu Jul 23 08:34:40 UTC 2026
Cache sync 42 at Thu Jul 23 08:34:40 UTC 2026
Cache sync 43 at Thu Jul 23 08:34:40 UTC 2026
Cache sync 44 at Thu Jul 23 08:34:40 UTC 2026
Cache sync 45 at Thu Jul 23 08:34:40 UTC 2026
Cache sync 46 at Thu Jul 23 08:34:40 UTC 2026
Cache sync 47 at Thu Jul 23 08:34:40 UTC 2026
Cache sync 48 at Thu Jul 23 08:34:40 UTC 2026
Cache sync 49 at Thu Jul 23 08:34:40 UTC 2026
Cache sync 50 at Thu Jul 23 08:34:40 UTC 2026
Cache sync 51 at Thu Jul 23 08:34:40 UTC 2026
Cache sync 52 at Thu Jul 23 08:34:40 UTC 2026
Cache sync 53 at Thu Jul 23 08:34:40 UTC 2026
Cache sync 54 at Thu Jul 23 08:34:40 UTC 2026
Cache sync 55 at Thu Jul 23 08:34:40 UTC 2026
Cache sync 56 at Thu Jul 23 08:34:40 UTC 2026
Cache sync 57 at Thu Jul 23 08:34:40 UTC 2026
Cache sync 58 at Thu Jul 23 08:34:40 UTC 2026
Cache sync 59 at Thu Jul 23 08:34:40 UTC 2026
Cache sync 60 at Thu Jul 23 08:34:40 UTC 2026
Cache sync 61 at Thu Jul 23 08:34:40 UTC 2026
Cache sync 62 at Thu Jul 23 08:34:40 UTC 2026
Cache sync 63 at Thu Jul 23 08:34:40 UTC 2026
Cache sync 64 at Thu Jul 23 08:34:40 UTC 2026
Cache sync 65 at Thu Jul 23 08:34:40 UTC 2026
Cache sync 66 at Thu Jul 23 08:34:40 UTC 2026
Cache sync 67 at Thu Jul 23 08:34:40 UTC 2026
Cache sync 1 at Thu Jul 23 19:22:53 UTC 2026
Cache sync 2 at Thu Jul 23 19:22:53 UTC 2026
Cache sync 3 at Thu Jul 23 19:22:53 UTC 2026
Cache sync 4 at Thu Jul 23 19:22:53 UTC 2026
Cache sync 5 at Thu Jul 23 19:22:53 UTC 2026
Cache sync 6 at Thu Jul 23 19:22:53 UTC 2026
Cache sync 7 at Thu Jul 23 19:22:53 UTC 2026
Cache sync 8 at Thu Jul 23 19:22:53 UTC 2026
Cache sync 9 at Thu Jul 23 19:22:53 UTC 2026
Cache sync 10 at Thu Jul 23 19:22:53 UTC 2026
Cache sync 11 at Thu Jul 23 19:22:53 UTC 2026
Cache sync 12 at Thu Jul 23 19:22:53 UTC 2026
Cache sync 13 at Thu Jul 23 19:22:53 UTC 2026
Cache sync 14 at Thu Jul 23 19:22:53 UTC 2026
Cache sync 15 at Thu Jul 23 19:22:53 UTC 2026
Cache sync 16 at Thu Jul 23 19:22:53 UTC 2026
Cache sync 17 at Thu Jul 23 19:22:53 UTC 2026
Cache sync 18 at Thu Jul 23 19:22:53 UTC 2026
Cache sync 19 at Thu Jul 23 19:22:53 UTC 2026
Cache sync 20 at Thu Jul 23 19:22:53 UTC 2026
Cache sync 21 at Thu Jul 23 19:22:53 UTC 2026
Cache sync 22 at Thu Jul 23 19:22:53 UTC 2026
Cache sync 23 at Thu Jul 23 19:22:53 UTC 2026
Cache sync 24 at Thu Jul 23 19:22:53 UTC 2026
Cache sync 25 at Thu Jul 23 19:22:53 UTC 2026
Cache sync 26 at Thu Jul 23 19:22:53 UTC 2026
Cache sync 27 at Thu Jul 23 19:22:53 UTC 2026
Cache sync 28 at Thu Jul 23 19:22:53 UTC 2026
Cache sync 29 at Thu Jul 23 19:22:53 UTC 2026
Cache sync 1 at Fri Jul 24 02:54:34 UTC 2026
Cache sync 2 at Fri Jul 24 02:54:34 UTC 2026
Cache sync 3 at Fri Jul 24 02:54:34 UTC 2026
Cache sync 4 at Fri Jul 24 02:54:34 UTC 2026
Cache sync 5 at Fri Jul 24 02:54:34 UTC 2026
Cache sync 6 at Fri Jul 24 02:54:34 UTC 2026
Cache sync 7 at Fri Jul 24 02:54:34 UTC 2026
Cache sync 8 at Fri Jul 24 02:54:34 UTC 2026
Cache sync 9 at Fri Jul 24 02:54:34 UTC 2026
Cache sync 10 at Fri Jul 24 02:54:34 UTC 2026
Cache sync 11 at Fri Jul 24 02:54:34 UTC 2026
Cache sync 12 at Fri Jul 24 02:54:34 UTC 2026
Cache sync 13 at Fri Jul 24 02:54:34 UTC 2026
Cache sync 14 at Fri Jul 24 02:54:34 UTC 2026
Cache sync 15 at Fri Jul 24 02:54:34 UTC 2026
Cache sync 16 at Fri Jul 24 02:54:35 UTC 2026
Cache sync 17 at Fri Jul 24 02:54:35 UTC 2026
Cache sync 18 at Fri Jul 24 02:54:35 UTC 2026
Cache sync 19 at Fri Jul 24 02:54:35 UTC 2026
Cache sync 20 at Fri Jul 24 02:54:35 UTC 2026
Cache sync 21 at Fri Jul 24 02:54:35 UTC 2026
Cache sync 22 at Fri Jul 24 02:54:35 UTC 2026
Cache sync 23 at Fri Jul 24 02:54:35 UTC 2026
Cache sync 24 at Fri Jul 24 02:54:35 UTC 2026
Cache sync 25 at Fri Jul 24 02:54:35 UTC 2026
Cache sync 26 at Fri Jul 24 02:54:35 UTC 2026
Cache sync 27 at Fri Jul 24 02:54:35 UTC 2026
Cache sync 28 at Fri Jul 24 02:54:35 UTC 2026
Cache sync 29 at Fri Jul 24 02:54:35 UTC 2026
Cache sync 30 at Fri Jul 24 02:54:35 UTC 2026
Cache sync 31 at Fri Jul 24 02:54:35 UTC 2026
Cache sync 32 at Fri Jul 24 02:54:35 UTC 2026
Cache sync 33 at Fri Jul 24 02:54:35 UTC 2026
Cache sync 34 at Fri Jul 24 02:54:35 UTC 2026
Cache sync 35 at Fri Jul 24 02:54:35 UTC 2026
Cache sync 36 at Fri Jul 24 02:54:35 UTC 2026
Cache sync 37 at Fri Jul 24 02:54:35 UTC 2026
Cache sync 38 at Fri Jul 24 02:54:35 UTC 2026
Cache sync 39 at Fri Jul 24 02:54:35 UTC 2026
Cache sync 40 at Fri Jul 24 02:54:35 UTC 2026
Cache sync 41 at Fri Jul 24 02:54:35 UTC 2026
Cache sync 42 at Fri Jul 24 02:54:35 UTC 2026
Cache sync 43 at Fri Jul 24 02:54:35 UTC 2026
Cache sync 44 at Fri Jul 24 02:54:35 UTC 2026
Cache sync 45 at Fri Jul 24 02:54:35 UTC 2026
Cache sync 46 at Fri Jul 24 02:54:35 UTC 2026
Cache sync 47 at Fri Jul 24 02:54:36 UTC 2026
Cache sync 48 at Fri Jul 24 02:54:36 UTC 2026
Cache sync 49 at Fri Jul 24 02:54:36 UTC 2026
Cache sync 50 at Fri Jul 24 02:54:36 UTC 2026
Cache sync 51 at Fri Jul 24 02:54:36 UTC 2026
Cache sync 52 at Fri Jul 24 02:54:36 UTC 2026
Cache sync 53 at Fri Jul 24 02:54:36 UTC 2026
Cache sync 54 at Fri Jul 24 02:54:36 UTC 2026
Cache sync 55 at Fri Jul 24 02:54:36 UTC 2026
Cache sync 56 at Fri Jul 24 02:54:36 UTC 2026
Cache sync 57 at Fri Jul 24 02:54:36 UTC 2026
Cache sync 58 at Fri Jul 24 02:54:36 UTC 2026
Cache sync 59 at Fri Jul 24 02:54:36 UTC 2026
Cache sync 60 at Fri Jul 24 02:54:36 UTC 2026
Cache sync 1 at Fri Jul 24 08:31:23 UTC 2026
Cache sync 2 at Fri Jul 24 08:31:23 UTC 2026
Cache sync 3 at Fri Jul 24 08:31:23 UTC 2026
Cache sync 4 at Fri Jul 24 08:31:23 UTC 2026
Cache sync 5 at Fri Jul 24 08:31:23 UTC 2026
Cache sync 6 at Fri Jul 24 08:31:23 UTC 2026
Cache sync 7 at Fri Jul 24 08:31:23 UTC 2026
Cache sync 8 at Fri Jul 24 08:31:23 UTC 2026
Cache sync 9 at Fri Jul 24 08:31:23 UTC 2026
Cache sync 10 at Fri Jul 24 08:31:23 UTC 2026
Cache sync 11 at Fri Jul 24 08:31:23 UTC 2026
Cache sync 12 at Fri Jul 24 08:31:23 UTC 2026
Cache sync 13 at Fri Jul 24 08:31:23 UTC 2026
Cache sync 14 at Fri Jul 24 08:31:23 UTC 2026
Cache sync 15 at Fri Jul 24 08:31:23 UTC 2026
Cache sync 16 at Fri Jul 24 08:31:23 UTC 2026
Cache sync 17 at Fri Jul 24 08:31:23 UTC 2026
Cache sync 18 at Fri Jul 24 08:31:23 UTC 2026
Cache sync 19 at Fri Jul 24 08:31:23 UTC 2026
Cache sync 20 at Fri Jul 24 08:31:23 UTC 2026
Cache sync 21 at Fri Jul 24 08:31:23 UTC 2026
Cache sync 22 at Fri Jul 24 08:31:24 UTC 2026
Cache sync 23 at Fri Jul 24 08:31:24 UTC 2026
Cache sync 24 at Fri Jul 24 08:31:24 UTC 2026
Cache sync 25 at Fri Jul 24 08:31:24 UTC 2026
Cache sync 26 at Fri Jul 24 08:31:24 UTC 2026
Cache sync 27 at Fri Jul 24 08:31:24 UTC 2026
Cache sync 28 at Fri Jul 24 08:31:24 UTC 2026
Cache sync 29 at Fri Jul 24 08:31:24 UTC 2026
Cache sync 30 at Fri Jul 24 08:31:24 UTC 2026
Cache sync 31 at Fri Jul 24 08:31:24 UTC 2026
Cache sync 32 at Fri Jul 24 08:31:24 UTC 2026
Cache sync 33 at Fri Jul 24 08:31:24 UTC 2026
Cache sync 34 at Fri Jul 24 08:31:24 UTC 2026
Cache sync 35 at Fri Jul 24 08:31:24 UTC 2026
Cache sync 36 at Fri Jul 24 08:31:24 UTC 2026
Cache sync 37 at Fri Jul 24 08:31:24 UTC 2026
Cache sync 38 at Fri Jul 24 08:31:24 UTC 2026
Cache sync 39 at Fri Jul 24 08:31:24 UTC 2026
Cache sync 1 at Fri Jul 24 13:50:53 UTC 2026
Cache sync 2 at Fri Jul 24 13:50:53 UTC 2026
Cache sync 3 at Fri Jul 24 13:50:53 UTC 2026
Cache sync 4 at Fri Jul 24 13:50:53 UTC 2026
Cache sync 5 at Fri Jul 24 13:50:53 UTC 2026
Cache sync 6 at Fri Jul 24 13:50:53 UTC 2026
Cache sync 7 at Fri Jul 24 13:50:53 UTC 2026
Cache sync 8 at Fri Jul 24 13:50:53 UTC 2026
Cache sync 9 at Fri Jul 24 13:50:53 UTC 2026
Cache sync 10 at Fri Jul 24 13:50:53 UTC 2026
Cache sync 11 at Fri Jul 24 13:50:53 UTC 2026
Cache sync 12 at Fri Jul 24 13:50:53 UTC 2026
Cache sync 13 at Fri Jul 24 13:50:53 UTC 2026
Cache sync 14 at Fri Jul 24 13:50:53 UTC 2026
Cache sync 15 at Fri Jul 24 13:50:53 UTC 2026
Cache sync 16 at Fri Jul 24 13:50:53 UTC 2026
Cache sync 17 at Fri Jul 24 13:50:53 UTC 2026
Cache sync 18 at Fri Jul 24 13:50:53 UTC 2026
Cache sync 19 at Fri Jul 24 13:50:53 UTC 2026
Cache sync 20 at Fri Jul 24 13:50:53 UTC 2026
Cache sync 21 at Fri Jul 24 13:50:53 UTC 2026
Cache sync 22 at Fri Jul 24 13:50:53 UTC 2026
Cache sync 23 at Fri Jul 24 13:50:53 UTC 2026
Cache sync 24 at Fri Jul 24 13:50:53 UTC 2026
Cache sync 25 at Fri Jul 24 13:50:53 UTC 2026
Cache sync 26 at Fri Jul 24 13:50:53 UTC 2026
Cache sync 27 at Fri Jul 24 13:50:53 UTC 2026
Cache sync 28 at Fri Jul 24 13:50:53 UTC 2026
Cache sync 29 at Fri Jul 24 13:50:53 UTC 2026
Cache sync 30 at Fri Jul 24 13:50:53 UTC 2026
Cache sync 31 at Fri Jul 24 13:50:53 UTC 2026
Cache sync 32 at Fri Jul 24 13:50:53 UTC 2026
Cache sync 33 at Fri Jul 24 13:50:53 UTC 2026
Cache sync 34 at Fri Jul 24 13:50:53 UTC 2026
Cache sync 35 at Fri Jul 24 13:50:53 UTC 2026
Cache sync 36 at Fri Jul 24 13:50:53 UTC 2026
Cache sync 37 at Fri Jul 24 13:50:53 UTC 2026
Cache sync 1 at Fri Jul 24 19:34:03 UTC 2026
Cache sync 2 at Fri Jul 24 19:34:03 UTC 2026
Cache sync 3 at Fri Jul 24 19:34:03 UTC 2026
Cache sync 4 at Fri Jul 24 19:34:03 UTC 2026
Cache sync 5 at Fri Jul 24 19:34:03 UTC 2026
Cache sync 6 at Fri Jul 24 19:34:03 UTC 2026
Cache sync 7 at Fri Jul 24 19:34:03 UTC 2026
Cache sync 8 at Fri Jul 24 19:34:03 UTC 2026
Cache sync 9 at Fri Jul 24 19:34:03 UTC 2026
Cache sync 10 at Fri Jul 24 19:34:03 UTC 2026
Cache sync 11 at Fri Jul 24 19:34:03 UTC 2026
Cache sync 12 at Fri Jul 24 19:34:03 UTC 2026
Cache sync 13 at Fri Jul 24 19:34:03 UTC 2026
Cache sync 14 at Fri Jul 24 19:34:03 UTC 2026
Cache sync 15 at Fri Jul 24 19:34:03 UTC 2026
Cache sync 16 at Fri Jul 24 19:34:03 UTC 2026
Cache sync 17 at Fri Jul 24 19:34:03 UTC 2026
Cache sync 18 at Fri Jul 24 19:34:03 UTC 2026
Cache sync 19 at Fri Jul 24 19:34:03 UTC 2026
Cache sync 20 at Fri Jul 24 19:34:03 UTC 2026
Cache sync 21 at Fri Jul 24 19:34:03 UTC 2026
Cache sync 22 at Fri Jul 24 19:34:03 UTC 2026
Cache sync 23 at Fri Jul 24 19:34:03 UTC 2026
Cache sync 24 at Fri Jul 24 19:34:03 UTC 2026
Cache sync 25 at Fri Jul 24 19:34:03 UTC 2026
Cache sync 26 at Fri Jul 24 19:34:03 UTC 2026
Cache sync 27 at Fri Jul 24 19:34:03 UTC 2026
Cache sync 28 at Fri Jul 24 19:34:03 UTC 2026
Cache sync 29 at Fri Jul 24 19:34:03 UTC 2026
Cache sync 30 at Fri Jul 24 19:34:03 UTC 2026
Cache sync 31 at Fri Jul 24 19:34:03 UTC 2026
Cache sync 32 at Fri Jul 24 19:34:03 UTC 2026
Cache sync 33 at Fri Jul 24 19:34:03 UTC 2026
Cache sync 34 at Fri Jul 24 19:34:03 UTC 2026
Cache sync 35 at Fri Jul 24 19:34:03 UTC 2026
Cache sync 36 at Fri Jul 24 19:34:04 UTC 2026
Cache sync 37 at Fri Jul 24 19:34:04 UTC 2026
Cache sync 38 at Fri Jul 24 19:34:04 UTC 2026
Cache sync 1 at Sat Jul 25 02:53:51 UTC 2026
Cache sync 2 at Sat Jul 25 02:53:51 UTC 2026
Cache sync 3 at Sat Jul 25 02:53:51 UTC 2026
Cache sync 4 at Sat Jul 25 02:53:51 UTC 2026
Cache sync 5 at Sat Jul 25 02:53:51 UTC 2026
Cache sync 6 at Sat Jul 25 02:53:51 UTC 2026
Cache sync 7 at Sat Jul 25 02:53:51 UTC 2026
Cache sync 8 at Sat Jul 25 02:53:51 UTC 2026
Cache sync 9 at Sat Jul 25 02:53:51 UTC 2026
Cache sync 10 at Sat Jul 25 02:53:51 UTC 2026
Cache sync 11 at Sat Jul 25 02:53:51 UTC 2026
Cache sync 12 at Sat Jul 25 02:53:51 UTC 2026
Cache sync 13 at Sat Jul 25 02:53:51 UTC 2026
Cache sync 14 at Sat Jul 25 02:53:51 UTC 2026
Cache sync 15 at Sat Jul 25 02:53:51 UTC 2026
Cache sync 16 at Sat Jul 25 02:53:51 UTC 2026
Cache sync 17 at Sat Jul 25 02:53:51 UTC 2026
Cache sync 18 at Sat Jul 25 02:53:51 UTC 2026
Cache sync 19 at Sat Jul 25 02:53:51 UTC 2026
Cache sync 20 at Sat Jul 25 02:53:51 UTC 2026
Cache sync 21 at Sat Jul 25 02:53:51 UTC 2026
Cache sync 22 at Sat Jul 25 02:53:51 UTC 2026
Cache sync 23 at Sat Jul 25 02:53:51 UTC 2026
Cache sync 24 at Sat Jul 25 02:53:51 UTC 2026
Cache sync 25 at Sat Jul 25 02:53:51 UTC 2026
Cache sync 26 at Sat Jul 25 02:53:51 UTC 2026
Cache sync 27 at Sat Jul 25 02:53:51 UTC 2026
Cache sync 28 at Sat Jul 25 02:53:51 UTC 2026
Cache sync 29 at Sat Jul 25 02:53:51 UTC 2026
Cache sync 30 at Sat Jul 25 02:53:51 UTC 2026
Cache sync 31 at Sat Jul 25 02:53:51 UTC 2026
Cache sync 32 at Sat Jul 25 02:53:51 UTC 2026
Cache sync 33 at Sat Jul 25 02:53:51 UTC 2026
Cache sync 34 at Sat Jul 25 02:53:51 UTC 2026
Cache sync 35 at Sat Jul 25 02:53:51 UTC 2026
Cache sync 36 at Sat Jul 25 02:53:51 UTC 2026
Cache sync 37 at Sat Jul 25 02:53:51 UTC 2026
Cache sync 38 at Sat Jul 25 02:53:52 UTC 2026
Cache sync 39 at Sat Jul 25 02:53:52 UTC 2026
Cache sync 40 at Sat Jul 25 02:53:52 UTC 2026
Cache sync 41 at Sat Jul 25 02:53:52 UTC 2026
Cache sync 42 at Sat Jul 25 02:53:52 UTC 2026
Cache sync 43 at Sat Jul 25 02:53:52 UTC 2026
Cache sync 44 at Sat Jul 25 02:53:52 UTC 2026
Cache sync 45 at Sat Jul 25 02:53:52 UTC 2026
Cache sync 46 at Sat Jul 25 02:53:52 UTC 2026
Cache sync 47 at Sat Jul 25 02:53:52 UTC 2026
Cache sync 48 at Sat Jul 25 02:53:52 UTC 2026
Cache sync 49 at Sat Jul 25 02:53:52 UTC 2026
Cache sync 50 at Sat Jul 25 02:53:52 UTC 2026
Cache sync 51 at Sat Jul 25 02:53:52 UTC 2026
Cache sync 52 at Sat Jul 25 02:53:52 UTC 2026
Cache sync 53 at Sat Jul 25 02:53:52 UTC 2026
Cache sync 54 at Sat Jul 25 02:53:52 UTC 2026
Cache sync 55 at Sat Jul 25 02:53:52 UTC 2026
Cache sync 56 at Sat Jul 25 02:53:52 UTC 2026
Cache sync 57 at Sat Jul 25 02:53:52 UTC 2026
Cache sync 58 at Sat Jul 25 02:53:52 UTC 2026
Cache sync 59 at Sat Jul 25 02:53:52 UTC 2026
Cache sync 60 at Sat Jul 25 02:53:52 UTC 2026
Cache sync 61 at Sat Jul 25 02:53:52 UTC 2026
Cache sync 62 at Sat Jul 25 02:53:52 UTC 2026
Cache sync 63 at Sat Jul 25 02:53:52 UTC 2026
Cache sync 64 at Sat Jul 25 02:53:52 UTC 2026
Cache sync 65 at Sat Jul 25 02:53:52 UTC 2026
Cache sync 66 at Sat Jul 25 02:53:52 UTC 2026
Cache sync 67 at Sat Jul 25 02:53:52 UTC 2026
Cache sync 68 at Sat Jul 25 02:53:52 UTC 2026
Cache sync 69 at Sat Jul 25 02:53:52 UTC 2026
Cache sync 70 at Sat Jul 25 02:53:52 UTC 2026
Cache sync 71 at Sat Jul 25 02:53:52 UTC 2026
Cache sync 72 at Sat Jul 25 02:53:53 UTC 2026
Cache sync 73 at Sat Jul 25 02:53:53 UTC 2026
Cache sync 74 at Sat Jul 25 02:53:53 UTC 2026
Cache sync 75 at Sat Jul 25 02:53:53 UTC 2026
Cache sync 76 at Sat Jul 25 02:53:53 UTC 2026
Cache sync 77 at Sat Jul 25 02:53:53 UTC 2026
Cache sync 78 at Sat Jul 25 02:53:54 UTC 2026
Cache sync 1 at Sat Jul 25 08:10:20 UTC 2026
Cache sync 2 at Sat Jul 25 08:10:20 UTC 2026
Cache sync 3 at Sat Jul 25 08:10:20 UTC 2026
Cache sync 4 at Sat Jul 25 08:10:20 UTC 2026
Cache sync 5 at Sat Jul 25 08:10:20 UTC 2026
Cache sync 6 at Sat Jul 25 08:10:20 UTC 2026
Cache sync 7 at Sat Jul 25 08:10:20 UTC 2026
Cache sync 8 at Sat Jul 25 08:10:20 UTC 2026
Cache sync 9 at Sat Jul 25 08:10:20 UTC 2026
Cache sync 10 at Sat Jul 25 08:10:20 UTC 2026
Cache sync 11 at Sat Jul 25 08:10:20 UTC 2026
Cache sync 12 at Sat Jul 25 08:10:20 UTC 2026
Cache sync 13 at Sat Jul 25 08:10:20 UTC 2026
Cache sync 14 at Sat Jul 25 08:10:20 UTC 2026
Cache sync 15 at Sat Jul 25 08:10:20 UTC 2026
Cache sync 16 at Sat Jul 25 08:10:20 UTC 2026
Cache sync 17 at Sat Jul 25 08:10:20 UTC 2026
Cache sync 18 at Sat Jul 25 08:10:20 UTC 2026
Cache sync 1 at Sat Jul 25 13:41:31 UTC 2026
Cache sync 2 at Sat Jul 25 13:41:31 UTC 2026
Cache sync 3 at Sat Jul 25 13:41:31 UTC 2026
Cache sync 4 at Sat Jul 25 13:41:31 UTC 2026
Cache sync 5 at Sat Jul 25 13:41:31 UTC 2026
Cache sync 6 at Sat Jul 25 13:41:31 UTC 2026
Cache sync 7 at Sat Jul 25 13:41:31 UTC 2026
Cache sync 8 at Sat Jul 25 13:41:31 UTC 2026
Cache sync 9 at Sat Jul 25 13:41:31 UTC 2026
Cache sync 10 at Sat Jul 25 13:41:31 UTC 2026
Cache sync 11 at Sat Jul 25 13:41:31 UTC 2026
Cache sync 12 at Sat Jul 25 13:41:31 UTC 2026
Cache sync 13 at Sat Jul 25 13:41:31 UTC 2026
Cache sync 14 at Sat Jul 25 13:41:31 UTC 2026
Cache sync 15 at Sat Jul 25 13:41:31 UTC 2026
Cache sync 16 at Sat Jul 25 13:41:31 UTC 2026
Cache sync 17 at Sat Jul 25 13:41:31 UTC 2026
Cache sync 18 at Sat Jul 25 13:41:31 UTC 2026
Cache sync 19 at Sat Jul 25 13:41:31 UTC 2026
Cache sync 20 at Sat Jul 25 13:41:31 UTC 2026
Cache sync 21 at Sat Jul 25 13:41:31 UTC 2026
Cache sync 22 at Sat Jul 25 13:41:31 UTC 2026
Cache sync 23 at Sat Jul 25 13:41:31 UTC 2026
Cache sync 24 at Sat Jul 25 13:41:31 UTC 2026
Cache sync 25 at Sat Jul 25 13:41:31 UTC 2026
Cache sync 26 at Sat Jul 25 13:41:31 UTC 2026
Cache sync 27 at Sat Jul 25 13:41:31 UTC 2026
Cache sync 28 at Sat Jul 25 13:41:31 UTC 2026
Cache sync 29 at Sat Jul 25 13:41:31 UTC 2026
Cache sync 30 at Sat Jul 25 13:41:31 UTC 2026
Cache sync 31 at Sat Jul 25 13:41:31 UTC 2026
Cache sync 32 at Sat Jul 25 13:41:31 UTC 2026
Cache sync 33 at Sat Jul 25 13:41:31 UTC 2026
Cache sync 34 at Sat Jul 25 13:41:31 UTC 2026
Cache sync 35 at Sat Jul 25 13:41:31 UTC 2026
Cache sync 36 at Sat Jul 25 13:41:31 UTC 2026
Cache sync 37 at Sat Jul 25 13:41:31 UTC 2026
Cache sync 38 at Sat Jul 25 13:41:31 UTC 2026
Cache sync 39 at Sat Jul 25 13:41:31 UTC 2026
Cache sync 40 at Sat Jul 25 13:41:31 UTC 2026
Cache sync 41 at Sat Jul 25 13:41:31 UTC 2026
Cache sync 42 at Sat Jul 25 13:41:31 UTC 2026
Cache sync 43 at Sat Jul 25 13:41:31 UTC 2026
Cache sync 44 at Sat Jul 25 13:41:31 UTC 2026
Cache sync 45 at Sat Jul 25 13:41:31 UTC 2026
Cache sync 46 at Sat Jul 25 13:41:31 UTC 2026
Cache sync 47 at Sat Jul 25 13:41:31 UTC 2026
Cache sync 48 at Sat Jul 25 13:41:31 UTC 2026
Cache sync 49 at Sat Jul 25 13:41:31 UTC 2026
Cache sync 50 at Sat Jul 25 13:41:31 UTC 2026
Cache sync 51 at Sat Jul 25 13:41:31 UTC 2026
Cache sync 52 at Sat Jul 25 13:41:32 UTC 2026
Cache sync 53 at Sat Jul 25 13:41:32 UTC 2026
Cache sync 54 at Sat Jul 25 13:41:32 UTC 2026
Cache sync 55 at Sat Jul 25 13:41:32 UTC 2026
Cache sync 56 at Sat Jul 25 13:41:32 UTC 2026
Cache sync 57 at Sat Jul 25 13:41:32 UTC 2026
Cache sync 58 at Sat Jul 25 13:41:32 UTC 2026
Cache sync 59 at Sat Jul 25 13:41:32 UTC 2026
Cache sync 60 at Sat Jul 25 13:41:32 UTC 2026
Cache sync 61 at Sat Jul 25 13:41:32 UTC 2026
Cache sync 62 at Sat Jul 25 13:41:32 UTC 2026
Cache sync 63 at Sat Jul 25 13:41:32 UTC 2026
Cache sync 64 at Sat Jul 25 13:41:32 UTC 2026
Cache sync 65 at Sat Jul 25 13:41:32 UTC 2026
Cache sync 66 at Sat Jul 25 13:41:32 UTC 2026
Cache sync 1 at Sat Jul 25 19:12:06 UTC 2026
Cache sync 2 at Sat Jul 25 19:12:06 UTC 2026
Cache sync 3 at Sat Jul 25 19:12:06 UTC 2026
Cache sync 4 at Sat Jul 25 19:12:06 UTC 2026
Cache sync 5 at Sat Jul 25 19:12:06 UTC 2026
Cache sync 6 at Sat Jul 25 19:12:06 UTC 2026
Cache sync 7 at Sat Jul 25 19:12:06 UTC 2026
Cache sync 8 at Sat Jul 25 19:12:06 UTC 2026
Cache sync 9 at Sat Jul 25 19:12:06 UTC 2026
Cache sync 10 at Sat Jul 25 19:12:06 UTC 2026
Cache sync 11 at Sat Jul 25 19:12:06 UTC 2026
Cache sync 12 at Sat Jul 25 19:12:06 UTC 2026
Cache sync 13 at Sat Jul 25 19:12:06 UTC 2026
Cache sync 14 at Sat Jul 25 19:12:06 UTC 2026
Cache sync 15 at Sat Jul 25 19:12:06 UTC 2026
Cache sync 16 at Sat Jul 25 19:12:06 UTC 2026
Cache sync 17 at Sat Jul 25 19:12:06 UTC 2026
Cache sync 18 at Sat Jul 25 19:12:06 UTC 2026
Cache sync 19 at Sat Jul 25 19:12:06 UTC 2026
Cache sync 20 at Sat Jul 25 19:12:06 UTC 2026
Cache sync 21 at Sat Jul 25 19:12:06 UTC 2026
Cache sync 22 at Sat Jul 25 19:12:06 UTC 2026
Cache sync 23 at Sat Jul 25 19:12:06 UTC 2026
Cache sync 24 at Sat Jul 25 19:12:06 UTC 2026
Cache sync 25 at Sat Jul 25 19:12:06 UTC 2026
Cache sync 26 at Sat Jul 25 19:12:06 UTC 2026
Cache sync 27 at Sat Jul 25 19:12:06 UTC 2026
Cache sync 28 at Sat Jul 25 19:12:07 UTC 2026
Cache sync 29 at Sat Jul 25 19:12:07 UTC 2026
Cache sync 30 at Sat Jul 25 19:12:07 UTC 2026
Cache sync 31 at Sat Jul 25 19:12:07 UTC 2026
Cache sync 32 at Sat Jul 25 19:12:07 UTC 2026
Cache sync 33 at Sat Jul 25 19:12:07 UTC 2026
Cache sync 34 at Sat Jul 25 19:12:07 UTC 2026
Cache sync 35 at Sat Jul 25 19:12:07 UTC 2026
Cache sync 36 at Sat Jul 25 19:12:07 UTC 2026
Cache sync 37 at Sat Jul 25 19:12:07 UTC 2026
Cache sync 38 at Sat Jul 25 19:12:07 UTC 2026
Cache sync 39 at Sat Jul 25 19:12:07 UTC 2026
Cache sync 40 at Sat Jul 25 19:12:07 UTC 2026
Cache sync 41 at Sat Jul 25 19:12:07 UTC 2026
Cache sync 42 at Sat Jul 25 19:12:07 UTC 2026
Cache sync 43 at Sat Jul 25 19:12:07 UTC 2026
Cache sync 44 at Sat Jul 25 19:12:07 UTC 2026
Cache sync 45 at Sat Jul 25 19:12:07 UTC 2026
Cache sync 46 at Sat Jul 25 19:12:07 UTC 2026
Cache sync 47 at Sat Jul 25 19:12:07 UTC 2026
Cache sync 48 at Sat Jul 25 19:12:07 UTC 2026
Cache sync 49 at Sat Jul 25 19:12:07 UTC 2026
Cache sync 50 at Sat Jul 25 19:12:07 UTC 2026
Cache sync 51 at Sat Jul 25 19:12:07 UTC 2026
Cache sync 52 at Sat Jul 25 19:12:07 UTC 2026
Cache sync 53 at Sat Jul 25 19:12:07 UTC 2026
Cache sync 54 at Sat Jul 25 19:12:07 UTC 2026
Cache sync 55 at Sat Jul 25 19:12:07 UTC 2026
Cache sync 56 at Sat Jul 25 19:12:07 UTC 2026
Cache sync 57 at Sat Jul 25 19:12:07 UTC 2026
Cache sync 58 at Sat Jul 25 19:12:07 UTC 2026
Cache sync 59 at Sat Jul 25 19:12:07 UTC 2026
Cache sync 60 at Sat Jul 25 19:12:07 UTC 2026
Cache sync 61 at Sat Jul 25 19:12:07 UTC 2026
Cache sync 62 at Sat Jul 25 19:12:07 UTC 2026
Cache sync 63 at Sat Jul 25 19:12:07 UTC 2026
Cache sync 64 at Sat Jul 25 19:12:07 UTC 2026
Cache sync 65 at Sat Jul 25 19:12:07 UTC 2026
Cache sync 66 at Sat Jul 25 19:12:07 UTC 2026
Cache sync 67 at Sat Jul 25 19:12:07 UTC 2026
Cache sync 68 at Sat Jul 25 19:12:07 UTC 2026
Cache sync 69 at Sat Jul 25 19:12:07 UTC 2026
Cache sync 70 at Sat Jul 25 19:12:07 UTC 2026
Cache sync 1 at Sun Jul 26 03:19:40 UTC 2026
Cache sync 2 at Sun Jul 26 03:19:40 UTC 2026
Cache sync 3 at Sun Jul 26 03:19:40 UTC 2026
Cache sync 4 at Sun Jul 26 03:19:40 UTC 2026
Cache sync 5 at Sun Jul 26 03:19:40 UTC 2026
Cache sync 6 at Sun Jul 26 03:19:40 UTC 2026
Cache sync 7 at Sun Jul 26 03:19:40 UTC 2026
Cache sync 8 at Sun Jul 26 03:19:40 UTC 2026
Cache sync 9 at Sun Jul 26 03:19:40 UTC 2026
Cache sync 10 at Sun Jul 26 03:19:40 UTC 2026
Cache sync 11 at Sun Jul 26 03:19:40 UTC 2026
Cache sync 12 at Sun Jul 26 03:19:40 UTC 2026
Cache sync 13 at Sun Jul 26 03:19:40 UTC 2026
Cache sync 14 at Sun Jul 26 03:19:40 UTC 2026
Cache sync 15 at Sun Jul 26 03:19:40 UTC 2026
Cache sync 16 at Sun Jul 26 03:19:40 UTC 2026
Cache sync 17 at Sun Jul 26 03:19:40 UTC 2026
Cache sync 18 at Sun Jul 26 03:19:40 UTC 2026
Cache sync 19 at Sun Jul 26 03:19:40 UTC 2026
Cache sync 20 at Sun Jul 26 03:19:40 UTC 2026
Cache sync 21 at Sun Jul 26 03:19:40 UTC 2026
Cache sync 22 at Sun Jul 26 03:19:40 UTC 2026
Cache sync 23 at Sun Jul 26 03:19:40 UTC 2026
Cache sync 24 at Sun Jul 26 03:19:40 UTC 2026
Cache sync 25 at Sun Jul 26 03:19:40 UTC 2026
Cache sync 26 at Sun Jul 26 03:19:40 UTC 2026
Cache sync 27 at Sun Jul 26 03:19:40 UTC 2026
Cache sync 28 at Sun Jul 26 03:19:40 UTC 2026
Cache sync 29 at Sun Jul 26 03:19:40 UTC 2026
Cache sync 30 at Sun Jul 26 03:19:40 UTC 2026
Cache sync 31 at Sun Jul 26 03:19:40 UTC 2026
Cache sync 32 at Sun Jul 26 03:19:40 UTC 2026
Cache sync 33 at Sun Jul 26 03:19:40 UTC 2026
Cache sync 34 at Sun Jul 26 03:19:40 UTC 2026
Cache sync 35 at Sun Jul 26 03:19:40 UTC 2026
Cache sync 36 at Sun Jul 26 03:19:40 UTC 2026
Cache sync 37 at Sun Jul 26 03:19:40 UTC 2026
Cache sync 38 at Sun Jul 26 03:19:40 UTC 2026
Cache sync 39 at Sun Jul 26 03:19:40 UTC 2026
Cache sync 40 at Sun Jul 26 03:19:40 UTC 2026
Cache sync 41 at Sun Jul 26 03:19:40 UTC 2026
Cache sync 42 at Sun Jul 26 03:19:40 UTC 2026
Cache sync 43 at Sun Jul 26 03:19:40 UTC 2026
Cache sync 44 at Sun Jul 26 03:19:40 UTC 2026
Cache sync 45 at Sun Jul 26 03:19:40 UTC 2026
Cache sync 46 at Sun Jul 26 03:19:40 UTC 2026
Cache sync 47 at Sun Jul 26 03:19:40 UTC 2026
Cache sync 48 at Sun Jul 26 03:19:40 UTC 2026
Cache sync 49 at Sun Jul 26 03:19:40 UTC 2026
Cache sync 50 at Sun Jul 26 03:19:40 UTC 2026
Cache sync 51 at Sun Jul 26 03:19:40 UTC 2026
Cache sync 52 at Sun Jul 26 03:19:40 UTC 2026
Cache sync 53 at Sun Jul 26 03:19:40 UTC 2026
Cache sync 54 at Sun Jul 26 03:19:40 UTC 2026
Cache sync 55 at Sun Jul 26 03:19:40 UTC 2026
Cache sync 56 at Sun Jul 26 03:19:40 UTC 2026
Cache sync 57 at Sun Jul 26 03:19:40 UTC 2026
Cache sync 58 at Sun Jul 26 03:19:40 UTC 2026
Cache sync 59 at Sun Jul 26 03:19:40 UTC 2026
Cache sync 60 at Sun Jul 26 03:19:40 UTC 2026
Cache sync 1 at Sun Jul 26 13:36:09 UTC 2026
Cache sync 1 at Mon Jul 27 03:29:28 UTC 2026
Cache sync 2 at Mon Jul 27 03:29:28 UTC 2026
Cache sync 3 at Mon Jul 27 03:29:28 UTC 2026
Cache sync 4 at Mon Jul 27 03:29:28 UTC 2026
Cache sync 5 at Mon Jul 27 03:29:28 UTC 2026
Cache sync 6 at Mon Jul 27 03:29:28 UTC 2026
Cache sync 7 at Mon Jul 27 03:29:28 UTC 2026
Cache sync 8 at Mon Jul 27 03:29:28 UTC 2026
Cache sync 9 at Mon Jul 27 03:29:28 UTC 2026
Cache sync 10 at Mon Jul 27 03:29:28 UTC 2026
Cache sync 11 at Mon Jul 27 03:29:28 UTC 2026
Cache sync 12 at Mon Jul 27 03:29:28 UTC 2026
Cache sync 13 at Mon Jul 27 03:29:28 UTC 2026
Cache sync 14 at Mon Jul 27 03:29:28 UTC 2026
Cache sync 15 at Mon Jul 27 03:29:28 UTC 2026
Cache sync 16 at Mon Jul 27 03:29:28 UTC 2026
Cache sync 17 at Mon Jul 27 03:29:28 UTC 2026
Cache sync 18 at Mon Jul 27 03:29:28 UTC 2026
Cache sync 19 at Mon Jul 27 03:29:28 UTC 2026
Cache sync 20 at Mon Jul 27 03:29:28 UTC 2026
Cache sync 21 at Mon Jul 27 03:29:28 UTC 2026
Cache sync 22 at Mon Jul 27 03:29:28 UTC 2026
Cache sync 23 at Mon Jul 27 03:29:28 UTC 2026
Cache sync 24 at Mon Jul 27 03:29:28 UTC 2026
Cache sync 25 at Mon Jul 27 03:29:28 UTC 2026
Cache sync 26 at Mon Jul 27 03:29:28 UTC 2026
Cache sync 27 at Mon Jul 27 03:29:28 UTC 2026
Cache sync 28 at Mon Jul 27 03:29:28 UTC 2026
Cache sync 29 at Mon Jul 27 03:29:28 UTC 2026
Cache sync 30 at Mon Jul 27 03:29:28 UTC 2026
Cache sync 31 at Mon Jul 27 03:29:28 UTC 2026
Cache sync 32 at Mon Jul 27 03:29:28 UTC 2026
Cache sync 33 at Mon Jul 27 03:29:28 UTC 2026
Cache sync 34 at Mon Jul 27 03:29:28 UTC 2026
Cache sync 35 at Mon Jul 27 03:29:28 UTC 2026
Cache sync 36 at Mon Jul 27 03:29:28 UTC 2026
Cache sync 37 at Mon Jul 27 03:29:28 UTC 2026
Cache sync 38 at Mon Jul 27 03:29:28 UTC 2026
Cache sync 39 at Mon Jul 27 03:29:28 UTC 2026
Cache sync 40 at Mon Jul 27 03:29:28 UTC 2026
Cache sync 41 at Mon Jul 27 03:29:28 UTC 2026
Cache sync 42 at Mon Jul 27 03:29:28 UTC 2026
Cache sync 43 at Mon Jul 27 03:29:28 UTC 2026
Cache sync 44 at Mon Jul 27 03:29:28 UTC 2026
Cache sync 45 at Mon Jul 27 03:29:29 UTC 2026
Cache sync 46 at Mon Jul 27 03:29:29 UTC 2026
Cache sync 47 at Mon Jul 27 03:29:29 UTC 2026
Cache sync 48 at Mon Jul 27 03:29:29 UTC 2026
Cache sync 49 at Mon Jul 27 03:29:29 UTC 2026
Cache sync 50 at Mon Jul 27 03:29:29 UTC 2026
Cache sync 51 at Mon Jul 27 03:29:29 UTC 2026
Cache sync 52 at Mon Jul 27 03:29:29 UTC 2026
Cache sync 53 at Mon Jul 27 03:29:29 UTC 2026
Cache sync 54 at Mon Jul 27 03:29:29 UTC 2026
Cache sync 55 at Mon Jul 27 03:29:29 UTC 2026
Cache sync 56 at Mon Jul 27 03:29:29 UTC 2026
Cache sync 57 at Mon Jul 27 03:29:29 UTC 2026
Cache sync 58 at Mon Jul 27 03:29:29 UTC 2026
Cache sync 59 at Mon Jul 27 03:29:29 UTC 2026
Cache sync 60 at Mon Jul 27 03:29:29 UTC 2026
Cache sync 61 at Mon Jul 27 03:29:29 UTC 2026
Cache sync 62 at Mon Jul 27 03:29:29 UTC 2026
Cache sync 63 at Mon Jul 27 03:29:29 UTC 2026
Cache sync 64 at Mon Jul 27 03:29:29 UTC 2026
Cache sync 65 at Mon Jul 27 03:29:29 UTC 2026
Cache sync 66 at Mon Jul 27 03:29:29 UTC 2026
Cache sync 67 at Mon Jul 27 03:29:29 UTC 2026
Cache sync 68 at Mon Jul 27 03:29:29 UTC 2026
Cache sync 69 at Mon Jul 27 03:29:29 UTC 2026
Cache sync 70 at Mon Jul 27 03:29:29 UTC 2026
Cache sync 71 at Mon Jul 27 03:29:29 UTC 2026
Cache sync 72 at Mon Jul 27 03:29:29 UTC 2026
Cache sync 73 at Mon Jul 27 03:29:29 UTC 2026
Cache sync 74 at Mon Jul 27 03:29:29 UTC 2026
Cache sync 75 at Mon Jul 27 03:29:29 UTC 2026
Cache sync 76 at Mon Jul 27 03:29:29 UTC 2026
Cache sync 77 at Mon Jul 27 03:29:29 UTC 2026
Cache sync 78 at Mon Jul 27 03:29:29 UTC 2026
Cache sync 79 at Mon Jul 27 03:29:29 UTC 2026
Cache sync 80 at Mon Jul 27 03:29:29 UTC 2026
Cache sync 81 at Mon Jul 27 03:29:29 UTC 2026
Cache sync 82 at Mon Jul 27 03:29:29 UTC 2026
Cache sync 83 at Mon Jul 27 03:29:29 UTC 2026
Cache sync 84 at Mon Jul 27 03:29:29 UTC 2026
Cache sync 85 at Mon Jul 27 03:29:29 UTC 2026
Cache sync 1 at Mon Jul 27 09:56:48 UTC 2026
Cache sync 2 at Mon Jul 27 09:56:48 UTC 2026
Cache sync 3 at Mon Jul 27 09:56:48 UTC 2026
Cache sync 4 at Mon Jul 27 09:56:48 UTC 2026
Cache sync 5 at Mon Jul 27 09:56:48 UTC 2026
Cache sync 6 at Mon Jul 27 09:56:48 UTC 2026
Cache sync 7 at Mon Jul 27 09:56:48 UTC 2026
Cache sync 1 at Mon Jul 27 14:42:48 UTC 2026
Cache sync 2 at Mon Jul 27 14:42:48 UTC 2026
Cache sync 3 at Mon Jul 27 14:42:48 UTC 2026
Cache sync 4 at Mon Jul 27 14:42:48 UTC 2026
Cache sync 5 at Mon Jul 27 14:42:48 UTC 2026
Cache sync 6 at Mon Jul 27 14:42:48 UTC 2026
Cache sync 7 at Mon Jul 27 14:42:48 UTC 2026
Cache sync 8 at Mon Jul 27 14:42:48 UTC 2026
Cache sync 9 at Mon Jul 27 14:42:48 UTC 2026
Cache sync 10 at Mon Jul 27 14:42:48 UTC 2026
Cache sync 11 at Mon Jul 27 14:42:48 UTC 2026
Cache sync 12 at Mon Jul 27 14:42:48 UTC 2026
Cache sync 13 at Mon Jul 27 14:42:48 UTC 2026
Cache sync 14 at Mon Jul 27 14:42:48 UTC 2026
Cache sync 15 at Mon Jul 27 14:42:48 UTC 2026
Cache sync 16 at Mon Jul 27 14:42:48 UTC 2026
Cache sync 17 at Mon Jul 27 14:42:48 UTC 2026
Cache sync 18 at Mon Jul 27 14:42:48 UTC 2026
Cache sync 19 at Mon Jul 27 14:42:48 UTC 2026
Cache sync 20 at Mon Jul 27 14:42:48 UTC 2026
Cache sync 21 at Mon Jul 27 14:42:48 UTC 2026
Cache sync 22 at Mon Jul 27 14:42:48 UTC 2026
Cache sync 23 at Mon Jul 27 14:42:48 UTC 2026
Cache sync 24 at Mon Jul 27 14:42:48 UTC 2026
Cache sync 25 at Mon Jul 27 14:42:48 UTC 2026
Cache sync 26 at Mon Jul 27 14:42:48 UTC 2026
Cache sync 27 at Mon Jul 27 14:42:48 UTC 2026
Cache sync 28 at Mon Jul 27 14:42:48 UTC 2026
Cache sync 29 at Mon Jul 27 14:42:48 UTC 2026
Cache sync 30 at Mon Jul 27 14:42:48 UTC 2026
Cache sync 31 at Mon Jul 27 14:42:48 UTC 2026
Cache sync 32 at Mon Jul 27 14:42:48 UTC 2026
Cache sync 33 at Mon Jul 27 14:42:48 UTC 2026
Cache sync 34 at Mon Jul 27 14:42:48 UTC 2026
Cache sync 35 at Mon Jul 27 14:42:48 UTC 2026
Cache sync 36 at Mon Jul 27 14:42:48 UTC 2026
Cache sync 37 at Mon Jul 27 14:42:49 UTC 2026
Cache sync 38 at Mon Jul 27 14:42:49 UTC 2026
Cache sync 39 at Mon Jul 27 14:42:49 UTC 2026
Cache sync 40 at Mon Jul 27 14:42:49 UTC 2026
Cache sync 41 at Mon Jul 27 14:42:49 UTC 2026
Cache sync 42 at Mon Jul 27 14:42:49 UTC 2026
Cache sync 43 at Mon Jul 27 14:42:49 UTC 2026
Cache sync 44 at Mon Jul 27 14:42:49 UTC 2026
Cache sync 45 at Mon Jul 27 14:42:49 UTC 2026
Cache sync 46 at Mon Jul 27 14:42:49 UTC 2026
Cache sync 47 at Mon Jul 27 14:42:49 UTC 2026
Cache sync 48 at Mon Jul 27 14:42:49 UTC 2026
Cache sync 49 at Mon Jul 27 14:42:49 UTC 2026
Cache sync 50 at Mon Jul 27 14:42:49 UTC 2026
Cache sync 51 at Mon Jul 27 14:42:49 UTC 2026
Cache sync 52 at Mon Jul 27 14:42:49 UTC 2026
Cache sync 53 at Mon Jul 27 14:42:49 UTC 2026
Cache sync 54 at Mon Jul 27 14:42:49 UTC 2026
Cache sync 55 at Mon Jul 27 14:42:49 UTC 2026
Cache sync 56 at Mon Jul 27 14:42:49 UTC 2026
Cache sync 57 at Mon Jul 27 14:42:49 UTC 2026
Cache sync 58 at Mon Jul 27 14:42:49 UTC 2026
Cache sync 59 at Mon Jul 27 14:42:49 UTC 2026
Cache sync 60 at Mon Jul 27 14:42:49 UTC 2026
Cache sync 61 at Mon Jul 27 14:42:49 UTC 2026
Cache sync 62 at Mon Jul 27 14:42:49 UTC 2026
Cache sync 1 at Mon Jul 27 19:38:43 UTC 2026
Cache sync 2 at Mon Jul 27 19:38:43 UTC 2026
Cache sync 3 at Mon Jul 27 19:38:43 UTC 2026
Cache sync 4 at Mon Jul 27 19:38:43 UTC 2026
Cache sync 5 at Mon Jul 27 19:38:43 UTC 2026
Cache sync 6 at Mon Jul 27 19:38:43 UTC 2026
Cache sync 7 at Mon Jul 27 19:38:43 UTC 2026
Cache sync 8 at Mon Jul 27 19:38:43 UTC 2026
Cache sync 9 at Mon Jul 27 19:38:43 UTC 2026
Cache sync 10 at Mon Jul 27 19:38:43 UTC 2026
Cache sync 11 at Mon Jul 27 19:38:43 UTC 2026
Cache sync 1 at Tue Jul 28 02:46:26 UTC 2026
Cache sync 2 at Tue Jul 28 02:46:26 UTC 2026
Cache sync 3 at Tue Jul 28 02:46:26 UTC 2026
Cache sync 4 at Tue Jul 28 02:46:26 UTC 2026
Cache sync 5 at Tue Jul 28 02:46:26 UTC 2026
Cache sync 6 at Tue Jul 28 02:46:26 UTC 2026
Cache sync 7 at Tue Jul 28 02:46:26 UTC 2026
Cache sync 8 at Tue Jul 28 02:46:26 UTC 2026
Cache sync 9 at Tue Jul 28 02:46:26 UTC 2026
Cache sync 10 at Tue Jul 28 02:46:26 UTC 2026
Cache sync 11 at Tue Jul 28 02:46:26 UTC 2026
Cache sync 12 at Tue Jul 28 02:46:26 UTC 2026
Cache sync 13 at Tue Jul 28 02:46:26 UTC 2026
Cache sync 14 at Tue Jul 28 02:46:26 UTC 2026
Cache sync 15 at Tue Jul 28 02:46:26 UTC 2026
Cache sync 16 at Tue Jul 28 02:46:26 UTC 2026
Cache sync 17 at Tue Jul 28 02:46:26 UTC 2026
Cache sync 18 at Tue Jul 28 02:46:26 UTC 2026
Cache sync 19 at Tue Jul 28 02:46:26 UTC 2026
Cache sync 20 at Tue Jul 28 02:46:26 UTC 2026
Cache sync 21 at Tue Jul 28 02:46:26 UTC 2026
Cache sync 1 at Tue Jul 28 08:38:51 UTC 2026
Cache sync 2 at Tue Jul 28 08:38:51 UTC 2026
Cache sync 3 at Tue Jul 28 08:38:51 UTC 2026
Cache sync 4 at Tue Jul 28 08:38:51 UTC 2026
Cache sync 5 at Tue Jul 28 08:38:51 UTC 2026
Cache sync 6 at Tue Jul 28 08:38:51 UTC 2026
Cache sync 7 at Tue Jul 28 08:38:51 UTC 2026
Cache sync 8 at Tue Jul 28 08:38:51 UTC 2026
Cache sync 9 at Tue Jul 28 08:38:51 UTC 2026
Cache sync 10 at Tue Jul 28 08:38:51 UTC 2026
Cache sync 11 at Tue Jul 28 08:38:51 UTC 2026
Cache sync 12 at Tue Jul 28 08:38:51 UTC 2026
Cache sync 1 at Tue Jul 28 14:15:03 UTC 2026
Cache sync 2 at Tue Jul 28 14:15:03 UTC 2026
Cache sync 1 at Tue Jul 28 19:37:08 UTC 2026
Cache sync 2 at Tue Jul 28 19:37:08 UTC 2026
Cache sync 3 at Tue Jul 28 19:37:08 UTC 2026
Cache sync 4 at Tue Jul 28 19:37:08 UTC 2026
Cache sync 5 at Tue Jul 28 19:37:08 UTC 2026
Cache sync 6 at Tue Jul 28 19:37:08 UTC 2026
Cache sync 7 at Tue Jul 28 19:37:08 UTC 2026
Cache sync 8 at Tue Jul 28 19:37:08 UTC 2026
Cache sync 9 at Tue Jul 28 19:37:08 UTC 2026
Cache sync 10 at Tue Jul 28 19:37:08 UTC 2026
Cache sync 11 at Tue Jul 28 19:37:08 UTC 2026
Cache sync 12 at Tue Jul 28 19:37:08 UTC 2026
Cache sync 13 at Tue Jul 28 19:37:08 UTC 2026
Cache sync 14 at Tue Jul 28 19:37:08 UTC 2026
Cache sync 15 at Tue Jul 28 19:37:08 UTC 2026
Cache sync 16 at Tue Jul 28 19:37:08 UTC 2026
Cache sync 17 at Tue Jul 28 19:37:08 UTC 2026
Cache sync 1 at Wed Jul 29 02:53:13 UTC 2026
Cache sync 2 at Wed Jul 29 02:53:13 UTC 2026
Cache sync 3 at Wed Jul 29 02:53:13 UTC 2026
Cache sync 4 at Wed Jul 29 02:53:13 UTC 2026
Cache sync 5 at Wed Jul 29 02:53:13 UTC 2026
Cache sync 6 at Wed Jul 29 02:53:13 UTC 2026
Cache sync 7 at Wed Jul 29 02:53:14 UTC 2026
Cache sync 8 at Wed Jul 29 02:53:14 UTC 2026
Cache sync 9 at Wed Jul 29 02:53:14 UTC 2026
Cache sync 10 at Wed Jul 29 02:53:14 UTC 2026
Cache sync 11 at Wed Jul 29 02:53:14 UTC 2026
Cache sync 12 at Wed Jul 29 02:53:14 UTC 2026
Cache sync 13 at Wed Jul 29 02:53:14 UTC 2026
Cache sync 14 at Wed Jul 29 02:53:14 UTC 2026
Cache sync 15 at Wed Jul 29 02:53:14 UTC 2026
Cache sync 1 at Wed Jul 29 08:45:37 UTC 2026
Cache sync 2 at Wed Jul 29 08:45:37 UTC 2026
Cache sync 3 at Wed Jul 29 08:45:37 UTC 2026
Cache sync 4 at Wed Jul 29 08:45:37 UTC 2026
Cache sync 5 at Wed Jul 29 08:45:37 UTC 2026
Cache sync 6 at Wed Jul 29 08:45:37 UTC 2026
Cache sync 7 at Wed Jul 29 08:45:37 UTC 2026
Cache sync 8 at Wed Jul 29 08:45:37 UTC 2026
Cache sync 9 at Wed Jul 29 08:45:37 UTC 2026
Cache sync 10 at Wed Jul 29 08:45:37 UTC 2026
Cache sync 11 at Wed Jul 29 08:45:37 UTC 2026
Cache sync 12 at Wed Jul 29 08:45:37 UTC 2026
Cache sync 13 at Wed Jul 29 08:45:37 UTC 2026
Cache sync 14 at Wed Jul 29 08:45:37 UTC 2026
Cache sync 15 at Wed Jul 29 08:45:37 UTC 2026
Cache sync 16 at Wed Jul 29 08:45:37 UTC 2026
Cache sync 17 at Wed Jul 29 08:45:37 UTC 2026
Cache sync 1 at Wed Jul 29 14:17:52 UTC 2026
Cache sync 2 at Wed Jul 29 14:17:52 UTC 2026
Cache sync 3 at Wed Jul 29 14:17:52 UTC 2026
Cache sync 4 at Wed Jul 29 14:17:52 UTC 2026
Cache sync 5 at Wed Jul 29 14:17:52 UTC 2026
Cache sync 6 at Wed Jul 29 14:17:52 UTC 2026
Cache sync 7 at Wed Jul 29 14:17:52 UTC 2026
Cache sync 8 at Wed Jul 29 14:17:52 UTC 2026
Cache sync 9 at Wed Jul 29 14:17:52 UTC 2026
Cache sync 10 at Wed Jul 29 14:17:52 UTC 2026
Cache sync 11 at Wed Jul 29 14:17:52 UTC 2026
Cache sync 12 at Wed Jul 29 14:17:52 UTC 2026
Cache sync 13 at Wed Jul 29 14:17:52 UTC 2026
Cache sync 14 at Wed Jul 29 14:17:52 UTC 2026
Cache sync 15 at Wed Jul 29 14:17:53 UTC 2026
Cache sync 16 at Wed Jul 29 14:17:53 UTC 2026
Cache sync 17 at Wed Jul 29 14:17:53 UTC 2026
Cache sync 18 at Wed Jul 29 14:17:53 UTC 2026
Cache sync 19 at Wed Jul 29 14:17:53 UTC 2026
Cache sync 20 at Wed Jul 29 14:17:53 UTC 2026
Cache sync 21 at Wed Jul 29 14:17:53 UTC 2026
Cache sync 22 at Wed Jul 29 14:17:53 UTC 2026
Cache sync 23 at Wed Jul 29 14:17:53 UTC 2026
Cache sync 24 at Wed Jul 29 14:17:53 UTC 2026
Cache sync 25 at Wed Jul 29 14:17:53 UTC 2026
Cache sync 26 at Wed Jul 29 14:17:53 UTC 2026
Cache sync 27 at Wed Jul 29 14:17:53 UTC 2026
Cache sync 28 at Wed Jul 29 14:17:53 UTC 2026
Cache sync 29 at Wed Jul 29 14:17:53 UTC 2026
Cache sync 30 at Wed Jul 29 14:17:53 UTC 2026
Cache sync 31 at Wed Jul 29 14:17:53 UTC 2026
Cache sync 32 at Wed Jul 29 14:17:53 UTC 2026
Cache sync 33 at Wed Jul 29 14:17:53 UTC 2026
Cache sync 34 at Wed Jul 29 14:17:53 UTC 2026
Cache sync 35 at Wed Jul 29 14:17:53 UTC 2026
Cache sync 36 at Wed Jul 29 14:17:53 UTC 2026
Cache sync 37 at Wed Jul 29 14:17:53 UTC 2026
Cache sync 38 at Wed Jul 29 14:17:53 UTC 2026
Cache sync 39 at Wed Jul 29 14:17:53 UTC 2026
Cache sync 40 at Wed Jul 29 14:17:53 UTC 2026
Cache sync 41 at Wed Jul 29 14:17:53 UTC 2026
Cache sync 42 at Wed Jul 29 14:17:53 UTC 2026
Cache sync 1 at Wed Jul 29 19:21:07 UTC 2026
Cache sync 2 at Wed Jul 29 19:21:07 UTC 2026
Cache sync 3 at Wed Jul 29 19:21:07 UTC 2026
Cache sync 4 at Wed Jul 29 19:21:07 UTC 2026
Cache sync 5 at Wed Jul 29 19:21:07 UTC 2026
Cache sync 6 at Wed Jul 29 19:21:07 UTC 2026
Cache sync 7 at Wed Jul 29 19:21:07 UTC 2026
Cache sync 8 at Wed Jul 29 19:21:07 UTC 2026
Cache sync 9 at Wed Jul 29 19:21:07 UTC 2026
Cache sync 10 at Wed Jul 29 19:21:07 UTC 2026
Cache sync 11 at Wed Jul 29 19:21:07 UTC 2026
Cache sync 12 at Wed Jul 29 19:21:07 UTC 2026
Cache sync 13 at Wed Jul 29 19:21:07 UTC 2026
Cache sync 14 at Wed Jul 29 19:21:07 UTC 2026
Cache sync 15 at Wed Jul 29 19:21:08 UTC 2026
Cache sync 16 at Wed Jul 29 19:21:08 UTC 2026
Cache sync 17 at Wed Jul 29 19:21:08 UTC 2026
Cache sync 18 at Wed Jul 29 19:21:08 UTC 2026
Cache sync 19 at Wed Jul 29 19:21:08 UTC 2026
Cache sync 20 at Wed Jul 29 19:21:08 UTC 2026
Cache sync 21 at Wed Jul 29 19:21:08 UTC 2026
Cache sync 22 at Wed Jul 29 19:21:08 UTC 2026
Cache sync 23 at Wed Jul 29 19:21:08 UTC 2026
Cache sync 24 at Wed Jul 29 19:21:08 UTC 2026
Cache sync 25 at Wed Jul 29 19:21:08 UTC 2026
Cache sync 26 at Wed Jul 29 19:21:08 UTC 2026
Cache sync 27 at Wed Jul 29 19:21:08 UTC 2026
Cache sync 28 at Wed Jul 29 19:21:08 UTC 2026
Cache sync 29 at Wed Jul 29 19:21:08 UTC 2026
Cache sync 30 at Wed Jul 29 19:21:08 UTC 2026
Cache sync 31 at Wed Jul 29 19:21:08 UTC 2026
Cache sync 32 at Wed Jul 29 19:21:08 UTC 2026
Cache sync 33 at Wed Jul 29 19:21:08 UTC 2026
Cache sync 34 at Wed Jul 29 19:21:08 UTC 2026
Cache sync 35 at Wed Jul 29 19:21:08 UTC 2026
Cache sync 36 at Wed Jul 29 19:21:08 UTC 2026
Cache sync 37 at Wed Jul 29 19:21:08 UTC 2026
Cache sync 38 at Wed Jul 29 19:21:08 UTC 2026
Cache sync 39 at Wed Jul 29 19:21:08 UTC 2026
Cache sync 40 at Wed Jul 29 19:21:08 UTC 2026
Cache sync 41 at Wed Jul 29 19:21:08 UTC 2026
Cache sync 42 at Wed Jul 29 19:21:08 UTC 2026
Cache sync 43 at Wed Jul 29 19:21:08 UTC 2026
Cache sync 44 at Wed Jul 29 19:21:08 UTC 2026
Cache sync 45 at Wed Jul 29 19:21:08 UTC 2026
Cache sync 46 at Wed Jul 29 19:21:08 UTC 2026
Cache sync 47 at Wed Jul 29 19:21:08 UTC 2026
Cache sync 48 at Wed Jul 29 19:21:08 UTC 2026
Cache sync 49 at Wed Jul 29 19:21:08 UTC 2026
Cache sync 50 at Wed Jul 29 19:21:08 UTC 2026
Cache sync 51 at Wed Jul 29 19:21:08 UTC 2026
Cache sync 52 at Wed Jul 29 19:21:08 UTC 2026
Cache sync 53 at Wed Jul 29 19:21:08 UTC 2026
Cache sync 54 at Wed Jul 29 19:21:08 UTC 2026
Cache sync 55 at Wed Jul 29 19:21:08 UTC 2026
Cache sync 56 at Wed Jul 29 19:21:08 UTC 2026
Cache sync 57 at Wed Jul 29 19:21:08 UTC 2026
Cache sync 58 at Wed Jul 29 19:21:08 UTC 2026
Cache sync 59 at Wed Jul 29 19:21:08 UTC 2026
Cache sync 60 at Wed Jul 29 19:21:08 UTC 2026
Cache sync 61 at Wed Jul 29 19:21:08 UTC 2026
Cache sync 62 at Wed Jul 29 19:21:08 UTC 2026
Cache sync 63 at Wed Jul 29 19:21:08 UTC 2026
Cache sync 64 at Wed Jul 29 19:21:08 UTC 2026
Cache sync 65 at Wed Jul 29 19:21:09 UTC 2026
Cache sync 66 at Wed Jul 29 19:21:09 UTC 2026
Cache sync 67 at Wed Jul 29 19:21:09 UTC 2026
Cache sync 68 at Wed Jul 29 19:21:09 UTC 2026
Cache sync 69 at Wed Jul 29 19:21:09 UTC 2026
Cache sync 70 at Wed Jul 29 19:21:09 UTC 2026
Cache sync 71 at Wed Jul 29 19:21:09 UTC 2026
Cache sync 72 at Wed Jul 29 19:21:09 UTC 2026
Cache sync 73 at Wed Jul 29 19:21:09 UTC 2026
Cache sync 74 at Wed Jul 29 19:21:09 UTC 2026
Cache sync 75 at Wed Jul 29 19:21:09 UTC 2026
Cache sync 76 at Wed Jul 29 19:21:10 UTC 2026
Cache sync 77 at Wed Jul 29 19:21:10 UTC 2026
Cache sync 78 at Wed Jul 29 19:21:10 UTC 2026
Cache sync 79 at Wed Jul 29 19:21:10 UTC 2026
Cache sync 1 at Thu Jul 30 02:38:17 UTC 2026
Cache sync 2 at Thu Jul 30 02:38:17 UTC 2026
Cache sync 3 at Thu Jul 30 02:38:17 UTC 2026
Cache sync 4 at Thu Jul 30 02:38:17 UTC 2026
Cache sync 5 at Thu Jul 30 02:38:17 UTC 2026
Cache sync 6 at Thu Jul 30 02:38:17 UTC 2026
Cache sync 7 at Thu Jul 30 02:38:17 UTC 2026
Cache sync 8 at Thu Jul 30 02:38:18 UTC 2026
Cache sync 9 at Thu Jul 30 02:38:18 UTC 2026
Cache sync 10 at Thu Jul 30 02:38:18 UTC 2026
Cache sync 11 at Thu Jul 30 02:38:18 UTC 2026
Cache sync 12 at Thu Jul 30 02:38:18 UTC 2026
Cache sync 13 at Thu Jul 30 02:38:18 UTC 2026
Cache sync 14 at Thu Jul 30 02:38:18 UTC 2026
Cache sync 15 at Thu Jul 30 02:38:18 UTC 2026
Cache sync 16 at Thu Jul 30 02:38:18 UTC 2026
Cache sync 17 at Thu Jul 30 02:38:18 UTC 2026
Cache sync 18 at Thu Jul 30 02:38:18 UTC 2026
Cache sync 19 at Thu Jul 30 02:38:18 UTC 2026
Cache sync 20 at Thu Jul 30 02:38:18 UTC 2026
Cache sync 21 at Thu Jul 30 02:38:18 UTC 2026
Cache sync 22 at Thu Jul 30 02:38:18 UTC 2026
Cache sync 23 at Thu Jul 30 02:38:18 UTC 2026
Cache sync 24 at Thu Jul 30 02:38:18 UTC 2026
Cache sync 25 at Thu Jul 30 02:38:18 UTC 2026
Cache sync 26 at Thu Jul 30 02:38:18 UTC 2026
Cache sync 27 at Thu Jul 30 02:38:18 UTC 2026
Cache sync 28 at Thu Jul 30 02:38:18 UTC 2026
Cache sync 29 at Thu Jul 30 02:38:18 UTC 2026
Cache sync 30 at Thu Jul 30 02:38:18 UTC 2026
Cache sync 31 at Thu Jul 30 02:38:18 UTC 2026
Cache sync 32 at Thu Jul 30 02:38:18 UTC 2026
Cache sync 33 at Thu Jul 30 02:38:18 UTC 2026
Cache sync 34 at Thu Jul 30 02:38:18 UTC 2026
Cache sync 35 at Thu Jul 30 02:38:18 UTC 2026
Cache sync 36 at Thu Jul 30 02:38:18 UTC 2026
Cache sync 37 at Thu Jul 30 02:38:18 UTC 2026
Cache sync 38 at Thu Jul 30 02:38:18 UTC 2026
Cache sync 39 at Thu Jul 30 02:38:18 UTC 2026
Cache sync 40 at Thu Jul 30 02:38:18 UTC 2026
Cache sync 41 at Thu Jul 30 02:38:18 UTC 2026
Cache sync 42 at Thu Jul 30 02:38:18 UTC 2026
Cache sync 43 at Thu Jul 30 02:38:18 UTC 2026
Cache sync 44 at Thu Jul 30 02:38:18 UTC 2026
Cache sync 45 at Thu Jul 30 02:38:18 UTC 2026
Cache sync 46 at Thu Jul 30 02:38:18 UTC 2026
Cache sync 47 at Thu Jul 30 02:38:18 UTC 2026
Cache sync 48 at Thu Jul 30 02:38:18 UTC 2026
Cache sync 49 at Thu Jul 30 02:38:18 UTC 2026
Cache sync 50 at Thu Jul 30 02:38:18 UTC 2026
Cache sync 51 at Thu Jul 30 02:38:18 UTC 2026
Cache sync 52 at Thu Jul 30 02:38:18 UTC 2026
Cache sync 53 at Thu Jul 30 02:38:18 UTC 2026
Cache sync 54 at Thu Jul 30 02:38:18 UTC 2026
Cache sync 55 at Thu Jul 30 02:38:18 UTC 2026
Cache sync 56 at Thu Jul 30 02:38:18 UTC 2026
Cache sync 57 at Thu Jul 30 02:38:18 UTC 2026
Cache sync 58 at Thu Jul 30 02:38:18 UTC 2026
Cache sync 59 at Thu Jul 30 02:38:18 UTC 2026
Cache sync 60 at Thu Jul 30 02:38:18 UTC 2026
Cache sync 61 at Thu Jul 30 02:38:19 UTC 2026
Cache sync 62 at Thu Jul 30 02:38:19 UTC 2026
Cache sync 63 at Thu Jul 30 02:38:19 UTC 2026
Cache sync 64 at Thu Jul 30 02:38:19 UTC 2026
Cache sync 65 at Thu Jul 30 02:38:19 UTC 2026
Cache sync 66 at Thu Jul 30 02:38:19 UTC 2026
Cache sync 67 at Thu Jul 30 02:38:19 UTC 2026
Cache sync 68 at Thu Jul 30 02:38:19 UTC 2026
Cache sync 69 at Thu Jul 30 02:38:19 UTC 2026
Cache sync 70 at Thu Jul 30 02:38:19 UTC 2026
Cache sync 71 at Thu Jul 30 02:38:19 UTC 2026
Cache sync 72 at Thu Jul 30 02:38:19 UTC 2026
Cache sync 73 at Thu Jul 30 02:38:19 UTC 2026
Cache sync 74 at Thu Jul 30 02:38:19 UTC 2026
Cache sync 75 at Thu Jul 30 02:38:19 UTC 2026
Cache sync 76 at Thu Jul 30 02:38:19 UTC 2026
Cache sync 77 at Thu Jul 30 02:38:19 UTC 2026
Cache sync 78 at Thu Jul 30 02:38:19 UTC 2026
Cache sync 79 at Thu Jul 30 02:38:19 UTC 2026
Cache sync 80 at Thu Jul 30 02:38:19 UTC 2026
Cache sync 81 at Thu Jul 30 02:38:19 UTC 2026
Cache sync 82 at Thu Jul 30 02:38:19 UTC 2026
Cache sync 1 at Thu Jul 30 08:31:39 UTC 2026
Cache sync 2 at Thu Jul 30 08:31:39 UTC 2026
Cache sync 3 at Thu Jul 30 08:31:39 UTC 2026
Cache sync 4 at Thu Jul 30 08:31:39 UTC 2026
Cache sync 5 at Thu Jul 30 08:31:39 UTC 2026
Cache sync 6 at Thu Jul 30 08:31:39 UTC 2026
Cache sync 7 at Thu Jul 30 08:31:39 UTC 2026
Cache sync 8 at Thu Jul 30 08:31:39 UTC 2026
Cache sync 9 at Thu Jul 30 08:31:39 UTC 2026
Cache sync 10 at Thu Jul 30 08:31:39 UTC 2026
Cache sync 11 at Thu Jul 30 08:31:39 UTC 2026
Cache sync 12 at Thu Jul 30 08:31:39 UTC 2026
Cache sync 13 at Thu Jul 30 08:31:39 UTC 2026
Cache sync 14 at Thu Jul 30 08:31:39 UTC 2026
Cache sync 15 at Thu Jul 30 08:31:39 UTC 2026
Cache sync 16 at Thu Jul 30 08:31:39 UTC 2026
Cache sync 17 at Thu Jul 30 08:31:40 UTC 2026
Cache sync 18 at Thu Jul 30 08:31:40 UTC 2026
Cache sync 19 at Thu Jul 30 08:31:40 UTC 2026
Cache sync 20 at Thu Jul 30 08:31:40 UTC 2026
Cache sync 1 at Thu Jul 30 14:09:10 UTC 2026
Cache sync 2 at Thu Jul 30 14:09:10 UTC 2026
Cache sync 3 at Thu Jul 30 14:09:10 UTC 2026
Cache sync 4 at Thu Jul 30 14:09:10 UTC 2026
Cache sync 5 at Thu Jul 30 14:09:10 UTC 2026
Cache sync 6 at Thu Jul 30 14:09:10 UTC 2026
Cache sync 7 at Thu Jul 30 14:09:10 UTC 2026
Cache sync 8 at Thu Jul 30 14:09:10 UTC 2026
Cache sync 9 at Thu Jul 30 14:09:10 UTC 2026
Cache sync 10 at Thu Jul 30 14:09:10 UTC 2026
Cache sync 11 at Thu Jul 30 14:09:10 UTC 2026
Cache sync 12 at Thu Jul 30 14:09:10 UTC 2026
Cache sync 13 at Thu Jul 30 14:09:10 UTC 2026
Cache sync 14 at Thu Jul 30 14:09:10 UTC 2026
Cache sync 15 at Thu Jul 30 14:09:10 UTC 2026
Cache sync 16 at Thu Jul 30 14:09:10 UTC 2026
Cache sync 17 at Thu Jul 30 14:09:10 UTC 2026
Cache sync 18 at Thu Jul 30 14:09:10 UTC 2026
Cache sync 19 at Thu Jul 30 14:09:10 UTC 2026
Cache sync 20 at Thu Jul 30 14:09:10 UTC 2026
Cache sync 21 at Thu Jul 30 14:09:10 UTC 2026
Cache sync 22 at Thu Jul 30 14:09:10 UTC 2026
Cache sync 23 at Thu Jul 30 14:09:10 UTC 2026
Cache sync 24 at Thu Jul 30 14:09:11 UTC 2026
Cache sync 25 at Thu Jul 30 14:09:11 UTC 2026
Cache sync 26 at Thu Jul 30 14:09:11 UTC 2026
Cache sync 27 at Thu Jul 30 14:09:11 UTC 2026
Cache sync 28 at Thu Jul 30 14:09:11 UTC 2026
Cache sync 29 at Thu Jul 30 14:09:11 UTC 2026
Cache sync 30 at Thu Jul 30 14:09:11 UTC 2026
Cache sync 31 at Thu Jul 30 14:09:11 UTC 2026
Cache sync 32 at Thu Jul 30 14:09:11 UTC 2026
Cache sync 33 at Thu Jul 30 14:09:11 UTC 2026
Cache sync 34 at Thu Jul 30 14:09:11 UTC 2026
Cache sync 1 at Thu Jul 30 19:37:28 UTC 2026
Cache sync 2 at Thu Jul 30 19:37:28 UTC 2026
Cache sync 3 at Thu Jul 30 19:37:28 UTC 2026
Cache sync 4 at Thu Jul 30 19:37:28 UTC 2026
Cache sync 5 at Thu Jul 30 19:37:28 UTC 2026
Cache sync 6 at Thu Jul 30 19:37:28 UTC 2026
Cache sync 7 at Thu Jul 30 19:37:28 UTC 2026
Cache sync 8 at Thu Jul 30 19:37:28 UTC 2026
Cache sync 9 at Thu Jul 30 19:37:28 UTC 2026
Cache sync 1 at Fri Jul 31 03:19:21 UTC 2026
Cache sync 2 at Fri Jul 31 03:19:21 UTC 2026
Cache sync 3 at Fri Jul 31 03:19:21 UTC 2026
Cache sync 4 at Fri Jul 31 03:19:21 UTC 2026
Cache sync 5 at Fri Jul 31 03:19:21 UTC 2026
Cache sync 6 at Fri Jul 31 03:19:21 UTC 2026
Cache sync 7 at Fri Jul 31 03:19:21 UTC 2026
Cache sync 8 at Fri Jul 31 03:19:21 UTC 2026
Cache sync 9 at Fri Jul 31 03:19:21 UTC 2026
Cache sync 10 at Fri Jul 31 03:19:21 UTC 2026
Cache sync 11 at Fri Jul 31 03:19:21 UTC 2026
Cache sync 12 at Fri Jul 31 03:19:21 UTC 2026
Cache sync 13 at Fri Jul 31 03:19:21 UTC 2026
Cache sync 14 at Fri Jul 31 03:19:21 UTC 2026
Cache sync 15 at Fri Jul 31 03:19:21 UTC 2026
Cache sync 16 at Fri Jul 31 03:19:21 UTC 2026
Cache sync 17 at Fri Jul 31 03:19:21 UTC 2026
Cache sync 18 at Fri Jul 31 03:19:21 UTC 2026
Cache sync 19 at Fri Jul 31 03:19:21 UTC 2026
Cache sync 20 at Fri Jul 31 03:19:21 UTC 2026
Cache sync 21 at Fri Jul 31 03:19:21 UTC 2026
Cache sync 22 at Fri Jul 31 03:19:21 UTC 2026
Cache sync 23 at Fri Jul 31 03:19:21 UTC 2026
Cache sync 24 at Fri Jul 31 03:19:21 UTC 2026
Cache sync 25 at Fri Jul 31 03:19:21 UTC 2026
Cache sync 26 at Fri Jul 31 03:19:21 UTC 2026
Cache sync 27 at Fri Jul 31 03:19:21 UTC 2026
Cache sync 28 at Fri Jul 31 03:19:21 UTC 2026
Cache sync 29 at Fri Jul 31 03:19:21 UTC 2026
Cache sync 30 at Fri Jul 31 03:19:21 UTC 2026
Cache sync 31 at Fri Jul 31 03:19:21 UTC 2026
Cache sync 32 at Fri Jul 31 03:19:21 UTC 2026
Cache sync 33 at Fri Jul 31 03:19:21 UTC 2026
Cache sync 34 at Fri Jul 31 03:19:21 UTC 2026
Cache sync 35 at Fri Jul 31 03:19:21 UTC 2026
Cache sync 36 at Fri Jul 31 03:19:21 UTC 2026
Cache sync 37 at Fri Jul 31 03:19:21 UTC 2026
Cache sync 38 at Fri Jul 31 03:19:21 UTC 2026
Cache sync 39 at Fri Jul 31 03:19:21 UTC 2026
Cache sync 40 at Fri Jul 31 03:19:21 UTC 2026
Cache sync 41 at Fri Jul 31 03:19:21 UTC 2026
Cache sync 42 at Fri Jul 31 03:19:21 UTC 2026
Cache sync 43 at Fri Jul 31 03:19:21 UTC 2026
Cache sync 44 at Fri Jul 31 03:19:21 UTC 2026
Cache sync 45 at Fri Jul 31 03:19:21 UTC 2026
Cache sync 46 at Fri Jul 31 03:19:21 UTC 2026
Cache sync 47 at Fri Jul 31 03:19:21 UTC 2026
Cache sync 1 at Fri Jul 31 08:53:35 UTC 2026
Cache sync 2 at Fri Jul 31 08:53:35 UTC 2026
Cache sync 3 at Fri Jul 31 08:53:35 UTC 2026
Cache sync 4 at Fri Jul 31 08:53:35 UTC 2026
Cache sync 5 at Fri Jul 31 08:53:35 UTC 2026
Cache sync 6 at Fri Jul 31 08:53:35 UTC 2026
Cache sync 7 at Fri Jul 31 08:53:35 UTC 2026
Cache sync 8 at Fri Jul 31 08:53:35 UTC 2026
Cache sync 9 at Fri Jul 31 08:53:35 UTC 2026
Cache sync 10 at Fri Jul 31 08:53:35 UTC 2026
Cache sync 11 at Fri Jul 31 08:53:35 UTC 2026
Cache sync 12 at Fri Jul 31 08:53:35 UTC 2026
Cache sync 13 at Fri Jul 31 08:53:36 UTC 2026
Cache sync 14 at Fri Jul 31 08:53:36 UTC 2026
Cache sync 15 at Fri Jul 31 08:53:36 UTC 2026
Cache sync 16 at Fri Jul 31 08:53:36 UTC 2026
Cache sync 17 at Fri Jul 31 08:53:36 UTC 2026
Cache sync 18 at Fri Jul 31 08:53:36 UTC 2026
Cache sync 19 at Fri Jul 31 08:53:36 UTC 2026
Cache sync 20 at Fri Jul 31 08:53:36 UTC 2026
Cache sync 21 at Fri Jul 31 08:53:36 UTC 2026
Cache sync 22 at Fri Jul 31 08:53:36 UTC 2026
Cache sync 23 at Fri Jul 31 08:53:36 UTC 2026
Cache sync 24 at Fri Jul 31 08:53:36 UTC 2026
Cache sync 25 at Fri Jul 31 08:53:36 UTC 2026
Cache sync 26 at Fri Jul 31 08:53:36 UTC 2026
Cache sync 27 at Fri Jul 31 08:53:36 UTC 2026
Cache sync 28 at Fri Jul 31 08:53:36 UTC 2026
Cache sync 29 at Fri Jul 31 08:53:36 UTC 2026
Cache sync 30 at Fri Jul 31 08:53:36 UTC 2026
Cache sync 31 at Fri Jul 31 08:53:36 UTC 2026
Cache sync 32 at Fri Jul 31 08:53:36 UTC 2026
Cache sync 33 at Fri Jul 31 08:53:36 UTC 2026
Cache sync 34 at Fri Jul 31 08:53:36 UTC 2026
Cache sync 35 at Fri Jul 31 08:53:36 UTC 2026
Cache sync 36 at Fri Jul 31 08:53:36 UTC 2026
Cache sync 37 at Fri Jul 31 08:53:36 UTC 2026
Cache sync 38 at Fri Jul 31 08:53:36 UTC 2026
Cache sync 39 at Fri Jul 31 08:53:36 UTC 2026
Cache sync 40 at Fri Jul 31 08:53:36 UTC 2026
Cache sync 41 at Fri Jul 31 08:53:36 UTC 2026
Cache sync 42 at Fri Jul 31 08:53:36 UTC 2026
Cache sync 43 at Fri Jul 31 08:53:36 UTC 2026
Cache sync 44 at Fri Jul 31 08:53:36 UTC 2026
Cache sync 45 at Fri Jul 31 08:53:36 UTC 2026
Cache sync 46 at Fri Jul 31 08:53:36 UTC 2026
Cache sync 47 at Fri Jul 31 08:53:36 UTC 2026
Cache sync 48 at Fri Jul 31 08:53:36 UTC 2026
Cache sync 49 at Fri Jul 31 08:53:36 UTC 2026
Cache sync 50 at Fri Jul 31 08:53:36 UTC 2026
Cache sync 51 at Fri Jul 31 08:53:36 UTC 2026
Cache sync 52 at Fri Jul 31 08:53:36 UTC 2026
Cache sync 53 at Fri Jul 31 08:53:36 UTC 2026
Cache sync 54 at Fri Jul 31 08:53:36 UTC 2026
Cache sync 55 at Fri Jul 31 08:53:36 UTC 2026
Cache sync 56 at Fri Jul 31 08:53:36 UTC 2026
Cache sync 57 at Fri Jul 31 08:53:36 UTC 2026
Cache sync 58 at Fri Jul 31 08:53:36 UTC 2026
Cache sync 59 at Fri Jul 31 08:53:36 UTC 2026
Cache sync 60 at Fri Jul 31 08:53:36 UTC 2026
Cache sync 61 at Fri Jul 31 08:53:36 UTC 2026
Cache sync 62 at Fri Jul 31 08:53:36 UTC 2026
Cache sync 63 at Fri Jul 31 08:53:36 UTC 2026
Cache sync 64 at Fri Jul 31 08:53:37 UTC 2026
Cache sync 65 at Fri Jul 31 08:53:37 UTC 2026
Cache sync 66 at Fri Jul 31 08:53:37 UTC 2026
Cache sync 67 at Fri Jul 31 08:53:37 UTC 2026
Cache sync 68 at Fri Jul 31 08:53:37 UTC 2026
Cache sync 1 at Fri Jul 31 14:15:08 UTC 2026
Cache sync 2 at Fri Jul 31 14:15:08 UTC 2026
Cache sync 3 at Fri Jul 31 14:15:08 UTC 2026
Cache sync 4 at Fri Jul 31 14:15:08 UTC 2026
Cache sync 5 at Fri Jul 31 14:15:08 UTC 2026
Cache sync 6 at Fri Jul 31 14:15:08 UTC 2026
Cache sync 7 at Fri Jul 31 14:15:08 UTC 2026
Cache sync 8 at Fri Jul 31 14:15:08 UTC 2026
Cache sync 9 at Fri Jul 31 14:15:08 UTC 2026
Cache sync 10 at Fri Jul 31 14:15:08 UTC 2026
Cache sync 11 at Fri Jul 31 14:15:08 UTC 2026
Cache sync 12 at Fri Jul 31 14:15:08 UTC 2026
Cache sync 13 at Fri Jul 31 14:15:09 UTC 2026
Cache sync 14 at Fri Jul 31 14:15:09 UTC 2026
Cache sync 15 at Fri Jul 31 14:15:09 UTC 2026
Cache sync 16 at Fri Jul 31 14:15:09 UTC 2026
Cache sync 17 at Fri Jul 31 14:15:09 UTC 2026
Cache sync 18 at Fri Jul 31 14:15:09 UTC 2026
Cache sync 19 at Fri Jul 31 14:15:09 UTC 2026
Cache sync 20 at Fri Jul 31 14:15:09 UTC 2026
Cache sync 21 at Fri Jul 31 14:15:09 UTC 2026
Cache sync 22 at Fri Jul 31 14:15:09 UTC 2026
Cache sync 23 at Fri Jul 31 14:15:09 UTC 2026
Cache sync 24 at Fri Jul 31 14:15:09 UTC 2026
Cache sync 25 at Fri Jul 31 14:15:09 UTC 2026
Cache sync 26 at Fri Jul 31 14:15:09 UTC 2026
Cache sync 1 at Fri Jul 31 19:38:29 UTC 2026
Cache sync 2 at Fri Jul 31 19:38:29 UTC 2026
Cache sync 3 at Fri Jul 31 19:38:29 UTC 2026
Cache sync 4 at Fri Jul 31 19:38:29 UTC 2026
Cache sync 5 at Fri Jul 31 19:38:29 UTC 2026
Cache sync 6 at Fri Jul 31 19:38:29 UTC 2026
Cache sync 7 at Fri Jul 31 19:38:29 UTC 2026
Cache sync 8 at Fri Jul 31 19:38:29 UTC 2026
Cache sync 9 at Fri Jul 31 19:38:29 UTC 2026
Cache sync 1 at Sat Aug  1 03:18:00 UTC 2026
Cache sync 2 at Sat Aug  1 03:18:00 UTC 2026
Cache sync 3 at Sat Aug  1 03:18:00 UTC 2026
Cache sync 4 at Sat Aug  1 03:18:00 UTC 2026
Cache sync 5 at Sat Aug  1 03:18:00 UTC 2026
Cache sync 6 at Sat Aug  1 03:18:00 UTC 2026
Cache sync 7 at Sat Aug  1 03:18:00 UTC 2026
Cache sync 8 at Sat Aug  1 03:18:00 UTC 2026
Cache sync 9 at Sat Aug  1 03:18:00 UTC 2026
Cache sync 10 at Sat Aug  1 03:18:01 UTC 2026
Cache sync 11 at Sat Aug  1 03:18:01 UTC 2026
Cache sync 12 at Sat Aug  1 03:18:01 UTC 2026
Cache sync 13 at Sat Aug  1 03:18:01 UTC 2026
Cache sync 14 at Sat Aug  1 03:18:01 UTC 2026
Cache sync 15 at Sat Aug  1 03:18:01 UTC 2026
Cache sync 16 at Sat Aug  1 03:18:01 UTC 2026
Cache sync 17 at Sat Aug  1 03:18:01 UTC 2026
Cache sync 18 at Sat Aug  1 03:18:01 UTC 2026
Cache sync 19 at Sat Aug  1 03:18:01 UTC 2026
Cache sync 20 at Sat Aug  1 03:18:01 UTC 2026
Cache sync 21 at Sat Aug  1 03:18:01 UTC 2026
Cache sync 22 at Sat Aug  1 03:18:01 UTC 2026
Cache sync 23 at Sat Aug  1 03:18:01 UTC 2026
Cache sync 24 at Sat Aug  1 03:18:01 UTC 2026
Cache sync 1 at Sat Aug  1 08:25:06 UTC 2026
Cache sync 2 at Sat Aug  1 08:25:06 UTC 2026
Cache sync 3 at Sat Aug  1 08:25:06 UTC 2026
Cache sync 4 at Sat Aug  1 08:25:06 UTC 2026
Cache sync 5 at Sat Aug  1 08:25:06 UTC 2026
Cache sync 6 at Sat Aug  1 08:25:06 UTC 2026
Cache sync 7 at Sat Aug  1 08:25:06 UTC 2026
Cache sync 8 at Sat Aug  1 08:25:06 UTC 2026
Cache sync 9 at Sat Aug  1 08:25:06 UTC 2026
Cache sync 10 at Sat Aug  1 08:25:06 UTC 2026
Cache sync 11 at Sat Aug  1 08:25:06 UTC 2026
Cache sync 12 at Sat Aug  1 08:25:06 UTC 2026
Cache sync 13 at Sat Aug  1 08:25:06 UTC 2026
Cache sync 14 at Sat Aug  1 08:25:06 UTC 2026
Cache sync 15 at Sat Aug  1 08:25:06 UTC 2026
Cache sync 16 at Sat Aug  1 08:25:06 UTC 2026
Cache sync 17 at Sat Aug  1 08:25:06 UTC 2026
Cache sync 18 at Sat Aug  1 08:25:06 UTC 2026
Cache sync 19 at Sat Aug  1 08:25:06 UTC 2026
Cache sync 20 at Sat Aug  1 08:25:06 UTC 2026
Cache sync 21 at Sat Aug  1 08:25:06 UTC 2026
Cache sync 22 at Sat Aug  1 08:25:06 UTC 2026
Cache sync 23 at Sat Aug  1 08:25:06 UTC 2026
Cache sync 24 at Sat Aug  1 08:25:06 UTC 2026
Cache sync 25 at Sat Aug  1 08:25:06 UTC 2026
Cache sync 26 at Sat Aug  1 08:25:06 UTC 2026
Cache sync 27 at Sat Aug  1 08:25:06 UTC 2026
Cache sync 28 at Sat Aug  1 08:25:06 UTC 2026
Cache sync 29 at Sat Aug  1 08:25:06 UTC 2026
Cache sync 30 at Sat Aug  1 08:25:06 UTC 2026
Cache sync 31 at Sat Aug  1 08:25:06 UTC 2026
Cache sync 32 at Sat Aug  1 08:25:06 UTC 2026
Cache sync 33 at Sat Aug  1 08:25:06 UTC 2026
Cache sync 34 at Sat Aug  1 08:25:06 UTC 2026
Cache sync 35 at Sat Aug  1 08:25:06 UTC 2026
Cache sync 36 at Sat Aug  1 08:25:06 UTC 2026
Cache sync 37 at Sat Aug  1 08:25:07 UTC 2026
Cache sync 38 at Sat Aug  1 08:25:07 UTC 2026
Cache sync 39 at Sat Aug  1 08:25:07 UTC 2026
Cache sync 40 at Sat Aug  1 08:25:07 UTC 2026
Cache sync 41 at Sat Aug  1 08:25:07 UTC 2026
Cache sync 42 at Sat Aug  1 08:25:07 UTC 2026
Cache sync 43 at Sat Aug  1 08:25:07 UTC 2026
Cache sync 44 at Sat Aug  1 08:25:07 UTC 2026
Cache sync 45 at Sat Aug  1 08:25:07 UTC 2026
Cache sync 46 at Sat Aug  1 08:25:07 UTC 2026
Cache sync 47 at Sat Aug  1 08:25:07 UTC 2026
Cache sync 48 at Sat Aug  1 08:25:07 UTC 2026
Cache sync 49 at Sat Aug  1 08:25:07 UTC 2026
Cache sync 50 at Sat Aug  1 08:25:07 UTC 2026
Cache sync 51 at Sat Aug  1 08:25:07 UTC 2026
Cache sync 52 at Sat Aug  1 08:25:07 UTC 2026
Cache sync 53 at Sat Aug  1 08:25:07 UTC 2026
Cache sync 54 at Sat Aug  1 08:25:07 UTC 2026
Cache sync 55 at Sat Aug  1 08:25:07 UTC 2026
Cache sync 56 at Sat Aug  1 08:25:07 UTC 2026
Cache sync 57 at Sat Aug  1 08:25:07 UTC 2026
Cache sync 58 at Sat Aug  1 08:25:07 UTC 2026
Cache sync 1 at Sat Aug  1 13:34:18 UTC 2026
Cache sync 2 at Sat Aug  1 13:34:18 UTC 2026
Cache sync 3 at Sat Aug  1 13:34:18 UTC 2026
Cache sync 4 at Sat Aug  1 13:34:18 UTC 2026
Cache sync 5 at Sat Aug  1 13:34:18 UTC 2026
Cache sync 6 at Sat Aug  1 13:34:18 UTC 2026
Cache sync 7 at Sat Aug  1 13:34:18 UTC 2026
Cache sync 8 at Sat Aug  1 13:34:18 UTC 2026
Cache sync 9 at Sat Aug  1 13:34:18 UTC 2026
Cache sync 10 at Sat Aug  1 13:34:18 UTC 2026
Cache sync 11 at Sat Aug  1 13:34:18 UTC 2026
Cache sync 12 at Sat Aug  1 13:34:18 UTC 2026
Cache sync 13 at Sat Aug  1 13:34:18 UTC 2026
Cache sync 14 at Sat Aug  1 13:34:18 UTC 2026
Cache sync 15 at Sat Aug  1 13:34:18 UTC 2026
Cache sync 16 at Sat Aug  1 13:34:18 UTC 2026
Cache sync 17 at Sat Aug  1 13:34:18 UTC 2026
Cache sync 18 at Sat Aug  1 13:34:18 UTC 2026
Cache sync 19 at Sat Aug  1 13:34:18 UTC 2026
Cache sync 20 at Sat Aug  1 13:34:18 UTC 2026
Cache sync 21 at Sat Aug  1 13:34:18 UTC 2026
Cache sync 22 at Sat Aug  1 13:34:18 UTC 2026
Cache sync 23 at Sat Aug  1 13:34:18 UTC 2026
Cache sync 24 at Sat Aug  1 13:34:18 UTC 2026
Cache sync 25 at Sat Aug  1 13:34:18 UTC 2026
Cache sync 26 at Sat Aug  1 13:34:18 UTC 2026
Cache sync 27 at Sat Aug  1 13:34:18 UTC 2026
Cache sync 28 at Sat Aug  1 13:34:18 UTC 2026
Cache sync 29 at Sat Aug  1 13:34:18 UTC 2026
Cache sync 30 at Sat Aug  1 13:34:19 UTC 2026
Cache sync 31 at Sat Aug  1 13:34:19 UTC 2026
Cache sync 32 at Sat Aug  1 13:34:19 UTC 2026
Cache sync 33 at Sat Aug  1 13:34:19 UTC 2026
Cache sync 34 at Sat Aug  1 13:34:19 UTC 2026
Cache sync 35 at Sat Aug  1 13:34:19 UTC 2026
Cache sync 36 at Sat Aug  1 13:34:19 UTC 2026
Cache sync 37 at Sat Aug  1 13:34:19 UTC 2026
Cache sync 38 at Sat Aug  1 13:34:19 UTC 2026
Cache sync 39 at Sat Aug  1 13:34:19 UTC 2026
Cache sync 40 at Sat Aug  1 13:34:19 UTC 2026
Cache sync 41 at Sat Aug  1 13:34:19 UTC 2026
Cache sync 42 at Sat Aug  1 13:34:19 UTC 2026
Cache sync 43 at Sat Aug  1 13:34:19 UTC 2026
Cache sync 44 at Sat Aug  1 13:34:19 UTC 2026
Cache sync 45 at Sat Aug  1 13:34:19 UTC 2026
Cache sync 46 at Sat Aug  1 13:34:19 UTC 2026
Cache sync 47 at Sat Aug  1 13:34:19 UTC 2026
Cache sync 48 at Sat Aug  1 13:34:19 UTC 2026
Cache sync 49 at Sat Aug  1 13:34:19 UTC 2026
Cache sync 50 at Sat Aug  1 13:34:19 UTC 2026
Cache sync 51 at Sat Aug  1 13:34:19 UTC 2026
Cache sync 52 at Sat Aug  1 13:34:19 UTC 2026
Cache sync 53 at Sat Aug  1 13:34:19 UTC 2026
Cache sync 54 at Sat Aug  1 13:34:19 UTC 2026
Cache sync 55 at Sat Aug  1 13:34:19 UTC 2026
Cache sync 56 at Sat Aug  1 13:34:19 UTC 2026
Cache sync 57 at Sat Aug  1 13:34:19 UTC 2026
Cache sync 58 at Sat Aug  1 13:34:19 UTC 2026
Cache sync 1 at Sat Aug  1 19:12:52 UTC 2026
Cache sync 2 at Sat Aug  1 19:12:52 UTC 2026
Cache sync 3 at Sat Aug  1 19:12:52 UTC 2026
Cache sync 4 at Sat Aug  1 19:12:52 UTC 2026
Cache sync 5 at Sat Aug  1 19:12:52 UTC 2026
Cache sync 6 at Sat Aug  1 19:12:52 UTC 2026
Cache sync 7 at Sat Aug  1 19:12:52 UTC 2026
Cache sync 8 at Sat Aug  1 19:12:52 UTC 2026
Cache sync 9 at Sat Aug  1 19:12:52 UTC 2026
Cache sync 10 at Sat Aug  1 19:12:52 UTC 2026
Cache sync 11 at Sat Aug  1 19:12:52 UTC 2026
Cache sync 12 at Sat Aug  1 19:12:52 UTC 2026
Cache sync 13 at Sat Aug  1 19:12:53 UTC 2026
Cache sync 14 at Sat Aug  1 19:12:53 UTC 2026
Cache sync 15 at Sat Aug  1 19:12:53 UTC 2026
Cache sync 16 at Sat Aug  1 19:12:53 UTC 2026
Cache sync 17 at Sat Aug  1 19:12:53 UTC 2026
Cache sync 18 at Sat Aug  1 19:12:53 UTC 2026
Cache sync 19 at Sat Aug  1 19:12:53 UTC 2026
Cache sync 20 at Sat Aug  1 19:12:53 UTC 2026
Cache sync 21 at Sat Aug  1 19:12:53 UTC 2026
Cache sync 22 at Sat Aug  1 19:12:53 UTC 2026
Cache sync 23 at Sat Aug  1 19:12:53 UTC 2026
Cache sync 24 at Sat Aug  1 19:12:53 UTC 2026
Cache sync 25 at Sat Aug  1 19:12:53 UTC 2026
Cache sync 26 at Sat Aug  1 19:12:53 UTC 2026
Cache sync 27 at Sat Aug  1 19:12:53 UTC 2026
Cache sync 28 at Sat Aug  1 19:12:53 UTC 2026
Cache sync 29 at Sat Aug  1 19:12:53 UTC 2026
Cache sync 30 at Sat Aug  1 19:12:53 UTC 2026
Cache sync 31 at Sat Aug  1 19:12:53 UTC 2026
Cache sync 32 at Sat Aug  1 19:12:53 UTC 2026
Cache sync 33 at Sat Aug  1 19:12:53 UTC 2026
Cache sync 34 at Sat Aug  1 19:12:53 UTC 2026
Cache sync 35 at Sat Aug  1 19:12:53 UTC 2026
Cache sync 36 at Sat Aug  1 19:12:53 UTC 2026
Cache sync 37 at Sat Aug  1 19:12:53 UTC 2026
Cache sync 38 at Sat Aug  1 19:12:53 UTC 2026
Cache sync 39 at Sat Aug  1 19:12:53 UTC 2026
Cache sync 40 at Sat Aug  1 19:12:53 UTC 2026
Cache sync 41 at Sat Aug  1 19:12:53 UTC 2026
Cache sync 42 at Sat Aug  1 19:12:53 UTC 2026
Cache sync 43 at Sat Aug  1 19:12:53 UTC 2026
Cache sync 44 at Sat Aug  1 19:12:53 UTC 2026
Cache sync 45 at Sat Aug  1 19:12:53 UTC 2026
Cache sync 46 at Sat Aug  1 19:12:53 UTC 2026
Cache sync 47 at Sat Aug  1 19:12:54 UTC 2026
Cache sync 48 at Sat Aug  1 19:12:54 UTC 2026
Cache sync 49 at Sat Aug  1 19:12:54 UTC 2026
Cache sync 50 at Sat Aug  1 19:12:54 UTC 2026
Cache sync 51 at Sat Aug  1 19:12:54 UTC 2026
Cache sync 52 at Sat Aug  1 19:12:54 UTC 2026
Cache sync 53 at Sat Aug  1 19:12:54 UTC 2026
Cache sync 54 at Sat Aug  1 19:12:54 UTC 2026
Cache sync 55 at Sat Aug  1 19:12:54 UTC 2026
Cache sync 56 at Sat Aug  1 19:12:54 UTC 2026
Cache sync 57 at Sat Aug  1 19:12:54 UTC 2026
Cache sync 58 at Sat Aug  1 19:12:54 UTC 2026
Cache sync 59 at Sat Aug  1 19:12:54 UTC 2026
Cache sync 60 at Sat Aug  1 19:12:54 UTC 2026
Cache sync 61 at Sat Aug  1 19:12:54 UTC 2026
Cache sync 62 at Sat Aug  1 19:12:54 UTC 2026
Cache sync 63 at Sat Aug  1 19:12:54 UTC 2026
Cache sync 64 at Sat Aug  1 19:12:54 UTC 2026
Cache sync 65 at Sat Aug  1 19:12:54 UTC 2026
Cache sync 1 at Sun Aug  2 03:18:16 UTC 2026
Cache sync 2 at Sun Aug  2 03:18:16 UTC 2026
Cache sync 3 at Sun Aug  2 03:18:16 UTC 2026
Cache sync 4 at Sun Aug  2 03:18:16 UTC 2026
Cache sync 5 at Sun Aug  2 03:18:16 UTC 2026
Cache sync 6 at Sun Aug  2 03:18:16 UTC 2026
Cache sync 7 at Sun Aug  2 03:18:16 UTC 2026
Cache sync 8 at Sun Aug  2 03:18:16 UTC 2026
Cache sync 9 at Sun Aug  2 03:18:16 UTC 2026
Cache sync 10 at Sun Aug  2 03:18:16 UTC 2026
Cache sync 11 at Sun Aug  2 03:18:16 UTC 2026
Cache sync 12 at Sun Aug  2 03:18:16 UTC 2026
Cache sync 13 at Sun Aug  2 03:18:16 UTC 2026
Cache sync 14 at Sun Aug  2 03:18:16 UTC 2026
Cache sync 15 at Sun Aug  2 03:18:16 UTC 2026
Cache sync 16 at Sun Aug  2 03:18:16 UTC 2026
Cache sync 17 at Sun Aug  2 03:18:16 UTC 2026
Cache sync 18 at Sun Aug  2 03:18:16 UTC 2026
Cache sync 19 at Sun Aug  2 03:18:16 UTC 2026
Cache sync 20 at Sun Aug  2 03:18:16 UTC 2026
Cache sync 21 at Sun Aug  2 03:18:16 UTC 2026
Cache sync 22 at Sun Aug  2 03:18:16 UTC 2026
Cache sync 23 at Sun Aug  2 03:18:16 UTC 2026
Cache sync 1 at Sun Aug  2 08:27:55 UTC 2026
Cache sync 2 at Sun Aug  2 08:27:55 UTC 2026
Cache sync 3 at Sun Aug  2 08:27:55 UTC 2026
Cache sync 4 at Sun Aug  2 08:27:55 UTC 2026
Cache sync 5 at Sun Aug  2 08:27:55 UTC 2026
Cache sync 6 at Sun Aug  2 08:27:55 UTC 2026
Cache sync 7 at Sun Aug  2 08:27:55 UTC 2026
Cache sync 8 at Sun Aug  2 08:27:55 UTC 2026
Cache sync 9 at Sun Aug  2 08:27:55 UTC 2026
Cache sync 10 at Sun Aug  2 08:27:55 UTC 2026
Cache sync 11 at Sun Aug  2 08:27:55 UTC 2026
Cache sync 12 at Sun Aug  2 08:27:55 UTC 2026
Cache sync 13 at Sun Aug  2 08:27:56 UTC 2026
Cache sync 14 at Sun Aug  2 08:27:56 UTC 2026
Cache sync 15 at Sun Aug  2 08:27:56 UTC 2026
Cache sync 16 at Sun Aug  2 08:27:56 UTC 2026
Cache sync 17 at Sun Aug  2 08:27:56 UTC 2026
Cache sync 18 at Sun Aug  2 08:27:56 UTC 2026
Cache sync 19 at Sun Aug  2 08:27:56 UTC 2026
Cache sync 20 at Sun Aug  2 08:27:56 UTC 2026
Cache sync 21 at Sun Aug  2 08:27:56 UTC 2026
Cache sync 22 at Sun Aug  2 08:27:56 UTC 2026
Cache sync 23 at Sun Aug  2 08:27:56 UTC 2026
Cache sync 24 at Sun Aug  2 08:27:56 UTC 2026
Cache sync 25 at Sun Aug  2 08:27:56 UTC 2026
Cache sync 26 at Sun Aug  2 08:27:56 UTC 2026
Cache sync 27 at Sun Aug  2 08:27:56 UTC 2026
Cache sync 28 at Sun Aug  2 08:27:56 UTC 2026
Cache sync 29 at Sun Aug  2 08:27:56 UTC 2026
Cache sync 30 at Sun Aug  2 08:27:56 UTC 2026
Cache sync 31 at Sun Aug  2 08:27:56 UTC 2026
Cache sync 32 at Sun Aug  2 08:27:56 UTC 2026
Cache sync 33 at Sun Aug  2 08:27:56 UTC 2026
Cache sync 34 at Sun Aug  2 08:27:56 UTC 2026
Cache sync 35 at Sun Aug  2 08:27:56 UTC 2026
Cache sync 36 at Sun Aug  2 08:27:56 UTC 2026
Cache sync 37 at Sun Aug  2 08:27:56 UTC 2026
Cache sync 38 at Sun Aug  2 08:27:56 UTC 2026
Cache sync 39 at Sun Aug  2 08:27:56 UTC 2026
Cache sync 40 at Sun Aug  2 08:27:56 UTC 2026
Cache sync 41 at Sun Aug  2 08:27:56 UTC 2026
Cache sync 42 at Sun Aug  2 08:27:56 UTC 2026
Cache sync 43 at Sun Aug  2 08:27:56 UTC 2026
Cache sync 44 at Sun Aug  2 08:27:56 UTC 2026
Cache sync 45 at Sun Aug  2 08:27:56 UTC 2026
Cache sync 46 at Sun Aug  2 08:27:56 UTC 2026
Cache sync 47 at Sun Aug  2 08:27:56 UTC 2026
Cache sync 48 at Sun Aug  2 08:27:56 UTC 2026
Cache sync 49 at Sun Aug  2 08:27:56 UTC 2026
Cache sync 50 at Sun Aug  2 08:27:56 UTC 2026
Cache sync 51 at Sun Aug  2 08:27:56 UTC 2026
Cache sync 52 at Sun Aug  2 08:27:56 UTC 2026
Cache sync 53 at Sun Aug  2 08:27:56 UTC 2026
Cache sync 54 at Sun Aug  2 08:27:56 UTC 2026
Cache sync 55 at Sun Aug  2 08:27:56 UTC 2026
Cache sync 56 at Sun Aug  2 08:27:56 UTC 2026
Cache sync 57 at Sun Aug  2 08:27:56 UTC 2026
Cache sync 58 at Sun Aug  2 08:27:56 UTC 2026
Cache sync 59 at Sun Aug  2 08:27:56 UTC 2026
Cache sync 60 at Sun Aug  2 08:27:56 UTC 2026
Cache sync 61 at Sun Aug  2 08:27:57 UTC 2026
Cache sync 62 at Sun Aug  2 08:27:57 UTC 2026
Cache sync 63 at Sun Aug  2 08:27:57 UTC 2026
Cache sync 64 at Sun Aug  2 08:27:57 UTC 2026
Cache sync 65 at Sun Aug  2 08:27:57 UTC 2026
Cache sync 66 at Sun Aug  2 08:27:57 UTC 2026
Cache sync 67 at Sun Aug  2 08:27:57 UTC 2026
Cache sync 68 at Sun Aug  2 08:27:57 UTC 2026
Cache sync 69 at Sun Aug  2 08:27:57 UTC 2026
Cache sync 70 at Sun Aug  2 08:27:57 UTC 2026
Cache sync 71 at Sun Aug  2 08:27:57 UTC 2026
Cache sync 72 at Sun Aug  2 08:27:57 UTC 2026
Cache sync 73 at Sun Aug  2 08:27:57 UTC 2026
Cache sync 74 at Sun Aug  2 08:27:57 UTC 2026
Cache sync 75 at Sun Aug  2 08:27:57 UTC 2026
Cache sync 76 at Sun Aug  2 08:27:57 UTC 2026
Cache sync 77 at Sun Aug  2 08:27:57 UTC 2026
Cache sync 78 at Sun Aug  2 08:27:57 UTC 2026
Cache sync 79 at Sun Aug  2 08:27:57 UTC 2026
Cache sync 80 at Sun Aug  2 08:27:57 UTC 2026
Cache sync 81 at Sun Aug  2 08:27:57 UTC 2026
Cache sync 82 at Sun Aug  2 08:27:57 UTC 2026
Cache sync 1 at Sun Aug  2 19:15:02 UTC 2026
Cache sync 2 at Sun Aug  2 19:15:02 UTC 2026
Cache sync 3 at Sun Aug  2 19:15:02 UTC 2026
Cache sync 4 at Sun Aug  2 19:15:02 UTC 2026
Cache sync 5 at Sun Aug  2 19:15:02 UTC 2026
Cache sync 6 at Sun Aug  2 19:15:02 UTC 2026
Cache sync 7 at Sun Aug  2 19:15:02 UTC 2026
Cache sync 8 at Sun Aug  2 19:15:02 UTC 2026
Cache sync 9 at Sun Aug  2 19:15:02 UTC 2026
Cache sync 10 at Sun Aug  2 19:15:02 UTC 2026
Cache sync 11 at Sun Aug  2 19:15:02 UTC 2026
Cache sync 12 at Sun Aug  2 19:15:03 UTC 2026
Cache sync 13 at Sun Aug  2 19:15:03 UTC 2026
Cache sync 14 at Sun Aug  2 19:15:03 UTC 2026
Cache sync 15 at Sun Aug  2 19:15:03 UTC 2026
Cache sync 16 at Sun Aug  2 19:15:03 UTC 2026
Cache sync 17 at Sun Aug  2 19:15:03 UTC 2026
Cache sync 18 at Sun Aug  2 19:15:03 UTC 2026
Cache sync 19 at Sun Aug  2 19:15:03 UTC 2026
Cache sync 20 at Sun Aug  2 19:15:03 UTC 2026
Cache sync 21 at Sun Aug  2 19:15:03 UTC 2026
Cache sync 22 at Sun Aug  2 19:15:03 UTC 2026
Cache sync 23 at Sun Aug  2 19:15:03 UTC 2026
Cache sync 24 at Sun Aug  2 19:15:03 UTC 2026
Cache sync 25 at Sun Aug  2 19:15:03 UTC 2026
Cache sync 26 at Sun Aug  2 19:15:03 UTC 2026
Cache sync 27 at Sun Aug  2 19:15:03 UTC 2026
Cache sync 28 at Sun Aug  2 19:15:03 UTC 2026
Cache sync 29 at Sun Aug  2 19:15:03 UTC 2026
Cache sync 30 at Sun Aug  2 19:15:03 UTC 2026
Cache sync 31 at Sun Aug  2 19:15:03 UTC 2026
Cache sync 32 at Sun Aug  2 19:15:03 UTC 2026
Cache sync 33 at Sun Aug  2 19:15:03 UTC 2026
Cache sync 34 at Sun Aug  2 19:15:03 UTC 2026
Cache sync 35 at Sun Aug  2 19:15:03 UTC 2026
Cache sync 36 at Sun Aug  2 19:15:03 UTC 2026
Cache sync 37 at Sun Aug  2 19:15:03 UTC 2026
Cache sync 38 at Sun Aug  2 19:15:03 UTC 2026
Cache sync 39 at Sun Aug  2 19:15:03 UTC 2026
Cache sync 40 at Sun Aug  2 19:15:03 UTC 2026
Cache sync 41 at Sun Aug  2 19:15:03 UTC 2026
Cache sync 42 at Sun Aug  2 19:15:03 UTC 2026
Cache sync 43 at Sun Aug  2 19:15:03 UTC 2026
Cache sync 44 at Sun Aug  2 19:15:03 UTC 2026
Cache sync 45 at Sun Aug  2 19:15:03 UTC 2026
Cache sync 46 at Sun Aug  2 19:15:03 UTC 2026
Cache sync 1 at Mon Aug  3 03:20:00 UTC 2026
Cache sync 2 at Mon Aug  3 03:20:00 UTC 2026
Cache sync 3 at Mon Aug  3 03:20:00 UTC 2026
Cache sync 4 at Mon Aug  3 03:20:00 UTC 2026
Cache sync 5 at Mon Aug  3 03:20:00 UTC 2026
Cache sync 6 at Mon Aug  3 03:20:00 UTC 2026
Cache sync 7 at Mon Aug  3 03:20:00 UTC 2026
Cache sync 8 at Mon Aug  3 03:20:00 UTC 2026
Cache sync 9 at Mon Aug  3 03:20:00 UTC 2026
Cache sync 10 at Mon Aug  3 03:20:00 UTC 2026
Cache sync 11 at Mon Aug  3 03:20:00 UTC 2026
Cache sync 12 at Mon Aug  3 03:20:00 UTC 2026
Cache sync 13 at Mon Aug  3 03:20:00 UTC 2026
Cache sync 14 at Mon Aug  3 03:20:00 UTC 2026
Cache sync 15 at Mon Aug  3 03:20:00 UTC 2026
Cache sync 16 at Mon Aug  3 03:20:00 UTC 2026
Cache sync 17 at Mon Aug  3 03:20:00 UTC 2026
Cache sync 18 at Mon Aug  3 03:20:00 UTC 2026
Cache sync 19 at Mon Aug  3 03:20:00 UTC 2026
Cache sync 20 at Mon Aug  3 03:20:00 UTC 2026
Cache sync 21 at Mon Aug  3 03:20:00 UTC 2026
Cache sync 22 at Mon Aug  3 03:20:00 UTC 2026
Cache sync 23 at Mon Aug  3 03:20:00 UTC 2026
Cache sync 24 at Mon Aug  3 03:20:00 UTC 2026
Cache sync 25 at Mon Aug  3 03:20:00 UTC 2026
Cache sync 26 at Mon Aug  3 03:20:00 UTC 2026
Cache sync 27 at Mon Aug  3 03:20:00 UTC 2026
Cache sync 28 at Mon Aug  3 03:20:00 UTC 2026
Cache sync 29 at Mon Aug  3 03:20:00 UTC 2026
Cache sync 30 at Mon Aug  3 03:20:00 UTC 2026
Cache sync 31 at Mon Aug  3 03:20:00 UTC 2026
Cache sync 32 at Mon Aug  3 03:20:00 UTC 2026
Cache sync 33 at Mon Aug  3 03:20:00 UTC 2026
Cache sync 34 at Mon Aug  3 03:20:00 UTC 2026
Cache sync 35 at Mon Aug  3 03:20:00 UTC 2026
Cache sync 36 at Mon Aug  3 03:20:00 UTC 2026
Cache sync 37 at Mon Aug  3 03:20:00 UTC 2026
Cache sync 38 at Mon Aug  3 03:20:00 UTC 2026
Cache sync 39 at Mon Aug  3 03:20:00 UTC 2026
Cache sync 40 at Mon Aug  3 03:20:00 UTC 2026
Cache sync 41 at Mon Aug  3 03:20:00 UTC 2026
Cache sync 42 at Mon Aug  3 03:20:00 UTC 2026
Cache sync 43 at Mon Aug  3 03:20:00 UTC 2026
Cache sync 44 at Mon Aug  3 03:20:00 UTC 2026
Cache sync 1 at Mon Aug  3 09:51:42 UTC 2026
Cache sync 2 at Mon Aug  3 09:51:42 UTC 2026
Cache sync 3 at Mon Aug  3 09:51:42 UTC 2026
Cache sync 4 at Mon Aug  3 09:51:43 UTC 2026
Cache sync 5 at Mon Aug  3 09:51:43 UTC 2026
Cache sync 6 at Mon Aug  3 09:51:43 UTC 2026
Cache sync 7 at Mon Aug  3 09:51:43 UTC 2026
Cache sync 8 at Mon Aug  3 09:51:43 UTC 2026
Cache sync 9 at Mon Aug  3 09:51:43 UTC 2026
Cache sync 10 at Mon Aug  3 09:51:43 UTC 2026
Cache sync 11 at Mon Aug  3 09:51:43 UTC 2026
Cache sync 12 at Mon Aug  3 09:51:43 UTC 2026
Cache sync 13 at Mon Aug  3 09:51:43 UTC 2026
Cache sync 14 at Mon Aug  3 09:51:43 UTC 2026
Cache sync 15 at Mon Aug  3 09:51:43 UTC 2026
Cache sync 16 at Mon Aug  3 09:51:43 UTC 2026
Cache sync 17 at Mon Aug  3 09:51:43 UTC 2026
Cache sync 18 at Mon Aug  3 09:51:43 UTC 2026
Cache sync 19 at Mon Aug  3 09:51:43 UTC 2026
Cache sync 20 at Mon Aug  3 09:51:43 UTC 2026
Cache sync 21 at Mon Aug  3 09:51:43 UTC 2026
Cache sync 22 at Mon Aug  3 09:51:43 UTC 2026
Cache sync 23 at Mon Aug  3 09:51:43 UTC 2026
Cache sync 24 at Mon Aug  3 09:51:43 UTC 2026
Cache sync 25 at Mon Aug  3 09:51:43 UTC 2026
Cache sync 26 at Mon Aug  3 09:51:43 UTC 2026
Cache sync 27 at Mon Aug  3 09:51:43 UTC 2026
Cache sync 28 at Mon Aug  3 09:51:43 UTC 2026
Cache sync 29 at Mon Aug  3 09:51:43 UTC 2026
Cache sync 30 at Mon Aug  3 09:51:43 UTC 2026
Cache sync 31 at Mon Aug  3 09:51:43 UTC 2026
Cache sync 32 at Mon Aug  3 09:51:43 UTC 2026
Cache sync 33 at Mon Aug  3 09:51:43 UTC 2026
Cache sync 34 at Mon Aug  3 09:51:43 UTC 2026
Cache sync 35 at Mon Aug  3 09:51:43 UTC 2026
Cache sync 36 at Mon Aug  3 09:51:43 UTC 2026
Cache sync 37 at Mon Aug  3 09:51:43 UTC 2026
Cache sync 38 at Mon Aug  3 09:51:43 UTC 2026
Cache sync 39 at Mon Aug  3 09:51:43 UTC 2026
Cache sync 40 at Mon Aug  3 09:51:43 UTC 2026
Cache sync 41 at Mon Aug  3 09:51:43 UTC 2026
Cache sync 1 at Mon Aug  3 14:46:11 UTC 2026
Cache sync 2 at Mon Aug  3 14:46:11 UTC 2026
Cache sync 3 at Mon Aug  3 14:46:11 UTC 2026
Cache sync 4 at Mon Aug  3 14:46:11 UTC 2026
Cache sync 5 at Mon Aug  3 14:46:11 UTC 2026
Cache sync 6 at Mon Aug  3 14:46:11 UTC 2026
Cache sync 7 at Mon Aug  3 14:46:11 UTC 2026
Cache sync 8 at Mon Aug  3 14:46:11 UTC 2026
Cache sync 9 at Mon Aug  3 14:46:11 UTC 2026
Cache sync 10 at Mon Aug  3 14:46:11 UTC 2026
Cache sync 11 at Mon Aug  3 14:46:11 UTC 2026
Cache sync 12 at Mon Aug  3 14:46:11 UTC 2026
Cache sync 13 at Mon Aug  3 14:46:11 UTC 2026
Cache sync 14 at Mon Aug  3 14:46:11 UTC 2026
Cache sync 15 at Mon Aug  3 14:46:11 UTC 2026
Cache sync 16 at Mon Aug  3 14:46:11 UTC 2026
Cache sync 1 at Mon Aug  3 19:41:23 UTC 2026
Cache sync 2 at Mon Aug  3 19:41:23 UTC 2026
Cache sync 3 at Mon Aug  3 19:41:23 UTC 2026
Cache sync 4 at Mon Aug  3 19:41:23 UTC 2026
Cache sync 5 at Mon Aug  3 19:41:23 UTC 2026
Cache sync 6 at Mon Aug  3 19:41:23 UTC 2026
Cache sync 7 at Mon Aug  3 19:41:23 UTC 2026
Cache sync 8 at Mon Aug  3 19:41:23 UTC 2026
Cache sync 9 at Mon Aug  3 19:41:23 UTC 2026
Cache sync 10 at Mon Aug  3 19:41:23 UTC 2026
Cache sync 11 at Mon Aug  3 19:41:23 UTC 2026
Cache sync 12 at Mon Aug  3 19:41:23 UTC 2026
Cache sync 13 at Mon Aug  3 19:41:23 UTC 2026
Cache sync 14 at Mon Aug  3 19:41:23 UTC 2026
Cache sync 15 at Mon Aug  3 19:41:23 UTC 2026
Cache sync 16 at Mon Aug  3 19:41:23 UTC 2026
Cache sync 17 at Mon Aug  3 19:41:23 UTC 2026
Cache sync 18 at Mon Aug  3 19:41:23 UTC 2026
Cache sync 19 at Mon Aug  3 19:41:23 UTC 2026
Cache sync 20 at Mon Aug  3 19:41:23 UTC 2026
Cache sync 21 at Mon Aug  3 19:41:23 UTC 2026
Cache sync 22 at Mon Aug  3 19:41:23 UTC 2026
Cache sync 23 at Mon Aug  3 19:41:23 UTC 2026
Cache sync 24 at Mon Aug  3 19:41:23 UTC 2026
Cache sync 25 at Mon Aug  3 19:41:23 UTC 2026
Cache sync 26 at Mon Aug  3 19:41:23 UTC 2026
Cache sync 27 at Mon Aug  3 19:41:23 UTC 2026
Cache sync 28 at Mon Aug  3 19:41:23 UTC 2026
Cache sync 29 at Mon Aug  3 19:41:23 UTC 2026
Cache sync 30 at Mon Aug  3 19:41:23 UTC 2026
Cache sync 31 at Mon Aug  3 19:41:23 UTC 2026
Cache sync 32 at Mon Aug  3 19:41:23 UTC 2026
Cache sync 33 at Mon Aug  3 19:41:23 UTC 2026
Cache sync 34 at Mon Aug  3 19:41:23 UTC 2026
Cache sync 35 at Mon Aug  3 19:41:23 UTC 2026
Cache sync 36 at Mon Aug  3 19:41:23 UTC 2026
Cache sync 37 at Mon Aug  3 19:41:23 UTC 2026
Cache sync 1 at Tue Aug  4 08:42:07 UTC 2026
Cache sync 2 at Tue Aug  4 08:42:07 UTC 2026
Cache sync 3 at Tue Aug  4 08:42:07 UTC 2026
Cache sync 4 at Tue Aug  4 08:42:07 UTC 2026
Cache sync 5 at Tue Aug  4 08:42:07 UTC 2026
Cache sync 6 at Tue Aug  4 08:42:07 UTC 2026
Cache sync 7 at Tue Aug  4 08:42:07 UTC 2026
Cache sync 8 at Tue Aug  4 08:42:07 UTC 2026
Cache sync 9 at Tue Aug  4 08:42:07 UTC 2026
Cache sync 10 at Tue Aug  4 08:42:07 UTC 2026
Cache sync 11 at Tue Aug  4 08:42:07 UTC 2026
Cache sync 12 at Tue Aug  4 08:42:07 UTC 2026
Cache sync 13 at Tue Aug  4 08:42:07 UTC 2026
Cache sync 14 at Tue Aug  4 08:42:07 UTC 2026
Cache sync 15 at Tue Aug  4 08:42:07 UTC 2026
Cache sync 16 at Tue Aug  4 08:42:07 UTC 2026
Cache sync 17 at Tue Aug  4 08:42:07 UTC 2026
Cache sync 18 at Tue Aug  4 08:42:08 UTC 2026
Cache sync 19 at Tue Aug  4 08:42:08 UTC 2026
Cache sync 20 at Tue Aug  4 08:42:08 UTC 2026
Cache sync 21 at Tue Aug  4 08:42:08 UTC 2026
Cache sync 22 at Tue Aug  4 08:42:08 UTC 2026
Cache sync 23 at Tue Aug  4 08:42:08 UTC 2026
Cache sync 24 at Tue Aug  4 08:42:08 UTC 2026
Cache sync 25 at Tue Aug  4 08:42:08 UTC 2026
Cache sync 26 at Tue Aug  4 08:42:08 UTC 2026
Cache sync 27 at Tue Aug  4 08:42:08 UTC 2026
Cache sync 28 at Tue Aug  4 08:42:08 UTC 2026
Cache sync 29 at Tue Aug  4 08:42:08 UTC 2026
Cache sync 30 at Tue Aug  4 08:42:08 UTC 2026
Cache sync 31 at Tue Aug  4 08:42:08 UTC 2026
Cache sync 32 at Tue Aug  4 08:42:08 UTC 2026
Cache sync 33 at Tue Aug  4 08:42:08 UTC 2026
Cache sync 34 at Tue Aug  4 08:42:08 UTC 2026
Cache sync 35 at Tue Aug  4 08:42:08 UTC 2026
Cache sync 36 at Tue Aug  4 08:42:08 UTC 2026
Cache sync 37 at Tue Aug  4 08:42:08 UTC 2026
Cache sync 38 at Tue Aug  4 08:42:08 UTC 2026
Cache sync 39 at Tue Aug  4 08:42:08 UTC 2026
Cache sync 40 at Tue Aug  4 08:42:08 UTC 2026
Cache sync 41 at Tue Aug  4 08:42:08 UTC 2026
Cache sync 42 at Tue Aug  4 08:42:08 UTC 2026
Cache sync 43 at Tue Aug  4 08:42:08 UTC 2026
Cache sync 44 at Tue Aug  4 08:42:08 UTC 2026
Cache sync 45 at Tue Aug  4 08:42:08 UTC 2026
Cache sync 46 at Tue Aug  4 08:42:08 UTC 2026
Cache sync 47 at Tue Aug  4 08:42:08 UTC 2026
Cache sync 48 at Tue Aug  4 08:42:08 UTC 2026
Cache sync 49 at Tue Aug  4 08:42:08 UTC 2026
Cache sync 50 at Tue Aug  4 08:42:08 UTC 2026
Cache sync 51 at Tue Aug  4 08:42:08 UTC 2026
Cache sync 52 at Tue Aug  4 08:42:08 UTC 2026
Cache sync 53 at Tue Aug  4 08:42:08 UTC 2026
Cache sync 54 at Tue Aug  4 08:42:08 UTC 2026
Cache sync 55 at Tue Aug  4 08:42:08 UTC 2026
Cache sync 56 at Tue Aug  4 08:42:08 UTC 2026
Cache sync 57 at Tue Aug  4 08:42:08 UTC 2026
Cache sync 58 at Tue Aug  4 08:42:08 UTC 2026
Cache sync 59 at Tue Aug  4 08:42:08 UTC 2026
Cache sync 60 at Tue Aug  4 08:42:08 UTC 2026
Cache sync 61 at Tue Aug  4 08:42:08 UTC 2026
Cache sync 62 at Tue Aug  4 08:42:08 UTC 2026
Cache sync 63 at Tue Aug  4 08:42:08 UTC 2026
Cache sync 64 at Tue Aug  4 08:42:08 UTC 2026
Cache sync 65 at Tue Aug  4 08:42:08 UTC 2026
Cache sync 66 at Tue Aug  4 08:42:08 UTC 2026
Cache sync 67 at Tue Aug  4 08:42:08 UTC 2026
Cache sync 68 at Tue Aug  4 08:42:09 UTC 2026
Cache sync 69 at Tue Aug  4 08:42:09 UTC 2026
Cache sync 70 at Tue Aug  4 08:42:09 UTC 2026
Cache sync 71 at Tue Aug  4 08:42:09 UTC 2026
Cache sync 72 at Tue Aug  4 08:42:09 UTC 2026
Cache sync 73 at Tue Aug  4 08:42:09 UTC 2026
Cache sync 74 at Tue Aug  4 08:42:09 UTC 2026
Cache sync 75 at Tue Aug  4 08:42:09 UTC 2026
Cache sync 76 at Tue Aug  4 08:42:09 UTC 2026
Cache sync 77 at Tue Aug  4 08:42:09 UTC 2026
Cache sync 78 at Tue Aug  4 08:42:09 UTC 2026
Cache sync 79 at Tue Aug  4 08:42:09 UTC 2026
Cache sync 80 at Tue Aug  4 08:42:09 UTC 2026
Cache sync 81 at Tue Aug  4 08:42:09 UTC 2026
Cache sync 82 at Tue Aug  4 08:42:09 UTC 2026
Cache sync 1 at Tue Aug  4 14:22:42 UTC 2026
Cache sync 2 at Tue Aug  4 14:22:42 UTC 2026
Cache sync 3 at Tue Aug  4 14:22:42 UTC 2026
Cache sync 4 at Tue Aug  4 14:22:42 UTC 2026
Cache sync 5 at Tue Aug  4 14:22:42 UTC 2026
Cache sync 6 at Tue Aug  4 14:22:42 UTC 2026
Cache sync 7 at Tue Aug  4 14:22:42 UTC 2026
Cache sync 8 at Tue Aug  4 14:22:42 UTC 2026
Cache sync 9 at Tue Aug  4 14:22:42 UTC 2026
Cache sync 10 at Tue Aug  4 14:22:43 UTC 2026
Cache sync 11 at Tue Aug  4 14:22:43 UTC 2026
Cache sync 12 at Tue Aug  4 14:22:43 UTC 2026
Cache sync 13 at Tue Aug  4 14:22:43 UTC 2026
Cache sync 14 at Tue Aug  4 14:22:43 UTC 2026
Cache sync 15 at Tue Aug  4 14:22:43 UTC 2026
Cache sync 16 at Tue Aug  4 14:22:43 UTC 2026
Cache sync 17 at Tue Aug  4 14:22:43 UTC 2026
Cache sync 18 at Tue Aug  4 14:22:43 UTC 2026
Cache sync 19 at Tue Aug  4 14:22:43 UTC 2026
Cache sync 20 at Tue Aug  4 14:22:43 UTC 2026
Cache sync 21 at Tue Aug  4 14:22:43 UTC 2026
Cache sync 22 at Tue Aug  4 14:22:43 UTC 2026
Cache sync 23 at Tue Aug  4 14:22:43 UTC 2026
Cache sync 24 at Tue Aug  4 14:22:43 UTC 2026
Cache sync 25 at Tue Aug  4 14:22:43 UTC 2026
Cache sync 26 at Tue Aug  4 14:22:43 UTC 2026
Cache sync 27 at Tue Aug  4 14:22:44 UTC 2026
Cache sync 28 at Tue Aug  4 14:22:44 UTC 2026
Cache sync 29 at Tue Aug  4 14:22:44 UTC 2026
Cache sync 30 at Tue Aug  4 14:22:44 UTC 2026
Cache sync 31 at Tue Aug  4 14:22:45 UTC 2026
Cache sync 32 at Tue Aug  4 14:22:45 UTC 2026
Cache sync 33 at Tue Aug  4 14:22:45 UTC 2026
Cache sync 34 at Tue Aug  4 14:22:45 UTC 2026
Cache sync 35 at Tue Aug  4 14:22:45 UTC 2026
Cache sync 36 at Tue Aug  4 14:22:45 UTC 2026
Cache sync 37 at Tue Aug  4 14:22:45 UTC 2026
Cache sync 38 at Tue Aug  4 14:22:45 UTC 2026
Cache sync 39 at Tue Aug  4 14:22:45 UTC 2026
Cache sync 40 at Tue Aug  4 14:22:45 UTC 2026
Cache sync 41 at Tue Aug  4 14:22:45 UTC 2026
Cache sync 42 at Tue Aug  4 14:22:45 UTC 2026
Cache sync 43 at Tue Aug  4 14:22:45 UTC 2026
Cache sync 44 at Tue Aug  4 14:22:45 UTC 2026
Cache sync 45 at Tue Aug  4 14:22:45 UTC 2026
Cache sync 46 at Tue Aug  4 14:22:45 UTC 2026
Cache sync 47 at Tue Aug  4 14:22:45 UTC 2026
Cache sync 48 at Tue Aug  4 14:22:45 UTC 2026
Cache sync 49 at Tue Aug  4 14:22:45 UTC 2026
Cache sync 50 at Tue Aug  4 14:22:45 UTC 2026
Cache sync 1 at Wed Aug  5 02:46:23 UTC 2026
Cache sync 2 at Wed Aug  5 02:46:23 UTC 2026
Cache sync 3 at Wed Aug  5 02:46:23 UTC 2026
Cache sync 4 at Wed Aug  5 02:46:23 UTC 2026
Cache sync 5 at Wed Aug  5 02:46:23 UTC 2026
Cache sync 6 at Wed Aug  5 02:46:23 UTC 2026
Cache sync 7 at Wed Aug  5 02:46:23 UTC 2026
Cache sync 8 at Wed Aug  5 02:46:23 UTC 2026
Cache sync 9 at Wed Aug  5 02:46:23 UTC 2026
Cache sync 10 at Wed Aug  5 02:46:23 UTC 2026
Cache sync 11 at Wed Aug  5 02:46:23 UTC 2026
Cache sync 12 at Wed Aug  5 02:46:23 UTC 2026
Cache sync 13 at Wed Aug  5 02:46:23 UTC 2026
Cache sync 14 at Wed Aug  5 02:46:23 UTC 2026
Cache sync 15 at Wed Aug  5 02:46:23 UTC 2026
Cache sync 16 at Wed Aug  5 02:46:24 UTC 2026
Cache sync 17 at Wed Aug  5 02:46:24 UTC 2026
Cache sync 18 at Wed Aug  5 02:46:24 UTC 2026
Cache sync 19 at Wed Aug  5 02:46:24 UTC 2026
Cache sync 20 at Wed Aug  5 02:46:24 UTC 2026
Cache sync 21 at Wed Aug  5 02:46:24 UTC 2026
Cache sync 22 at Wed Aug  5 02:46:24 UTC 2026
Cache sync 23 at Wed Aug  5 02:46:24 UTC 2026
Cache sync 24 at Wed Aug  5 02:46:24 UTC 2026
Cache sync 25 at Wed Aug  5 02:46:24 UTC 2026
Cache sync 26 at Wed Aug  5 02:46:24 UTC 2026
Cache sync 27 at Wed Aug  5 02:46:24 UTC 2026
Cache sync 28 at Wed Aug  5 02:46:24 UTC 2026
Cache sync 29 at Wed Aug  5 02:46:24 UTC 2026
Cache sync 30 at Wed Aug  5 02:46:24 UTC 2026
Cache sync 31 at Wed Aug  5 02:46:24 UTC 2026
Cache sync 32 at Wed Aug  5 02:46:24 UTC 2026
Cache sync 33 at Wed Aug  5 02:46:24 UTC 2026
Cache sync 34 at Wed Aug  5 02:46:24 UTC 2026
Cache sync 35 at Wed Aug  5 02:46:24 UTC 2026
Cache sync 36 at Wed Aug  5 02:46:24 UTC 2026
Cache sync 37 at Wed Aug  5 02:46:24 UTC 2026
Cache sync 38 at Wed Aug  5 02:46:24 UTC 2026
Cache sync 39 at Wed Aug  5 02:46:24 UTC 2026
Cache sync 40 at Wed Aug  5 02:46:24 UTC 2026
Cache sync 41 at Wed Aug  5 02:46:24 UTC 2026
Cache sync 42 at Wed Aug  5 02:46:24 UTC 2026
Cache sync 43 at Wed Aug  5 02:46:24 UTC 2026
Cache sync 44 at Wed Aug  5 02:46:24 UTC 2026
Cache sync 45 at Wed Aug  5 02:46:25 UTC 2026
Cache sync 46 at Wed Aug  5 02:46:25 UTC 2026
Cache sync 47 at Wed Aug  5 02:46:25 UTC 2026
Cache sync 48 at Wed Aug  5 02:46:25 UTC 2026
Cache sync 49 at Wed Aug  5 02:46:25 UTC 2026
Cache sync 50 at Wed Aug  5 02:46:25 UTC 2026
Cache sync 51 at Wed Aug  5 02:46:25 UTC 2026
Cache sync 52 at Wed Aug  5 02:46:25 UTC 2026
Cache sync 53 at Wed Aug  5 02:46:25 UTC 2026
Cache sync 54 at Wed Aug  5 02:46:25 UTC 2026
Cache sync 55 at Wed Aug  5 02:46:25 UTC 2026
Cache sync 56 at Wed Aug  5 02:46:25 UTC 2026
Cache sync 57 at Wed Aug  5 02:46:25 UTC 2026
Cache sync 58 at Wed Aug  5 02:46:25 UTC 2026
Cache sync 59 at Wed Aug  5 02:46:25 UTC 2026
Cache sync 60 at Wed Aug  5 02:46:25 UTC 2026
Cache sync 61 at Wed Aug  5 02:46:25 UTC 2026
Cache sync 62 at Wed Aug  5 02:46:25 UTC 2026
Cache sync 63 at Wed Aug  5 02:46:25 UTC 2026
Cache sync 64 at Wed Aug  5 02:46:25 UTC 2026
Cache sync 65 at Wed Aug  5 02:46:25 UTC 2026
Cache sync 66 at Wed Aug  5 02:46:25 UTC 2026
Cache sync 67 at Wed Aug  5 02:46:25 UTC 2026
Cache sync 1 at Wed Aug  5 14:16:03 UTC 2026
Cache sync 2 at Wed Aug  5 14:16:03 UTC 2026
Cache sync 3 at Wed Aug  5 14:16:03 UTC 2026
Cache sync 4 at Wed Aug  5 14:16:04 UTC 2026
Cache sync 5 at Wed Aug  5 14:16:04 UTC 2026
Cache sync 6 at Wed Aug  5 14:16:04 UTC 2026
Cache sync 7 at Wed Aug  5 14:16:04 UTC 2026
Cache sync 8 at Wed Aug  5 14:16:04 UTC 2026
Cache sync 9 at Wed Aug  5 14:16:04 UTC 2026
Cache sync 10 at Wed Aug  5 14:16:04 UTC 2026
Cache sync 11 at Wed Aug  5 14:16:04 UTC 2026
Cache sync 12 at Wed Aug  5 14:16:04 UTC 2026
Cache sync 13 at Wed Aug  5 14:16:04 UTC 2026
Cache sync 14 at Wed Aug  5 14:16:04 UTC 2026
Cache sync 15 at Wed Aug  5 14:16:04 UTC 2026
Cache sync 16 at Wed Aug  5 14:16:04 UTC 2026
Cache sync 17 at Wed Aug  5 14:16:04 UTC 2026
Cache sync 18 at Wed Aug  5 14:16:04 UTC 2026
Cache sync 19 at Wed Aug  5 14:16:04 UTC 2026
Cache sync 20 at Wed Aug  5 14:16:04 UTC 2026
Cache sync 21 at Wed Aug  5 14:16:04 UTC 2026
Cache sync 22 at Wed Aug  5 14:16:04 UTC 2026
Cache sync 23 at Wed Aug  5 14:16:04 UTC 2026
Cache sync 1 at Wed Aug  5 19:39:33 UTC 2026
Cache sync 2 at Wed Aug  5 19:39:33 UTC 2026
Cache sync 3 at Wed Aug  5 19:39:33 UTC 2026
Cache sync 4 at Wed Aug  5 19:39:33 UTC 2026
Cache sync 5 at Wed Aug  5 19:39:33 UTC 2026
Cache sync 6 at Wed Aug  5 19:39:33 UTC 2026
Cache sync 7 at Wed Aug  5 19:39:33 UTC 2026
Cache sync 8 at Wed Aug  5 19:39:33 UTC 2026
Cache sync 9 at Wed Aug  5 19:39:33 UTC 2026
Cache sync 10 at Wed Aug  5 19:39:33 UTC 2026
Cache sync 11 at Wed Aug  5 19:39:33 UTC 2026
Cache sync 12 at Wed Aug  5 19:39:33 UTC 2026
Cache sync 13 at Wed Aug  5 19:39:33 UTC 2026
Cache sync 14 at Wed Aug  5 19:39:33 UTC 2026
Cache sync 15 at Wed Aug  5 19:39:33 UTC 2026
Cache sync 16 at Wed Aug  5 19:39:33 UTC 2026
Cache sync 17 at Wed Aug  5 19:39:33 UTC 2026
Cache sync 18 at Wed Aug  5 19:39:33 UTC 2026
Cache sync 19 at Wed Aug  5 19:39:34 UTC 2026
Cache sync 20 at Wed Aug  5 19:39:34 UTC 2026
Cache sync 21 at Wed Aug  5 19:39:34 UTC 2026
Cache sync 22 at Wed Aug  5 19:39:34 UTC 2026
Cache sync 23 at Wed Aug  5 19:39:34 UTC 2026
Cache sync 24 at Wed Aug  5 19:39:34 UTC 2026
Cache sync 25 at Wed Aug  5 19:39:34 UTC 2026
Cache sync 26 at Wed Aug  5 19:39:34 UTC 2026
Cache sync 27 at Wed Aug  5 19:39:34 UTC 2026
Cache sync 28 at Wed Aug  5 19:39:34 UTC 2026
Cache sync 29 at Wed Aug  5 19:39:34 UTC 2026
Cache sync 30 at Wed Aug  5 19:39:34 UTC 2026
Cache sync 31 at Wed Aug  5 19:39:34 UTC 2026
Cache sync 32 at Wed Aug  5 19:39:34 UTC 2026
Cache sync 33 at Wed Aug  5 19:39:34 UTC 2026
Cache sync 34 at Wed Aug  5 19:39:34 UTC 2026
Cache sync 35 at Wed Aug  5 19:39:34 UTC 2026
Cache sync 36 at Wed Aug  5 19:39:34 UTC 2026
Cache sync 37 at Wed Aug  5 19:39:34 UTC 2026
Cache sync 38 at Wed Aug  5 19:39:34 UTC 2026
Cache sync 39 at Wed Aug  5 19:39:34 UTC 2026
Cache sync 40 at Wed Aug  5 19:39:34 UTC 2026
Cache sync 41 at Wed Aug  5 19:39:34 UTC 2026
Cache sync 42 at Wed Aug  5 19:39:34 UTC 2026
Cache sync 43 at Wed Aug  5 19:39:34 UTC 2026
Cache sync 44 at Wed Aug  5 19:39:34 UTC 2026
Cache sync 45 at Wed Aug  5 19:39:34 UTC 2026
Cache sync 46 at Wed Aug  5 19:39:34 UTC 2026
Cache sync 47 at Wed Aug  5 19:39:34 UTC 2026
Cache sync 48 at Wed Aug  5 19:39:34 UTC 2026
Cache sync 49 at Wed Aug  5 19:39:34 UTC 2026
Cache sync 50 at Wed Aug  5 19:39:34 UTC 2026
Cache sync 51 at Wed Aug  5 19:39:34 UTC 2026
Cache sync 52 at Wed Aug  5 19:39:34 UTC 2026
Cache sync 53 at Wed Aug  5 19:39:34 UTC 2026
Cache sync 54 at Wed Aug  5 19:39:34 UTC 2026
Cache sync 55 at Wed Aug  5 19:39:34 UTC 2026
Cache sync 56 at Wed Aug  5 19:39:34 UTC 2026
Cache sync 57 at Wed Aug  5 19:39:34 UTC 2026
Cache sync 58 at Wed Aug  5 19:39:34 UTC 2026
Cache sync 59 at Wed Aug  5 19:39:34 UTC 2026
Cache sync 60 at Wed Aug  5 19:39:34 UTC 2026
Cache sync 61 at Wed Aug  5 19:39:34 UTC 2026
Cache sync 62 at Wed Aug  5 19:39:34 UTC 2026
Cache sync 63 at Wed Aug  5 19:39:35 UTC 2026
Cache sync 64 at Wed Aug  5 19:39:35 UTC 2026
Cache sync 65 at Wed Aug  5 19:39:35 UTC 2026
Cache sync 66 at Wed Aug  5 19:39:35 UTC 2026
Cache sync 67 at Wed Aug  5 19:39:35 UTC 2026
Cache sync 68 at Wed Aug  5 19:39:35 UTC 2026
Cache sync 69 at Wed Aug  5 19:39:35 UTC 2026
Cache sync 70 at Wed Aug  5 19:39:36 UTC 2026
Cache sync 71 at Wed Aug  5 19:39:36 UTC 2026
Cache sync 72 at Wed Aug  5 19:39:36 UTC 2026
Cache sync 73 at Wed Aug  5 19:39:36 UTC 2026
Cache sync 74 at Wed Aug  5 19:39:36 UTC 2026
Cache sync 75 at Wed Aug  5 19:39:36 UTC 2026
Cache sync 76 at Wed Aug  5 19:39:36 UTC 2026
Cache sync 77 at Wed Aug  5 19:39:36 UTC 2026
Cache sync 78 at Wed Aug  5 19:39:36 UTC 2026
Cache sync 79 at Wed Aug  5 19:39:36 UTC 2026
Cache sync 80 at Wed Aug  5 19:39:36 UTC 2026
Cache sync 1 at Thu Aug  6 02:49:19 UTC 2026
Cache sync 2 at Thu Aug  6 02:49:19 UTC 2026
Cache sync 3 at Thu Aug  6 02:49:19 UTC 2026
Cache sync 4 at Thu Aug  6 02:49:19 UTC 2026
Cache sync 5 at Thu Aug  6 02:49:19 UTC 2026
Cache sync 1 at Thu Aug  6 08:41:35 UTC 2026
Cache sync 2 at Thu Aug  6 08:41:35 UTC 2026
Cache sync 3 at Thu Aug  6 08:41:35 UTC 2026
Cache sync 4 at Thu Aug  6 08:41:35 UTC 2026
Cache sync 5 at Thu Aug  6 08:41:35 UTC 2026
Cache sync 6 at Thu Aug  6 08:41:35 UTC 2026
Cache sync 7 at Thu Aug  6 08:41:35 UTC 2026
Cache sync 8 at Thu Aug  6 08:41:35 UTC 2026
Cache sync 9 at Thu Aug  6 08:41:35 UTC 2026
Cache sync 10 at Thu Aug  6 08:41:35 UTC 2026
Cache sync 11 at Thu Aug  6 08:41:35 UTC 2026
Cache sync 12 at Thu Aug  6 08:41:35 UTC 2026
Cache sync 13 at Thu Aug  6 08:41:35 UTC 2026
Cache sync 14 at Thu Aug  6 08:41:36 UTC 2026
Cache sync 15 at Thu Aug  6 08:41:36 UTC 2026
Cache sync 16 at Thu Aug  6 08:41:36 UTC 2026
Cache sync 17 at Thu Aug  6 08:41:36 UTC 2026
Cache sync 18 at Thu Aug  6 08:41:36 UTC 2026
Cache sync 19 at Thu Aug  6 08:41:36 UTC 2026
Cache sync 20 at Thu Aug  6 08:41:36 UTC 2026
Cache sync 21 at Thu Aug  6 08:41:36 UTC 2026
Cache sync 22 at Thu Aug  6 08:41:36 UTC 2026
Cache sync 23 at Thu Aug  6 08:41:36 UTC 2026
Cache sync 24 at Thu Aug  6 08:41:36 UTC 2026
Cache sync 25 at Thu Aug  6 08:41:36 UTC 2026
Cache sync 26 at Thu Aug  6 08:41:36 UTC 2026
Cache sync 27 at Thu Aug  6 08:41:36 UTC 2026
Cache sync 28 at Thu Aug  6 08:41:36 UTC 2026
Cache sync 29 at Thu Aug  6 08:41:36 UTC 2026
Cache sync 30 at Thu Aug  6 08:41:36 UTC 2026
Cache sync 31 at Thu Aug  6 08:41:36 UTC 2026
Cache sync 32 at Thu Aug  6 08:41:36 UTC 2026
Cache sync 33 at Thu Aug  6 08:41:36 UTC 2026
Cache sync 34 at Thu Aug  6 08:41:36 UTC 2026
Cache sync 35 at Thu Aug  6 08:41:36 UTC 2026
Cache sync 36 at Thu Aug  6 08:41:36 UTC 2026
Cache sync 37 at Thu Aug  6 08:41:36 UTC 2026
Cache sync 38 at Thu Aug  6 08:41:36 UTC 2026
Cache sync 39 at Thu Aug  6 08:41:36 UTC 2026
Cache sync 40 at Thu Aug  6 08:41:36 UTC 2026
Cache sync 41 at Thu Aug  6 08:41:36 UTC 2026
Cache sync 42 at Thu Aug  6 08:41:36 UTC 2026
Cache sync 43 at Thu Aug  6 08:41:36 UTC 2026
Cache sync 44 at Thu Aug  6 08:41:36 UTC 2026
Cache sync 45 at Thu Aug  6 08:41:36 UTC 2026
Cache sync 46 at Thu Aug  6 08:41:36 UTC 2026
Cache sync 47 at Thu Aug  6 08:41:36 UTC 2026
Cache sync 48 at Thu Aug  6 08:41:36 UTC 2026
Cache sync 49 at Thu Aug  6 08:41:36 UTC 2026
Cache sync 50 at Thu Aug  6 08:41:36 UTC 2026
Cache sync 51 at Thu Aug  6 08:41:36 UTC 2026
Cache sync 52 at Thu Aug  6 08:41:36 UTC 2026
Cache sync 53 at Thu Aug  6 08:41:37 UTC 2026
Cache sync 54 at Thu Aug  6 08:41:37 UTC 2026
Cache sync 55 at Thu Aug  6 08:41:37 UTC 2026
Cache sync 56 at Thu Aug  6 08:41:37 UTC 2026
Cache sync 57 at Thu Aug  6 08:41:37 UTC 2026
Cache sync 58 at Thu Aug  6 08:41:37 UTC 2026
Cache sync 59 at Thu Aug  6 08:41:37 UTC 2026
Cache sync 60 at Thu Aug  6 08:41:37 UTC 2026
Cache sync 61 at Thu Aug  6 08:41:37 UTC 2026
Cache sync 62 at Thu Aug  6 08:41:37 UTC 2026
Cache sync 63 at Thu Aug  6 08:41:37 UTC 2026
Cache sync 64 at Thu Aug  6 08:41:37 UTC 2026
Cache sync 65 at Thu Aug  6 08:41:37 UTC 2026
Cache sync 66 at Thu Aug  6 08:41:38 UTC 2026
Cache sync 67 at Thu Aug  6 08:41:38 UTC 2026
Cache sync 68 at Thu Aug  6 08:41:38 UTC 2026
Cache sync 69 at Thu Aug  6 08:41:38 UTC 2026
Cache sync 70 at Thu Aug  6 08:41:38 UTC 2026
Cache sync 71 at Thu Aug  6 08:41:38 UTC 2026
Cache sync 72 at Thu Aug  6 08:41:38 UTC 2026
Cache sync 73 at Thu Aug  6 08:41:38 UTC 2026
Cache sync 74 at Thu Aug  6 08:41:38 UTC 2026
Cache sync 75 at Thu Aug  6 08:41:38 UTC 2026
Cache sync 76 at Thu Aug  6 08:41:38 UTC 2026
Cache sync 77 at Thu Aug  6 08:41:38 UTC 2026
Cache sync 78 at Thu Aug  6 08:41:38 UTC 2026
Cache sync 79 at Thu Aug  6 08:41:38 UTC 2026
Cache sync 1 at Thu Aug  6 14:19:40 UTC 2026
Cache sync 2 at Thu Aug  6 14:19:40 UTC 2026
Cache sync 3 at Thu Aug  6 14:19:40 UTC 2026
Cache sync 4 at Thu Aug  6 14:19:40 UTC 2026
Cache sync 5 at Thu Aug  6 14:19:40 UTC 2026
Cache sync 6 at Thu Aug  6 14:19:40 UTC 2026
Cache sync 7 at Thu Aug  6 14:19:40 UTC 2026
Cache sync 8 at Thu Aug  6 14:19:40 UTC 2026
Cache sync 9 at Thu Aug  6 14:19:40 UTC 2026
Cache sync 10 at Thu Aug  6 14:19:40 UTC 2026
Cache sync 11 at Thu Aug  6 14:19:40 UTC 2026
Cache sync 12 at Thu Aug  6 14:19:40 UTC 2026
Cache sync 13 at Thu Aug  6 14:19:40 UTC 2026
Cache sync 14 at Thu Aug  6 14:19:40 UTC 2026
Cache sync 15 at Thu Aug  6 14:19:40 UTC 2026
Cache sync 16 at Thu Aug  6 14:19:40 UTC 2026
Cache sync 17 at Thu Aug  6 14:19:40 UTC 2026
Cache sync 18 at Thu Aug  6 14:19:40 UTC 2026
Cache sync 19 at Thu Aug  6 14:19:40 UTC 2026
Cache sync 20 at Thu Aug  6 14:19:40 UTC 2026
Cache sync 21 at Thu Aug  6 14:19:40 UTC 2026
Cache sync 22 at Thu Aug  6 14:19:40 UTC 2026
Cache sync 23 at Thu Aug  6 14:19:40 UTC 2026
Cache sync 24 at Thu Aug  6 14:19:40 UTC 2026
Cache sync 25 at Thu Aug  6 14:19:40 UTC 2026
Cache sync 26 at Thu Aug  6 14:19:40 UTC 2026
Cache sync 27 at Thu Aug  6 14:19:40 UTC 2026
Cache sync 28 at Thu Aug  6 14:19:40 UTC 2026
Cache sync 29 at Thu Aug  6 14:19:41 UTC 2026
Cache sync 30 at Thu Aug  6 14:19:41 UTC 2026
Cache sync 31 at Thu Aug  6 14:19:41 UTC 2026
Cache sync 32 at Thu Aug  6 14:19:41 UTC 2026
Cache sync 33 at Thu Aug  6 14:19:41 UTC 2026
Cache sync 34 at Thu Aug  6 14:19:41 UTC 2026
Cache sync 35 at Thu Aug  6 14:19:41 UTC 2026
Cache sync 36 at Thu Aug  6 14:19:41 UTC 2026
Cache sync 37 at Thu Aug  6 14:19:41 UTC 2026
Cache sync 38 at Thu Aug  6 14:19:41 UTC 2026
Cache sync 39 at Thu Aug  6 14:19:41 UTC 2026
Cache sync 40 at Thu Aug  6 14:19:41 UTC 2026
Cache sync 41 at Thu Aug  6 14:19:41 UTC 2026
Cache sync 42 at Thu Aug  6 14:19:41 UTC 2026
Cache sync 43 at Thu Aug  6 14:19:41 UTC 2026
Cache sync 44 at Thu Aug  6 14:19:41 UTC 2026
Cache sync 45 at Thu Aug  6 14:19:41 UTC 2026
Cache sync 46 at Thu Aug  6 14:19:41 UTC 2026
Cache sync 47 at Thu Aug  6 14:19:41 UTC 2026
Cache sync 48 at Thu Aug  6 14:19:41 UTC 2026
Cache sync 49 at Thu Aug  6 14:19:41 UTC 2026
Cache sync 50 at Thu Aug  6 14:19:41 UTC 2026
Cache sync 51 at Thu Aug  6 14:19:41 UTC 2026
Cache sync 52 at Thu Aug  6 14:19:41 UTC 2026
Cache sync 53 at Thu Aug  6 14:19:41 UTC 2026
Cache sync 54 at Thu Aug  6 14:19:41 UTC 2026
Cache sync 55 at Thu Aug  6 14:19:41 UTC 2026
Cache sync 56 at Thu Aug  6 14:19:41 UTC 2026
Cache sync 1 at Fri Aug  7 00:04:33 UTC 2026
